"# One row per (FLW, cohort) Connect enrolment: the funnel's denominator."
"# Includes FLWs invited but never interviewed, who have no session row."
flw_id,cohort_id,invited_date,user_invite_status,date_learn_started,completed_learn_date,date_claimed
FLW_b244c86d,01TRS,2026-04-01T12:35:10.204397Z,accepted,2026-04-01T12:36:25.320114Z,2026-04-01T14:31:45.185000Z,2026-04-01
FLW_e4bb3cf3,01TRS,2026-04-01T12:35:10.172079Z,accepted,2026-04-01T12:36:06.218094Z,2026-04-01T12:57:42.718000Z,2026-04-01
FLW_6c7fd496,01TRS,2026-04-01T12:35:10.339229Z,accepted,2026-04-01T12:38:56.964216Z,2026-04-01T13:06:22.280000Z,2026-04-01
FLW_9b9525fe,01TRS,2026-04-01T12:35:10.434126Z,accepted,2026-04-01T12:41:40.603889Z,2026-04-01T12:57:31.600000Z,2026-04-01
FLW_fbaaf05a,01TRS,2026-04-01T12:35:10.068267Z,accepted,2026-04-01T12:44:44.785274Z,2026-04-01T13:08:28.724000Z,2026-04-01
FLW_b4adda96,01TRS,2026-04-01T12:35:10.568327Z,accepted,2026-04-01T12:44:54.675166Z,2026-04-01T13:13:07.221000Z,2026-04-01
FLW_9c2b73bc,01TRS,2026-04-01T12:35:10.469551Z,accepted,2026-04-01T12:44:04.017479Z,2026-04-01T14:32:01.663000Z,2026-04-01
FLW_f885c2da,01TRS,2026-04-01T12:35:10.137131Z,accepted,2026-04-01T12:36:06.163999Z,2026-04-01T12:58:28.833000Z,2026-04-01
FLW_d0e93923,01TRS,2026-04-01T12:35:10.235815Z,accepted,2026-04-01T12:39:55.801325Z,2026-04-01T13:08:48.973000Z,2026-04-03
FLW_14cb2166,01TRS,2026-04-01T12:35:10.368480Z,accepted,2026-04-01T12:39:11.877702Z,2026-04-01T12:53:48.118000Z,2026-04-01
FLW_4a2aea26,01TRS,2026-04-01T12:35:10.271299Z,accepted,2026-04-01T12:39:35.294218Z,2026-04-01T12:58:10.551000Z,2026-04-01
FLW_c903a884,01TRS,2026-04-01T12:35:10.306314Z,accepted,2026-04-01T12:39:11.063551Z,2026-04-01T13:10:41.956000Z,2026-04-01
FLW_084bb39e,01TRS,2026-04-01T12:35:09.986157Z,accepted,2026-04-01T12:36:16.811661Z,2026-04-01T12:57:04.395000Z,2026-04-01
FLW_4fda5c53,01TRS,2026-04-01T12:35:09.924535Z,accepted,2026-04-01T12:35:43.212181Z,2026-04-01T12:56:04.134000Z,2026-04-01
FLW_2d0de65b,01TRS,2026-04-01T12:35:10.399239Z,accepted,2026-04-01T12:36:12.531007Z,2026-04-01T12:52:33.811000Z,2026-04-01
FLW_d094d37c,01TRS,2026-04-01T12:35:10.533944Z,accepted,2026-04-01T12:39:22.102096Z,2026-04-01T13:18:39.485000Z,2026-04-01
FLW_bff8d706,01TRS,2026-04-01T14:25:55.369505Z,accepted,2026-04-01T14:30:14.287475Z,2026-04-01T14:40:46.280000Z,2026-04-01
FLW_f75a8ccc,01TRS,2026-04-01T12:35:10.027856Z,accepted,2026-04-01T12:36:34.582249Z,2026-04-01T12:48:11.679000Z,2026-04-01
FLW_a4b8849a,01TRS,2026-04-01T15:17:32.908054Z,accepted,2026-04-01T15:17:52.289225Z,2026-04-01T15:24:15.598000Z,2026-04-01
FLW_de11d5f8,01TRS,2026-04-01T12:51:32.873302Z,accepted,2026-04-01T12:52:38.567149Z,2026-04-01T12:59:51.942000Z,2026-04-01
FLW_fc347ef7,01TRS,2026-04-01T12:51:32.823377Z,accepted,2026-04-01T12:59:11.978083Z,2026-04-01T13:14:53.597000Z,2026-04-01
FLW_d94b889a,01TRS,2026-04-02T12:48:43.113788Z,accepted,2026-04-02T12:49:04.548717Z,2026-04-02T13:11:13.313000Z,2026-04-02
FLW_48ae1d42,01TRS,2026-04-02T12:39:44.338314Z,accepted,2026-04-02T12:40:06.997739Z,2026-04-02T12:55:54.837000Z,2026-04-02
FLW_6de54ed5,01TRS,2026-04-01T13:49:58.652414Z,accepted,2026-04-01T13:55:32.408137Z,2026-04-01T14:14:19.963000Z,2026-04-01
FLW_c673c8a1,01TRS,2026-04-01T13:49:58.727408Z,accepted,2026-04-01T14:00:14.447911Z,2026-04-01T14:06:07.823000Z,2026-04-01
FLW_3441d420,01TRS,2026-04-01T13:49:58.536729Z,accepted,2026-04-01T13:50:20.887643Z,2026-04-01T13:57:04.557000Z,2026-04-01
FLW_3f346f5f,01TRS,2026-04-01T13:49:58.592370Z,accepted,2026-04-01T13:50:25.784488Z,2026-04-01T14:01:43.115000Z,2026-04-01
FLW_c6123f7b,01TRS,2026-04-01T13:49:58.689547Z,accepted,2026-04-01T13:52:59.997451Z,2026-04-01T14:04:07.469000Z,2026-04-01
FLW_ee60dc76,01TRS,2026-04-01T12:35:10.501203Z,accepted,2026-04-01T12:39:12.282656Z,2026-04-01T13:35:10.140000Z,2026-04-01
FLW_e886e463,01TRS,2026-04-01T14:12:17.899302Z,accepted,2026-04-02T14:29:56.666135Z,2026-04-02T14:51:22.591000Z,2026-04-02
FLW_08ec89ee,01TRS,2026-04-01T14:12:17.861118Z,sms_delivered,,,
FLW_c21513b4,02TRS,2026-04-02T13:39:40.405125Z,accepted,2026-04-02T13:43:26.721964Z,2026-04-02T14:03:25.004000Z,2026-04-02
FLW_c86561c3,02TRS,2026-04-02T13:39:40.564430Z,accepted,2026-04-02T13:41:00.727071Z,2026-04-02T14:01:56.024000Z,2026-04-02
FLW_c087a3ed,02TRS,2026-04-02T13:39:40.718034Z,accepted,2026-04-02T13:42:44.923073Z,2026-04-02T14:08:44.792000Z,2026-04-02
FLW_cd303d7b,02TRS,2026-04-02T13:39:40.620676Z,accepted,2026-04-02T13:43:35.979228Z,2026-04-02T14:01:24.312000Z,2026-04-02
FLW_200b7e0c,02TRS,2026-04-02T13:39:40.450297Z,accepted,2026-04-02T13:41:59.219299Z,2026-04-02T13:55:57.927000Z,2026-04-02
FLW_69221606,02TRS,2026-04-02T13:39:40.478780Z,sms_not_delivered,,,
FLW_2adc93c8,02TRS,2026-04-02T13:39:40.781167Z,accepted,2026-04-02T13:42:12.675587Z,2026-04-02T14:06:17.344000Z,2026-04-02
FLW_dd709529,02TRS,2026-04-02T13:39:40.685214Z,accepted,2026-04-02T13:40:55.291534Z,2026-04-02T14:11:26.637000Z,2026-04-02
FLW_63705f20,02TRS,2026-04-02T13:39:40.650105Z,accepted,2026-04-02T13:40:12.116893Z,2026-04-02T13:50:35.463000Z,2026-04-02
FLW_cc266b42,02TRS,2026-04-02T13:39:40.535532Z,accepted,2026-04-02T13:51:50.454126Z,2026-04-02T14:12:50.054000Z,2026-04-02
FLW_9d4fe26d,02TRS,2026-04-02T13:39:40.812163Z,accepted,2026-04-02T13:41:11.202967Z,2026-04-02T14:08:11.571000Z,2026-04-02
FLW_80cddf28,02TRS,2026-04-02T13:39:40.874044Z,accepted,2026-04-02T13:41:28.523934Z,2026-04-02T13:54:44.432000Z,2026-04-02
FLW_43ebf299,02TRS,2026-04-02T13:39:40.748918Z,accepted,2026-04-02T13:40:41.603301Z,2026-04-02T14:03:39.670000Z,2026-04-02
FLW_95bf583c,02TRS,2026-04-02T13:39:40.593057Z,accepted,2026-04-02T13:42:46.744121Z,2026-04-02T13:54:58.582000Z,2026-04-02
FLW_ef8f6d44,02TRS,2026-04-02T13:39:40.506158Z,accepted,2026-04-02T13:40:10.093728Z,2026-04-02T14:35:37.268000Z,2026-04-02
FLW_2b533135,02TRS,2026-04-02T13:39:40.842306Z,accepted,2026-04-02T13:42:51.252780Z,2026-04-02T14:02:46.409000Z,2026-04-02
FLW_d52ffe66,02TRS,2026-04-02T13:39:40.906044Z,accepted,2026-04-09T20:17:55.896296Z,2026-04-09T20:42:10.989000Z,2026-04-09
FLW_77122cb3,02TRS,2026-04-02T13:44:35.929937Z,accepted,2026-04-02T13:45:02.708700Z,2026-04-02T14:05:22.437000Z,2026-04-02
FLW_b05d9382,02TRS,2026-04-02T13:57:27.652859Z,accepted,2026-04-02T13:58:21.543616Z,2026-04-02T14:14:27.750000Z,2026-04-02
FLW_41928151,02TRS,2026-04-02T14:33:58.464407Z,accepted,2026-04-02T14:34:16.360741Z,2026-04-02T14:38:58.015000Z,2026-04-02
FLW_76d57199,02TRS,2026-04-02T14:44:28.926502Z,accepted,2026-04-02T14:54:00.526036Z,2026-04-02T15:04:28.417000Z,2026-04-02
FLW_ec384538,02TRS,2026-04-02T14:48:03.416626Z,accepted,2026-04-02T15:00:19.981062Z,2026-04-02T15:06:54.209000Z,2026-04-02
FLW_d27879d1,02TRS,2026-04-02T14:49:00.706132Z,accepted,2026-04-02T14:50:05.012821Z,2026-04-02T14:59:14.137000Z,2026-04-02
FLW_f6e87987,02TRS,2026-04-02T14:55:14.892151Z,accepted,2026-04-02T14:58:15.224140Z,2026-04-02T15:06:39.625000Z,2026-04-02
FLW_e820f6dc,02TRS,2026-04-02T15:28:23.480010Z,accepted,2026-04-02T15:29:11.305190Z,2026-04-02T15:35:36.843000Z,2026-04-02
FLW_b263e2ab,02TRS,2026-04-02T15:28:23.534924Z,accepted,2026-04-02T15:29:14.548461Z,2026-04-02T15:35:36.192000Z,2026-04-02
FLW_f850894b,02TRS,2026-04-03T10:12:42.707612Z,accepted,2026-04-03T10:15:02.742500Z,2026-04-03T11:24:16.120000Z,2026-04-03
FLW_6d9feff9,03TRS,2026-04-08T12:54:41.490647Z,accepted,2026-04-08T13:15:46.600560Z,2026-04-08T13:54:31.768000Z,2026-04-08
FLW_3ef5a2ea,03TRS,2026-04-07T11:08:10.458036Z,accepted,2026-04-07T12:19:08.946454Z,2026-04-07T14:17:48.783000Z,2026-04-07
FLW_639cb5f4,03TRS,2026-04-08T16:08:50.014054Z,accepted,2026-04-08T16:09:12.688584Z,2026-04-08T16:17:30.496000Z,2026-04-08
FLW_9d8746a9,03TRS,2026-04-07T12:07:55.867889Z,accepted,2026-04-07T12:26:44.639835Z,2026-04-07T12:31:37.909000Z,2026-04-07
FLW_d71f45b3,03TRS,2026-04-07T12:07:55.894218Z,accepted,2026-04-07T12:12:41.328165Z,2026-04-07T14:16:50.215000Z,2026-04-07
FLW_d9cb6f5b,03TRS,2026-04-07T12:07:55.628050Z,accepted,2026-04-07T12:09:06.615736Z,2026-04-07T12:19:50.122000Z,2026-04-10
FLW_1d2d91bd,03TRS,2026-04-07T12:07:55.534024Z,accepted,2026-04-07T12:09:55.354568Z,2026-04-07T12:28:34.372000Z,2026-04-07
FLW_4ee2737c,03TRS,2026-04-07T12:07:55.807557Z,accepted,2026-04-07T12:10:00.313354Z,2026-04-07T12:30:00.786000Z,2026-04-07
FLW_4665f16a,03TRS,2026-04-07T12:07:55.777660Z,accepted,2026-04-07T12:10:43.023627Z,2026-04-07T12:19:27.297000Z,2026-04-07
FLW_ef015305,03TRS,2026-04-07T12:07:55.751177Z,accepted,2026-04-07T12:12:44.919019Z,2026-04-07T14:16:06.738000Z,2026-04-07
FLW_0f9c4935,03TRS,2026-04-07T12:07:55.277189Z,accepted,2026-04-07T12:08:28.342463Z,2026-04-07T14:43:33.604000Z,2026-04-07
FLW_d926c23c,03TRS,2026-04-07T12:07:55.309842Z,accepted,2026-04-07T12:08:28.420496Z,2026-04-07T12:22:30.512000Z,2026-04-07
FLW_54b9f73b,03TRS,2026-04-07T12:07:55.503141Z,accepted,2026-04-07T12:11:09.939914Z,2026-04-07T14:32:40.634000Z,2026-04-07
FLW_a10163e6,03TRS,2026-04-07T12:07:55.838618Z,accepted,2026-04-07T12:11:09.941373Z,2026-04-07T14:30:11.553000Z,2026-04-07
FLW_1e3c36a2,03TRS,2026-04-07T12:07:55.377761Z,accepted,2026-04-07T12:13:39.885373Z,2026-04-07T12:42:51.966000Z,2026-04-07
FLW_d2d6f194,03TRS,2026-04-07T12:07:55.722040Z,accepted,2026-04-07T12:11:51.246152Z,2026-04-07T12:25:56.972000Z,2026-04-07
FLW_66f6dc70,03TRS,2026-04-07T12:07:55.471983Z,accepted,2026-04-07T12:12:03.890916Z,2026-04-07T14:13:49.878000Z,2026-04-07
FLW_0b405793,03TRS,2026-04-07T12:07:55.441672Z,accepted,2026-04-07T12:13:41.395228Z,2026-04-07T14:32:48.429000Z,2026-04-07
FLW_06eca765,03TRS,2026-04-07T12:07:55.344839Z,accepted,2026-04-07T12:13:46.980722Z,2026-04-07T14:31:58.728000Z,2026-04-07
FLW_8c9b4c6b,03TRS,2026-04-07T12:07:55.595630Z,accepted,2026-04-07T12:13:48.100824Z,2026-04-07T12:43:46.731000Z,2026-04-07
FLW_97314be2,03TRS,2026-04-07T12:07:55.409513Z,accepted,2026-04-07T12:14:01.734702Z,2026-04-07T12:21:48.991000Z,2026-04-07
FLW_7a91b233,03TRS,2026-04-07T12:07:55.689761Z,accepted,2026-04-07T12:14:23.091620Z,2026-04-07T13:22:11.659000Z,2026-04-07
FLW_12ac24df,03TRS,2026-04-07T12:07:55.660215Z,accepted,2026-04-07T12:15:56.574870Z,2026-04-07T14:28:53.807000Z,2026-04-07
FLW_a6032662,03TRS,2026-04-07T12:07:55.565890Z,accepted,2026-04-07T12:08:28.975503Z,2026-04-07T12:39:05.038000Z,2026-04-07
FLW_ed444ffd,03TRS,2026-04-07T13:56:14.946593Z,accepted,2026-04-07T14:17:27.581451Z,2026-04-07T14:27:26.306000Z,2026-04-07
FLW_410c20f9,04TRS,2026-04-13T11:46:07.451849Z,accepted,2026-04-13T11:53:32.152681Z,2026-04-13T12:27:25.579000Z,2026-04-13
FLW_f7d55714,04TRS,2026-04-13T11:46:07.514260Z,accepted,2026-04-13T11:55:51.098978Z,2026-04-13T13:28:35.097000Z,2026-04-13
FLW_6534f624,04TRS,2026-04-13T11:46:08.058844Z,accepted,2026-04-13T11:53:51.409582Z,2026-04-13T12:27:25.446000Z,2026-04-13
FLW_68314f55,04TRS,2026-04-13T11:46:07.388172Z,accepted,2026-04-13T11:54:04.758206Z,2026-04-13T12:34:21.250000Z,2026-04-13
FLW_80dcef70,04TRS,2026-04-13T11:46:08.025829Z,accepted,2026-04-13T11:54:40.749227Z,2026-04-13T12:30:08.843000Z,2026-04-13
FLW_5c3a45c3,04TRS,2026-04-13T11:46:07.604546Z,accepted,2026-04-13T11:47:45.572787Z,2026-04-13T12:29:59.295000Z,2026-04-13
FLW_2f8f6aaf,04TRS,2026-04-13T11:46:07.717665Z,accepted,2026-04-13T11:47:45.588581Z,2026-04-13T12:29:03.843000Z,2026-04-13
FLW_1331d12f,04TRS,2026-04-13T11:46:07.659646Z,accepted,2026-04-13T11:47:46.742004Z,2026-04-13T12:27:24.661000Z,2026-04-13
FLW_18c27d66,04TRS,2026-04-13T11:46:07.953204Z,accepted,2026-04-13T11:47:49.583891Z,2026-04-13T12:30:55.107000Z,2026-04-13
FLW_08629afa,04TRS,2026-04-13T11:46:08.177328Z,accepted,2026-04-13T11:47:52.491773Z,2026-04-13T12:32:38.912000Z,2026-04-13
FLW_0554cd3d,04TRS,2026-04-13T11:46:07.895391Z,accepted,2026-04-13T11:54:52.751929Z,2026-04-13T12:29:22.567000Z,2026-04-13
FLW_c41a16e6,04TRS,2026-04-13T11:46:07.921764Z,accepted,2026-04-13T11:57:38.056864Z,2026-04-13T12:28:35.713000Z,2026-04-13
FLW_e7cc979a,04TRS,2026-04-13T11:46:07.634153Z,accepted,2026-04-13T11:49:18.582599Z,2026-04-13T12:27:02.226000Z,2026-04-13
FLW_fa48c09d,04TRS,2026-04-13T11:46:07.573717Z,accepted,2026-04-13T11:49:48.603273Z,2026-04-13T12:26:13.170000Z,2026-04-13
FLW_d9f79b24,04TRS,2026-04-13T11:46:07.328249Z,accepted,2026-04-13T11:49:50.717096Z,2026-04-13T12:29:29.754000Z,2026-04-13
FLW_0ad510b2,04TRS,2026-04-13T11:46:07.743973Z,accepted,2026-04-13T11:50:24.349055Z,2026-04-13T12:24:52.984000Z,2026-04-13
FLW_fcdee7fa,04TRS,2026-04-13T11:46:07.687889Z,accepted,2026-04-13T12:00:30.326427Z,2026-04-13T12:30:17.460000Z,2026-04-13
FLW_939f09f1,04TRS,2026-04-13T11:46:07.993440Z,accepted,2026-04-13T11:52:10.081768Z,2026-04-13T12:26:43.119000Z,2026-04-13
FLW_ba55fd37,04TRS,2026-04-13T11:46:07.773430Z,accepted,2026-04-13T11:52:12.176250Z,2026-04-13T12:25:57.948000Z,2026-04-13
FLW_7f914833,04TRS,2026-04-13T11:46:07.833383Z,accepted,2026-04-13T11:52:24.430120Z,2026-04-13T12:25:39.161000Z,2026-04-13
FLW_d723c321,04TRS,2026-04-13T11:46:08.147794Z,accepted,2026-04-13T11:52:46.215824Z,2026-04-13T12:28:37.723000Z,2026-04-13
FLW_2df30ff9,04TRS,2026-04-13T11:46:07.542429Z,accepted,2026-04-13T11:53:14.898003Z,2026-04-13T12:30:22.655000Z,2026-04-13
FLW_676d7dc0,04TRS,2026-04-13T11:46:07.483868Z,accepted,2026-04-13T11:53:22.220102Z,2026-04-13T12:32:35.164000Z,2026-04-13
FLW_d6f644ff,04TRS,2026-04-13T11:46:08.088086Z,accepted,2026-04-13T11:53:24.497691Z,2026-04-13T12:27:46.091000Z,2026-04-13
FLW_e27183f4,04TRS,2026-04-13T11:46:07.863644Z,accepted,2026-04-13T12:01:27.356947Z,2026-04-13T12:27:50.281000Z,2026-04-13
FLW_567183ed,04TRS,2026-04-13T11:46:08.117714Z,accepted,2026-04-13T12:02:46.558721Z,2026-04-13T12:29:38.034000Z,2026-04-13
FLW_bda060eb,04TRS,2026-04-13T11:46:07.421877Z,accepted,2026-04-13T12:03:17.570270Z,2026-04-13T12:28:08.755000Z,2026-04-13
FLW_e29b09c7,04TRS,2026-04-13T11:46:07.802640Z,accepted,2026-04-13T12:04:17.789556Z,2026-04-13T12:28:19.795000Z,2026-04-13
FLW_4ad95544,04TRS,2026-04-13T12:08:56.589978Z,accepted,2026-04-13T12:10:44.364836Z,2026-04-13T12:28:30.655000Z,2026-04-13
FLW_7c765cbe,04TRS,2026-04-14T12:28:06.713545Z,accepted,2026-04-14T12:30:39.123031Z,2026-04-14T12:46:55.805000Z,2026-04-14
FLW_1506098f,04TRS,2026-04-13T13:33:44.997769Z,accepted,2026-04-13T13:34:05.809593Z,2026-04-13T13:41:55.057000Z,2026-04-13
FLW_9d37181c,04TRS,2026-04-13T13:33:44.954797Z,accepted,2026-04-13T13:34:12.944118Z,2026-04-13T13:40:27.205000Z,2026-04-13
FLW_c6642c2c,04TRS,2026-04-13T13:33:45.047822Z,accepted,2026-04-13T13:34:35.706158Z,2026-04-13T13:43:53.177000Z,2026-04-13
FLW_31811430,05TRS,2026-04-13T09:48:13.346933Z,accepted,2026-04-13T13:01:36.272111Z,2026-04-13T13:31:38.981000Z,2026-04-13
FLW_ca1f921b,05TRS,2026-04-13T09:58:25.362570Z,accepted,2026-04-13T10:47:35.615639Z,2026-04-13T13:31:38.450000Z,2026-04-13
FLW_d7f29e6b,05TRS,2026-04-13T10:01:43.328959Z,accepted,2026-04-13T10:10:25.427670Z,2026-04-13T13:31:37.898000Z,2026-04-13
FLW_d8266d6d,05TRS,2026-04-13T10:03:16.274691Z,accepted,2026-04-13T10:05:08.643233Z,2026-04-13T13:31:38.479000Z,2026-04-13
FLW_ffe755a9,05TRS,2026-04-13T10:06:52.326527Z,accepted,2026-04-13T10:08:49.068855Z,2026-04-13T13:30:48.582000Z,2026-04-13
FLW_86c14030,05TRS,2026-04-13T10:15:59.018328Z,accepted,2026-04-13T10:17:01.669258Z,2026-04-13T13:31:39.478000Z,2026-04-13
FLW_3f28c1ce,05TRS,2026-04-14T08:39:14.310102Z,accepted,2026-04-16T20:29:19.083405Z,2026-04-16T20:41:44.311000Z,2026-04-23
FLW_e201afb3,05TRS,2026-04-13T10:29:54.152066Z,accepted,2026-04-13T10:41:29.461516Z,2026-04-13T13:31:39.064000Z,2026-04-13
FLW_cc45b5ef,05TRS,2026-04-13T10:52:18.049087Z,accepted,2026-04-13T12:17:56.099600Z,2026-04-13T13:31:39.701000Z,2026-04-13
FLW_e3365061,05TRS,2026-04-13T10:56:13.754230Z,accepted,2026-04-13T10:57:10.989653Z,2026-04-13T13:11:12.273000Z,2026-04-13
FLW_9430cf11,05TRS,2026-04-13T11:08:09.616657Z,accepted,2026-04-13T12:18:03.364090Z,2026-04-13T13:28:40.197000Z,2026-04-13
FLW_cd6fbb38,05TRS,2026-04-14T09:53:07.481406Z,accepted,2026-04-14T09:54:24.551292Z,2026-04-14T10:11:31.876000Z,2026-04-14
FLW_c7cb5048,05TRS,2026-04-13T11:56:21.159983Z,accepted,2026-04-13T13:20:48.492565Z,2026-04-13T13:31:39.853000Z,2026-04-13
FLW_1859cc8d,05TRS,2026-04-13T12:19:25.384235Z,accepted,2026-04-13T12:44:23.921309Z,2026-04-13T13:31:38.439000Z,2026-04-13
FLW_2d810942,05TRS,2026-04-13T12:21:21.567979Z,accepted,2026-04-13T12:40:47.394909Z,2026-04-13T13:31:39.508000Z,2026-04-13
FLW_4f275413,05TRS,2026-04-13T12:20:32.027385Z,accepted,2026-04-13T12:58:22.510674Z,2026-04-13T13:31:40.621000Z,2026-04-13
FLW_dc252986,05TRS,2026-04-28T14:50:48.266086Z,accepted,2026-04-28T14:51:22.446830Z,2026-04-28T14:56:54.411000Z,2026-05-17
FLW_e13256c3,05TRS,2026-04-13T12:32:38.190135Z,accepted,2026-04-13T12:44:33.288197Z,2026-04-13T13:31:38.765000Z,2026-04-13
FLW_ce806e40,05TRS,2026-04-13T12:38:26.392632Z,accepted,2026-04-13T12:46:44.079575Z,2026-04-13T13:31:39.548000Z,2026-04-13
FLW_6e062c9c,05TRS,2026-04-13T12:39:42.116434Z,accepted,2026-04-13T12:54:00.235568Z,2026-04-13T13:31:39.543000Z,2026-04-13
FLW_cc96bfce,05TRS,2026-04-13T12:52:11.502794Z,accepted,2026-04-13T13:06:40.285725Z,2026-04-13T13:26:39.843000Z,2026-04-13
FLW_f59440f2,05TRS,2026-04-13T14:03:27.718443Z,accepted,2026-04-13T14:04:11.397097Z,2026-04-13T14:20:41.082000Z,2026-04-13
FLW_a629693d,05TRS,2026-04-13T14:29:07.654457Z,accepted,2026-04-13T14:34:12.736319Z,2026-04-13T14:41:56.871000Z,2026-04-13
FLW_9160ba2c,05TRS,2026-04-23T16:07:41.846165Z,accepted,2026-04-24T07:47:34.468181Z,2026-04-24T08:01:31.655000Z,2026-04-24
FLW_cad32c25,05TRS,2026-04-23T16:10:13.050059Z,accepted,2026-04-23T19:50:56.454918Z,2026-04-23T19:58:51.207000Z,2026-04-23
FLW_e9ed251f,05TRS,2026-04-23T16:14:31.246207Z,accepted,2026-04-23T18:51:46.141160Z,2026-04-23T18:55:11.769000Z,2026-04-23
FLW_67ec4111,06TRS,2026-04-14T10:34:42.188324Z,accepted,2026-04-14T10:36:06.435598Z,2026-04-14T11:37:30.059000Z,2026-04-14
FLW_c6ca1753,06TRS,2026-04-14T10:42:23.231857Z,accepted,2026-04-14T10:50:40.010902Z,2026-04-14T11:37:29.724000Z,2026-04-14
FLW_7d42c693,06TRS,2026-04-14T10:43:09.732871Z,accepted,2026-04-14T10:46:23.003061Z,2026-04-14T11:37:29.125000Z,2026-04-14
FLW_163d5959,06TRS,2026-04-14T10:32:00.455928Z,accepted,2026-04-14T10:52:35.893761Z,2026-04-14T11:37:28.888000Z,2026-04-14
FLW_9334b8cc,06TRS,2026-04-14T09:18:08.052283Z,accepted,2026-04-14T09:18:31.639432Z,2026-04-14T11:37:28.635000Z,2026-04-14
FLW_2fb20551,06TRS,2026-04-14T11:00:49.747165Z,accepted,2026-04-14T11:18:19.894535Z,2026-04-14T11:37:30.222000Z,2026-04-14
FLW_d37df42a,06TRS,2026-04-14T09:19:07.139318Z,accepted,2026-04-14T09:21:16.246657Z,2026-04-14T11:37:34.539000Z,2026-04-14
FLW_d0da0c33,06TRS,2026-04-14T09:31:39.772451Z,accepted,2026-04-14T09:33:06.951526Z,2026-04-14T11:37:29.045000Z,2026-04-14
FLW_00a1d5c0,06TRS,2026-04-14T10:03:14.176484Z,accepted,2026-04-14T10:05:41.009698Z,2026-04-14T11:37:30.489000Z,2026-04-14
FLW_8094415e,06TRS,2026-04-14T10:10:18.609168Z,accepted,2026-04-14T10:14:23.324143Z,2026-04-14T11:37:39.792000Z,2026-04-14
FLW_3b3e8965,06TRS,2026-04-14T10:11:30.787990Z,accepted,2026-04-14T10:16:12.721132Z,2026-04-14T11:37:31.528000Z,2026-04-14
FLW_13593e7b,06TRS,2026-04-14T10:15:46.258069Z,accepted,2026-04-14T10:16:29.029656Z,2026-04-14T11:37:30.515000Z,2026-04-14
FLW_19308d82,06TRS,2026-04-17T07:32:55.277821Z,accepted,2026-04-17T09:03:52.211068Z,2026-04-17T10:03:00.769000Z,2026-04-17
FLW_c7fb4422,07TRS,2026-04-14T12:02:14.501866Z,accepted,2026-04-14T13:01:57.916149Z,2026-04-14T13:14:52.148000Z,2026-04-14
FLW_12e80c2a,07TRS,2026-04-14T12:02:14.462787Z,accepted,2026-04-14T12:46:11.426044Z,2026-04-14T13:07:46.146000Z,2026-04-14
FLW_7c85002d,07TRS,2026-04-14T12:02:14.407861Z,accepted,2026-04-14T12:53:22.406298Z,2026-04-14T13:43:04.762000Z,2026-04-14
FLW_8518810d,07TRS,2026-04-15T09:06:46.515715Z,accepted,2026-04-15T09:08:02.730806Z,2026-04-15T09:41:40.670000Z,2026-04-15
FLW_73f14d11,07TRS,2026-04-14T12:46:33.404847Z,accepted,2026-04-14T12:52:30.499756Z,2026-04-14T13:31:22.588000Z,2026-04-14
FLW_9ea82687,07TRS,2026-04-14T12:51:12.333989Z,accepted,2026-04-14T12:59:43.025477Z,2026-04-14T13:28:39.941000Z,2026-04-14
FLW_6cddef5b,07TRS,2026-04-14T12:51:12.429425Z,accepted,2026-04-14T13:01:31.735511Z,2026-04-14T13:32:38.731000Z,2026-04-14
FLW_8a6383e7,07TRS,2026-04-14T12:51:11.945073Z,accepted,2026-04-14T12:52:19.181421Z,2026-04-14T13:10:11.429000Z,2026-04-14
FLW_1b87a2e6,07TRS,2026-04-14T12:51:12.457393Z,accepted,2026-04-14T13:02:07.312546Z,2026-04-14T13:39:44.177000Z,2026-04-14
FLW_90733d21,07TRS,2026-04-14T12:51:12.267719Z,accepted,2026-04-14T12:52:26.040634Z,2026-04-14T13:07:48.152000Z,2026-04-14
FLW_6116dabc,07TRS,2026-04-14T12:51:12.017349Z,accepted,2026-04-14T13:02:07.537529Z,2026-04-14T13:40:31.134000Z,2026-04-14
FLW_86c9d88b,07TRS,2026-04-14T12:51:12.521457Z,accepted,2026-04-14T12:52:42.304702Z,2026-04-14T13:26:32.451000Z,2026-04-14
FLW_263df73a,07TRS,2026-04-14T12:51:11.850792Z,accepted,2026-04-14T12:53:03.330274Z,2026-04-14T13:10:48.145000Z,2026-04-14
FLW_649f7d1c,07TRS,2026-04-14T12:51:12.299977Z,accepted,2026-04-14T13:02:31.005802Z,2026-04-14T13:36:35.097000Z,2026-04-14
FLW_36fc8d3c,07TRS,2026-04-14T12:51:11.815825Z,accepted,2026-04-14T12:54:21.912258Z,2026-04-14T13:26:56.167000Z,2026-04-14
FLW_c2c5d477,07TRS,2026-04-14T12:51:12.489096Z,accepted,2026-04-14T13:02:43.686982Z,2026-04-14T14:09:14.121000Z,2026-04-14
FLW_3a639f42,07TRS,2026-04-14T12:51:11.915526Z,accepted,2026-04-14T12:54:26.698906Z,2026-04-14T13:27:19.952000Z,2026-04-14
FLW_55dab34e,07TRS,2026-04-14T12:51:12.156068Z,accepted,2026-04-14T12:56:07.689326Z,2026-04-14T13:35:49.308000Z,2026-04-14
FLW_a7b524a6,07TRS,2026-04-14T12:51:11.881345Z,accepted,2026-04-14T12:57:46.422720Z,2026-04-14T13:09:50.438000Z,2026-04-14
FLW_e33e4506,07TRS,2026-04-14T12:51:12.398266Z,accepted,2026-04-14T12:58:05.594149Z,2026-04-14T13:36:04.290000Z,2026-04-14
FLW_664192c8,07TRS,2026-04-14T12:51:12.206420Z,accepted,2026-04-14T12:58:37.098925Z,2026-04-14T13:28:29.824000Z,2026-04-14
FLW_5d12ac24,07TRS,2026-04-14T12:51:12.237639Z,accepted,2026-04-14T13:02:50.223721Z,2026-04-14T13:32:11.284000Z,2026-04-14
FLW_7b7a4129,07TRS,2026-04-14T12:51:11.766118Z,accepted,2026-04-14T13:02:57.210500Z,2026-04-14T13:26:16.608000Z,2026-04-14
FLW_0fd83440,07TRS,2026-04-14T12:51:12.121319Z,accepted,2026-04-14T13:12:28.048721Z,2026-04-14T13:49:34.734000Z,2026-04-14
FLW_466f5c6c,07TRS,2026-04-14T12:51:12.366426Z,accepted,2026-04-14T13:18:12.026311Z,2026-04-14T14:23:02.185000Z,2026-04-14
FLW_b7a036c5,07TRS,2026-04-14T13:07:31.894111Z,accepted,2026-04-14T13:12:06.383798Z,2026-04-14T13:26:54.997000Z,2026-04-14
FLW_0427115e,07TRS,2026-04-14T13:08:50.567804Z,accepted,2026-04-14T13:10:54.778134Z,2026-04-14T13:33:01.846000Z,2026-04-14
FLW_2d6980e6,07TRS,2026-04-14T13:20:16.758669Z,accepted,2026-04-14T13:21:42.955470Z,2026-04-14T13:30:22.632000Z,2026-04-14
FLW_55ecaf46,07TRS,2026-04-14T12:51:11.975313Z,accepted,2026-04-14T13:02:23.966608Z,2026-04-14T13:29:10.432000Z,2026-04-14
FLW_f187af6a,08TRS,2026-04-16T11:20:40.955187Z,accepted,2026-04-16T11:21:18.176858Z,2026-04-16T11:35:05.128000Z,2026-04-16
FLW_a92d1bfc,08TRS,2026-04-16T09:18:30.212157Z,accepted,2026-04-16T09:45:26.218415Z,2026-04-16T11:04:12.012000Z,2026-04-16
FLW_fd220ad7,08TRS,2026-04-16T09:18:30.266717Z,accepted,2026-04-16T09:44:46.232148Z,2026-04-16T10:17:56.840000Z,2026-04-16
FLW_81068640,08TRS,2026-04-16T11:22:50.531657Z,accepted,2026-04-16T11:30:12.344515Z,2026-04-16T12:01:04.341000Z,2026-04-16
FLW_c11bda03,08TRS,2026-04-16T08:03:08.575604Z,accepted,2026-04-16T08:03:31.478071Z,2026-04-16T08:16:46.308000Z,2026-04-16
FLW_89cb60eb,08TRS,2026-04-16T08:03:08.610316Z,accepted,2026-04-16T08:12:37.863268Z,2026-04-16T09:44:39.576000Z,2026-04-16
FLW_e1c8e0e7,08TRS,2026-04-16T08:03:08.521977Z,accepted,2026-04-16T08:06:47.977237Z,2026-04-16T08:11:32.015000Z,2026-04-16
FLW_9dcc10f9,08TRS,2026-04-16T09:44:45.800203Z,accepted,2026-04-16T09:51:36.623858Z,2026-04-16T12:47:42.612000Z,2026-04-16
FLW_ca405dc1,08TRS,2026-04-16T09:44:45.764056Z,accepted,2026-04-16T09:52:39.242896Z,2026-04-16T10:11:29.580000Z,2026-04-16
FLW_301885c0,08TRS,2026-04-16T12:02:34.340061Z,accepted,2026-04-16T12:47:21.798679Z,2026-04-16T12:58:48.432000Z,2026-04-16
FLW_642a0652,08TRS,2026-04-16T08:22:07.719621Z,accepted,2026-04-16T08:22:21.686896Z,2026-04-16T08:27:11.137000Z,2026-04-16
FLW_1e97efe2,08TRS,2026-04-16T09:49:45.542153Z,accepted,2026-04-16T09:52:05.193640Z,2026-04-16T12:13:34.493000Z,2026-04-16
FLW_b900c041,08TRS,2026-04-16T12:03:09.238749Z,accepted,2026-04-16T12:04:49.961120Z,2026-04-16T12:18:15.032000Z,2026-04-16
FLW_74eb66b6,08TRS,2026-04-16T09:51:20.022377Z,accepted,2026-04-16T09:52:37.388313Z,2026-04-16T10:19:43.250000Z,2026-04-16
FLW_26bd1918,08TRS,2026-04-16T09:53:27.461877Z,accepted,2026-04-16T09:54:46.347660Z,2026-04-16T10:04:37.984000Z,2026-04-16
FLW_502b4e31,08TRS,2026-04-16T09:53:27.499732Z,accepted,2026-04-16T09:55:51.280632Z,2026-04-16T10:35:18.364000Z,2026-04-16
FLW_3005d1c3,08TRS,2026-04-16T09:53:59.282537Z,accepted,2026-04-16T09:56:04.367849Z,2026-04-16T12:41:55.317000Z,2026-04-16
FLW_4b077c2a,08TRS,2026-04-16T11:30:05.511955Z,accepted,2026-04-16T11:45:30.820251Z,2026-04-16T11:51:53.689000Z,2026-04-16
FLW_1e0438af,08TRS,2026-04-16T09:57:31.420556Z,accepted,2026-04-16T09:58:43.393801Z,2026-04-16T10:27:14.111000Z,2026-04-16
FLW_a1e6a164,08TRS,2026-04-16T10:00:37.956875Z,accepted,2026-04-16T10:02:55.973211Z,2026-04-16T12:00:57.118000Z,2026-04-16
FLW_ff4a9c3f,08TRS,2026-04-16T12:18:13.005349Z,accepted,2026-04-16T12:20:34.464544Z,2026-04-16T13:14:37.630000Z,2026-04-16
FLW_be78e1db,08TRS,2026-04-16T10:02:54.370504Z,accepted,2026-04-16T10:05:51.316993Z,2026-04-16T10:37:16.611000Z,2026-04-16
FLW_77b7419d,08TRS,2026-04-16T10:05:16.129665Z,accepted,2026-04-16T10:05:44.848362Z,2026-04-16T10:18:13.045000Z,2026-04-16
FLW_f4430ed0,08TRS,2026-04-16T12:34:35.777435Z,accepted,2026-04-16T12:36:23.332734Z,2026-04-16T13:06:47.414000Z,2026-04-16
FLW_8ab6fc31,08TRS,2026-04-16T12:41:27.769385Z,accepted,2026-04-16T12:48:08.649895Z,2026-04-16T13:00:09.880000Z,2026-04-16
FLW_0ac2aff6,08TRS,2026-04-16T10:11:13.133909Z,accepted,2026-04-16T10:20:29.359803Z,2026-04-16T10:32:08.288000Z,2026-04-16
FLW_255fa592,08TRS,2026-04-16T13:43:17.437443Z,accepted,2026-04-16T13:45:41.277690Z,2026-04-16T13:54:34.776000Z,2026-04-16
FLW_4cfdaffb,08TRS,2026-04-16T10:17:42.851666Z,accepted,2026-04-16T10:21:07.759028Z,2026-04-16T11:27:33.512000Z,2026-04-16
FLW_a5eda77e,08TRS,2026-04-16T10:33:07.929272Z,accepted,2026-04-16T10:45:48.033983Z,2026-04-16T11:01:33.924000Z,2026-04-16
FLW_3a63d3e0,08TRS,2026-04-16T15:23:38.741682Z,accepted,2026-04-16T15:25:00.547056Z,2026-04-16T15:36:10.628000Z,2026-04-16
FLW_37e7d184,08TRS,2026-04-16T11:00:07.870760Z,accepted,2026-04-16T11:13:11.494237Z,2026-04-16T11:40:28.510000Z,2026-04-16
FLW_5ccc828e,08TRS,2026-04-16T10:23:09.810251Z,accepted,2026-04-16T10:28:35.800508Z,2026-04-16T10:33:55.216000Z,2026-04-16
FLW_f0efeb52,09TRE,2026-04-08T12:39:36.062637Z,accepted,2026-04-08T12:40:16.440854Z,2026-04-08T13:56:00.183000Z,2026-04-08
FLW_59216d62,09TRE,2026-04-08T12:39:36.561511Z,accepted,2026-04-08T12:45:52.828176Z,2026-04-08T13:30:03.403000Z,2026-04-08
FLW_28c9885c,09TRE,2026-04-08T12:39:36.236253Z,accepted,2026-04-08T12:47:49.959439Z,2026-04-08T13:57:43.249000Z,2026-04-08
FLW_18f27856,09TRE,2026-04-08T12:39:36.264463Z,accepted,2026-04-08T12:40:53.089228Z,2026-04-08T13:55:49.520000Z,2026-04-08
FLW_dc5021a2,09TRE,2026-04-08T12:39:36.094076Z,accepted,2026-04-08T12:40:23.442667Z,2026-04-08T13:55:47.747000Z,2026-04-08
FLW_c36d63d2,09TRE,2026-04-08T12:39:35.988750Z,accepted,2026-04-08T12:52:22.219709Z,2026-04-08T13:07:31.568000Z,2026-04-08
FLW_4e3064f0,09TRE,2026-04-08T10:59:03.814178Z,accepted,2026-04-08T12:44:18.175104Z,2026-04-08T13:55:36.347000Z,2026-04-08
FLW_803f373f,09TRE,2026-04-08T12:39:36.594653Z,accepted,2026-04-08T12:48:36.481533Z,2026-04-08T13:56:36.762000Z,2026-04-08
FLW_4d640b28,09TRE,2026-04-08T12:39:36.200324Z,accepted,2026-04-08T12:40:34.283621Z,2026-04-08T13:07:05.825000Z,2026-04-08
FLW_afdfc847,09TRE,2026-04-08T12:39:36.464466Z,accepted,2026-04-08T12:41:30.841808Z,2026-04-08T13:14:55.627000Z,2026-04-08
FLW_45cad89e,09TRE,2026-04-08T12:21:52.044379Z,accepted,2026-04-08T12:40:29.308907Z,2026-04-08T13:56:57.125000Z,2026-04-08
FLW_cc56a668,09TRE,2026-04-08T12:39:36.330502Z,accepted,2026-04-08T12:43:49.415925Z,2026-04-08T13:29:33.122000Z,2026-04-08
FLW_94c2a477,09TRE,2026-04-08T12:39:36.297484Z,accepted,2026-04-08T12:40:52.184675Z,2026-04-08T13:55:59.981000Z,2026-04-08
FLW_39c11ef9,09TRE,2026-04-08T13:58:22.079389Z,accepted,2026-04-08T14:01:32.944923Z,2026-04-08T14:13:21.396000Z,2026-04-08
FLW_b6497114,09TRE,2026-04-08T12:39:36.430972Z,accepted,2026-04-08T12:41:09.070245Z,2026-04-08T13:08:04.756000Z,2026-04-08
FLW_5a723aab,09TRE,2026-04-08T12:39:36.125769Z,accepted,2026-04-08T12:41:05.376757Z,2026-04-08T13:55:49.829000Z,2026-04-08
FLW_d4207262,09TRE,2026-04-08T12:39:35.946071Z,accepted,2026-04-08T12:47:21.779708Z,2026-04-08T13:56:45.231000Z,2026-04-08
FLW_5fe7afea,09TRE,2026-04-08T12:39:36.397558Z,accepted,2026-04-08T12:49:14.314544Z,2026-04-08T13:56:19.600000Z,2026-04-08
FLW_23bbb39b,09TRE,2026-04-08T12:39:36.164889Z,accepted,2026-04-08T12:51:38.154206Z,2026-04-08T13:56:49.173000Z,2026-04-08
FLW_e5e2d710,09TRE,2026-04-08T10:59:03.871236Z,accepted,2026-04-08T11:01:56.790221Z,2026-04-08T13:55:38.707000Z,2026-04-08
FLW_afbfed3d,09TRE,2026-04-08T12:39:36.495623Z,accepted,2026-04-08T12:44:49.595244Z,2026-04-08T13:07:17.949000Z,2026-04-08
FLW_b58e22aa,09TRE,2026-04-08T12:39:36.364502Z,accepted,2026-04-08T12:43:52.292262Z,2026-04-08T13:56:59.418000Z,2026-04-08
FLW_563608ce,09TRE,2026-04-08T12:39:36.528588Z,accepted,2026-04-08T12:48:06.344234Z,2026-04-08T13:56:53.307000Z,2026-04-08
FLW_84c22ffe,09TRE,2026-04-08T12:21:52.082308Z,accepted,2026-04-08T12:28:51.975154Z,2026-04-08T13:55:38.487000Z,2026-04-08
FLW_33b854b1,09TRE,2026-04-08T12:21:51.930493Z,accepted,2026-04-08T12:40:12.089079Z,2026-04-08T13:01:29.123000Z,2026-04-08
FLW_843132aa,09TRE,2026-04-08T12:39:36.627538Z,accepted,2026-04-08T13:01:00.204837Z,2026-04-08T13:56:25.960000Z,2026-04-08
FLW_91e6accc,09TRE,2026-04-08T12:39:36.028495Z,accepted,2026-04-08T13:02:42.502207Z,2026-04-08T13:56:19.728000Z,2026-04-08
FLW_2c416d8b,10TRE,2026-04-14T13:59:10.266075Z,accepted,2026-04-14T14:12:22.156919Z,2026-04-14T14:26:49.905000Z,2026-04-14
FLW_b2f21f8d,10TRE,2026-04-14T13:59:09.720961Z,accepted,2026-04-14T14:07:16.554096Z,2026-04-14T14:30:08.390000Z,2026-04-14
FLW_a7f4c2ba,10TRE,2026-04-14T13:59:10.236217Z,accepted,2026-04-14T14:01:47.391409Z,2026-04-14T14:25:43.161000Z,2026-04-14
FLW_7b2c7fa5,10TRE,2026-04-14T13:59:09.938827Z,accepted,2026-04-14T14:20:14.421732Z,2026-04-14T14:52:57.939000Z,2026-04-14
FLW_4cb94a47,10TRE,2026-04-14T13:59:09.599727Z,accepted,2026-04-14T14:01:43.406361Z,2026-04-14T14:26:20.687000Z,2026-04-14
FLW_fc163382,10TRE,2026-04-14T13:59:09.629754Z,accepted,2026-04-14T14:03:15.124141Z,2026-04-14T14:26:11.303000Z,2026-04-14
FLW_8a49184b,10TRE,2026-04-14T13:59:10.095140Z,accepted,2026-04-14T14:12:24.002871Z,2026-04-14T14:26:35.204000Z,2026-04-14
FLW_eca94e98,10TRE,2026-04-14T13:59:09.481361Z,accepted,2026-04-14T14:11:20.615440Z,2026-04-14T14:26:25.135000Z,2026-04-14
FLW_f48e6756,10TRE,2026-04-14T13:59:10.208035Z,accepted,2026-04-14T14:04:19.113058Z,2026-04-14T14:30:14.278000Z,2026-04-14
FLW_3efe4e79,10TRE,2026-04-14T13:59:09.660212Z,accepted,2026-04-14T14:15:09.584174Z,2026-04-14T14:26:44.771000Z,2026-04-14
FLW_ff6d8e94,10TRE,2026-04-14T14:56:03.494138Z,accepted,2026-04-14T14:56:33.353293Z,2026-04-14T15:03:19.275000Z,2026-04-14
FLW_9a447d28,10TRE,2026-04-14T14:56:03.445646Z,accepted,2026-04-14T14:57:06.452128Z,2026-04-14T15:05:38.064000Z,2026-04-14
FLW_aa036777,10TRE,2026-04-14T15:01:31.802824Z,accepted,2026-04-14T15:02:04.551978Z,2026-04-14T15:07:07.551000Z,2026-04-14
FLW_605377a5,10TRE,2026-04-14T13:59:10.173306Z,accepted,2026-04-14T14:11:07.930254Z,2026-04-14T14:26:40.722000Z,2026-04-14
FLW_e8f3b80f,10TRE,2026-04-14T13:59:09.971565Z,accepted,2026-04-14T14:03:51.566478Z,2026-04-14T14:28:31.318000Z,2026-04-14
FLW_1397771a,10TRE,2026-04-14T13:59:10.063207Z,accepted,2026-04-14T14:06:46.156125Z,2026-04-14T14:16:46.978000Z,2026-04-14
FLW_ceb7db37,10TRE,2026-04-14T13:59:09.569563Z,accepted,2026-04-14T14:07:47.318730Z,2026-04-14T14:27:43.896000Z,2026-04-14
FLW_808d214e,10TRE,2026-04-14T13:59:09.832169Z,accepted,2026-04-14T14:23:46.474853Z,2026-04-14T14:45:11.537000Z,2026-04-14
FLW_d458d3b5,10TRE,2026-04-14T13:59:09.775511Z,accepted,2026-04-14T14:06:41.170073Z,2026-04-14T14:28:26.589000Z,2026-04-14
FLW_e6626790,10TRE,2026-04-14T13:59:10.000509Z,accepted,2026-04-14T14:06:35.541471Z,2026-04-14T14:30:49.817000Z,2026-04-14
FLW_058eb701,10TRE,2026-04-14T13:59:09.422422Z,accepted,2026-04-14T14:03:22.213752Z,2026-04-14T14:27:49.454000Z,2026-04-14
FLW_068d52c5,10TRE,2026-04-14T13:59:09.379606Z,accepted,2026-04-14T14:01:47.485214Z,2026-04-14T14:26:04.365000Z,2026-04-14
FLW_2757af00,10TRE,2026-04-14T13:59:10.126942Z,accepted,2026-04-14T14:08:05.411148Z,2026-04-14T14:28:43.292000Z,2026-04-14
FLW_5ff85949,10TRE,2026-04-14T13:59:09.453940Z,accepted,2026-04-14T14:04:02.027417Z,2026-04-14T14:29:58.469000Z,2026-04-14
FLW_1fbf057d,10TRE,2026-04-14T13:59:09.910668Z,accepted,2026-04-14T14:04:17.737635Z,2026-04-14T14:33:08.775000Z,2026-04-14
FLW_4c3b4f2c,10TRE,2026-04-14T13:59:09.750333Z,accepted,2026-04-14T14:00:49.407239Z,2026-04-14T14:26:14.425000Z,2026-04-14
FLW_0d0c858a,10TRE,2026-04-14T13:59:09.511788Z,accepted,2026-04-14T14:03:09.324151Z,2026-04-14T14:27:32.868000Z,2026-04-14
FLW_5ffbb04a,10TRE,2026-04-14T13:59:09.539846Z,accepted,2026-04-14T14:02:55.303878Z,2026-04-14T14:28:04.296000Z,2026-04-14
FLW_0ac05035,10TRE,2026-04-14T13:59:09.861124Z,accepted,2026-04-14T14:15:19.201520Z,2026-04-14T15:07:01.070000Z,2026-04-14
FLW_00b3deda,10TRE,2026-04-14T13:59:09.803784Z,accepted,2026-04-14T14:02:46.807535Z,2026-04-14T14:28:21.788000Z,2026-04-14
FLW_421de6dd,10TRE,2026-04-14T13:59:10.034307Z,accepted,2026-04-14T14:34:50.275506Z,2026-04-14T14:44:43.173000Z,2026-04-14
FLW_ca9b430f,10TRE,2026-04-14T13:59:09.691355Z,accepted,2026-04-14T14:06:46.389509Z,2026-04-14T14:27:54.682000Z,2026-04-14
FLW_308d64cf,10TRE,2026-04-14T14:40:16.971977Z,accepted,2026-04-14T14:41:18.289071Z,2026-04-14T14:48:36.026000Z,2026-04-14
FLW_205b033b,11TRE,2026-04-28T08:56:51.946317Z,accepted,2026-04-28T08:59:07.793436Z,2026-04-28T11:36:21.021000Z,2026-04-28
FLW_c91cd9ea,11TRE,2026-04-28T13:37:54.356757Z,accepted,2026-04-28T13:38:48.669357Z,2026-04-28T13:42:57.856000Z,2026-04-28
FLW_533a7e38,11TRE,2026-04-28T08:05:07.738419Z,accepted,2026-04-28T08:22:33.616213Z,2026-04-28T11:36:10.768000Z,2026-04-28
FLW_fe8722d8,11TRE,2026-04-28T08:11:59.700557Z,accepted,2026-04-28T08:14:07.746352Z,2026-04-28T11:36:18.809000Z,2026-04-28
FLW_cf9578b8,11TRE,2026-04-28T08:32:31.993830Z,accepted,2026-04-28T08:34:49.587880Z,2026-04-28T11:36:49.588000Z,2026-04-28
FLW_beb86e83,11TRE,2026-04-28T08:32:31.942639Z,accepted,2026-04-28T08:37:49.453617Z,2026-04-28T11:36:55.970000Z,2026-04-28
FLW_132ad71f,11TRE,2026-04-28T08:34:02.494210Z,accepted,2026-04-28T08:36:55.168265Z,2026-04-28T11:36:24.969000Z,2026-04-28
FLW_d880abaa,11TRE,2026-04-28T08:34:02.554611Z,accepted,2026-04-28T08:38:25.373055Z,2026-04-28T11:36:38.962000Z,2026-04-28
FLW_69a0b716,11TRE,2026-04-28T08:38:44.066639Z,accepted,2026-04-28T08:46:29.801206Z,2026-04-28T11:37:40.539000Z,2026-04-28
FLW_1e72bd56,11TRE,2026-04-28T08:44:59.242123Z,accepted,2026-04-28T08:45:18.606989Z,2026-04-28T11:36:28.146000Z,2026-04-28
FLW_dedfa26c,11TRE,2026-04-28T08:45:46.292049Z,accepted,2026-04-28T08:50:39.235410Z,2026-04-28T11:37:13.307000Z,2026-04-28
FLW_db22fd19,11TRE,2026-04-28T08:46:45.153261Z,accepted,2026-04-28T08:47:05.518015Z,2026-04-28T11:36:14.269000Z,2026-04-28
FLW_43d01c7c,11TRE,2026-04-28T09:21:22.963973Z,accepted,2026-04-28T09:22:56.127090Z,2026-04-28T11:38:02.383000Z,2026-04-28
FLW_9d5d34e6,11TRE,2026-04-28T09:27:48.652407Z,accepted,2026-04-28T09:29:02.776090Z,2026-04-28T11:35:43.981000Z,2026-04-28
FLW_0153bf09,11TRE,2026-04-28T09:33:11.282729Z,accepted,2026-04-28T09:33:50.774378Z,2026-04-28T11:37:29.010000Z,2026-04-28
FLW_f44572c7,11TRE,2026-04-28T09:34:12.174634Z,accepted,2026-04-28T09:40:52.689837Z,2026-04-28T11:37:53.786000Z,2026-04-28
FLW_278d86ce,11TRE,2026-04-28T09:38:33.936441Z,accepted,2026-04-28T09:41:42.871240Z,2026-04-28T11:36:42.500000Z,2026-04-28
FLW_72a614b3,11TRE,2026-04-28T09:38:33.886680Z,accepted,2026-04-28T09:47:35.140345Z,2026-04-28T11:36:15.586000Z,2026-04-28
FLW_b7ac72f3,11TRE,2026-04-28T11:50:53.210567Z,accepted,2026-04-28T11:52:46.262229Z,2026-04-28T12:08:59.837000Z,2026-04-28
FLW_52c3a837,11TRE,2026-04-28T10:19:12.440322Z,accepted,2026-04-28T10:25:18.434800Z,2026-04-28T11:36:28.460000Z,2026-04-28
FLW_72e0613e,11TRE,2026-04-28T10:23:51.835029Z,accepted,2026-04-28T10:26:54.076576Z,2026-04-28T11:36:11.340000Z,2026-04-28
FLW_78dc6cb9,11TRE,2026-04-28T10:29:21.556094Z,accepted,2026-04-28T10:33:57.053981Z,2026-04-28T11:37:33.990000Z,2026-04-28
FLW_16c2eed9,11TRE,2026-04-28T10:48:35.485415Z,accepted,2026-04-28T10:54:14.666752Z,2026-04-28T11:36:19.617000Z,2026-04-28
FLW_c055633e,11TRE,2026-04-28T11:03:46.464101Z,accepted,2026-04-28T11:04:32.218493Z,2026-04-28T11:37:50.366000Z,2026-04-28
FLW_b5bd9a32,11TRE,2026-04-28T11:15:09.411383Z,accepted,2026-04-28T11:19:20.670054Z,2026-04-28T11:42:01.961000Z,2026-04-28
FLW_39a9bea7,11TRE,2026-04-28T11:22:15.479907Z,accepted,2026-04-28T11:22:36.736811Z,2026-04-28T11:36:16.765000Z,2026-04-28
FLW_9deb669b,11TRE,2026-04-28T11:25:45.336488Z,accepted,2026-04-28T11:26:49.078245Z,2026-04-28T11:36:31.262000Z,2026-04-28
FLW_670edf8a,12TRE,2026-04-15T12:13:41.812840Z,accepted,2026-04-15T12:15:03.786547Z,2026-04-15T12:23:52.503000Z,2026-04-15
FLW_df32d792,12TRE,2026-04-15T13:13:38.910250Z,accepted,2026-04-15T13:53:02.723179Z,2026-04-15T14:14:18.025000Z,2026-04-15
FLW_2cc61e27,12TRE,2026-04-15T14:12:24.617865Z,accepted,2026-04-15T14:13:11.920738Z,2026-04-15T14:36:15.191000Z,2026-04-15
FLW_da371b22,12TRE,2026-04-15T14:45:24.972121Z,accepted,2026-04-15T14:45:40.691740Z,2026-04-15T14:58:43.176000Z,2026-04-15
FLW_60cdcb2a,12TRE,2026-04-15T09:02:12.618252Z,accepted,2026-04-15T09:05:31.068253Z,2026-04-15T09:34:38.142000Z,2026-04-15
FLW_771842bf,12TRE,2026-04-15T09:20:41.810231Z,accepted,2026-04-15T09:21:37.059507Z,2026-04-15T09:37:04.328000Z,2026-04-15
FLW_a54c48b5,12TRE,2026-04-15T09:22:11.415877Z,accepted,2026-04-15T09:22:42.200829Z,2026-04-15T09:34:29.160000Z,2026-04-15
FLW_e368fabf,12TRE,2026-04-16T15:48:40.748950Z,accepted,2026-04-16T15:49:43.383148Z,2026-04-16T16:07:34.667000Z,2026-04-16
FLW_62d90761,12TRE,2026-04-15T09:02:12.685589Z,accepted,2026-04-15T09:06:20.740565Z,2026-04-15T09:29:31.570000Z,2026-04-15
FLW_0f83a507,12TRE,2026-04-15T09:02:12.717958Z,accepted,2026-04-15T09:05:06.429264Z,2026-04-15T09:40:28.472000Z,2026-04-15
FLW_4c82cb14,12TRE,2026-04-15T09:23:41.259128Z,accepted,2026-04-15T09:25:05.738471Z,2026-04-15T09:49:15.986000Z,2026-04-15
FLW_62b5e67c,12TRE,2026-04-15T11:50:37.848032Z,accepted,2026-04-15T11:52:16.257156Z,2026-04-15T11:59:36.039000Z,2026-04-15
FLW_b6d91789,12TRE,2026-04-16T08:15:35.390329Z,accepted,2026-04-16T08:16:34.549508Z,2026-04-16T08:29:44.597000Z,2026-04-16
FLW_f5a021a4,12TRE,2026-04-15T09:32:36.419482Z,accepted,2026-04-15T09:36:10.007108Z,2026-04-15T11:10:53.481000Z,2026-04-15
FLW_9ec0bbc3,12TRE,2026-04-15T09:53:55.463965Z,accepted,2026-04-15T09:55:22.005888Z,2026-04-15T10:03:04.538000Z,2026-04-15
FLW_e003c3b3,12TRE,2026-04-15T14:54:17.141255Z,accepted,2026-04-15T14:54:47.015215Z,2026-04-15T15:10:20.897000Z,2026-04-15
FLW_8a49c80a,12TRE,2026-04-15T14:11:39.292770Z,accepted,2026-04-15T14:21:48.901669Z,2026-04-15T14:32:58.460000Z,2026-04-15
FLW_b25aba05,12TRE,2026-04-16T08:27:49.767841Z,accepted,2026-04-16T08:28:58.466538Z,2026-04-16T10:07:43.686000Z,2026-04-16
FLW_4bf314a5,12TRE,2026-04-15T09:02:12.551402Z,accepted,2026-04-15T09:06:55.980918Z,2026-04-15T09:22:24.435000Z,2026-04-15
FLW_d722e06d,12TRE,2026-04-15T09:02:12.495197Z,accepted,2026-04-15T09:03:23.916572Z,2026-04-15T09:29:57.634000Z,2026-04-15
FLW_1d365f3d,12TRE,2026-04-15T09:02:12.386861Z,accepted,2026-04-15T09:03:12.893128Z,2026-04-15T09:14:43.512000Z,2026-04-15
FLW_eaf3541f,12TRE,2026-04-15T09:02:12.352322Z,accepted,2026-04-15T09:06:27.047825Z,2026-04-15T09:19:10.114000Z,2026-04-15
FLW_d945a42a,12TRE,2026-04-15T09:02:12.296927Z,accepted,2026-04-15T09:07:18.377488Z,2026-04-15T09:21:34.466000Z,2026-04-15
FLW_881ac33a,12TRE,2026-04-15T09:02:12.651700Z,accepted,2026-04-15T09:03:06.858072Z,,
FLW_e9444c71,12TRE,2026-04-15T09:02:12.420988Z,accepted,2026-04-15T09:03:48.336752Z,2026-04-15T10:24:23.583000Z,2026-04-15
FLW_bb7fd22d,12TRE,2026-04-15T09:02:12.455599Z,accepted,2026-04-15T09:09:23.234098Z,2026-04-15T09:36:55.112000Z,2026-04-15
FLW_71ad69a5,12TRE,2026-04-15T09:02:12.585673Z,accepted,2026-04-15T09:07:21.793042Z,2026-04-15T09:32:43.862000Z,2026-04-15
FLW_684a481a,12TRE,2026-04-15T09:14:39.795386Z,accepted,2026-04-15T09:15:32.489840Z,2026-04-15T11:07:23.199000Z,2026-04-15
FLW_a57846c8,12TRE,2026-04-15T09:19:49.220255Z,accepted,2026-04-15T09:20:59.565989Z,2026-04-15T09:49:52.076000Z,2026-04-15
FLW_53781334,12TRE,2026-04-15T10:17:44.625503Z,accepted,2026-04-15T10:18:35.200295Z,2026-04-15T10:26:17.936000Z,2026-04-15
FLW_60612813,12TRE,2026-04-16T14:03:30.491716Z,accepted,2026-04-16T14:05:31.497264Z,2026-04-16T14:20:38.152000Z,2026-04-16
FLW_55c07f52,12TRE,2026-04-16T16:10:18.894052Z,accepted,2026-04-16T16:12:10.342117Z,2026-04-16T17:16:27.068000Z,2026-04-16
FLW_79ea0376,13TRS,2026-04-09T14:03:18.628166Z,accepted,2026-04-09T14:11:38.114606Z,2026-04-09T14:27:17.390000Z,2026-04-09
FLW_d675b24d,13TRS,2026-04-09T14:03:18.473951Z,accepted,2026-04-09T14:25:40.915046Z,2026-04-09T14:38:56.828000Z,2026-04-09
FLW_ad6adbd6,13TRS,2026-04-09T14:03:18.963661Z,accepted,2026-04-09T14:14:07.852226Z,2026-04-09T14:40:12.140000Z,2026-04-09
FLW_988e1edf,13TRS,2026-04-09T14:03:19.077193Z,accepted,2026-04-09T14:54:35.557497Z,2026-04-09T15:38:56.628000Z,2026-04-09
FLW_1bde8b66,13TRS,2026-04-09T14:03:18.441715Z,accepted,2026-04-09T14:14:28.514897Z,2026-04-09T14:43:06.041000Z,2026-04-09
FLW_4e002b4b,13TRS,2026-04-09T14:03:18.872435Z,accepted,2026-04-09T14:15:50.328146Z,2026-04-09T14:44:58.631000Z,2026-04-09
FLW_fd4cd124,13TRS,2026-04-09T14:03:18.903923Z,accepted,2026-04-09T14:15:51.352057Z,2026-04-09T15:00:47.067000Z,2026-04-09
FLW_0ba222d4,13TRS,2026-04-09T14:03:19.107974Z,accepted,2026-04-09T14:17:02.060505Z,2026-04-09T14:40:14.349000Z,2026-04-09
FLW_0e087a08,13TRS,2026-04-09T14:03:18.808710Z,accepted,2026-04-09T14:14:18.007666Z,2026-04-09T14:39:55.994000Z,2026-04-09
FLW_11885248,13TRS,2026-04-09T14:03:19.256165Z,accepted,2026-04-09T14:25:50.013772Z,2026-04-09T14:44:20.891000Z,2026-04-09
FLW_56c29490,13TRS,2026-04-09T14:03:18.989752Z,accepted,2026-04-09T14:14:18.503788Z,2026-04-09T14:40:01.139000Z,2026-04-09
FLW_f43ba346,13TRS,2026-04-09T14:03:18.503297Z,accepted,2026-04-09T14:14:11.317323Z,2026-04-09T14:40:53.902000Z,2026-04-09
FLW_4dd1c0ff,13TRS,2026-04-09T14:03:18.534359Z,accepted,2026-04-09T14:14:52.420716Z,2026-04-09T14:40:01.901000Z,2026-04-09
FLW_1110e95a,13TRS,2026-04-09T14:03:19.138471Z,accepted,2026-04-09T14:14:57.633011Z,2026-04-09T14:39:07.262000Z,2026-04-09
FLW_be41f137,13TRS,2026-04-09T14:03:18.250286Z,accepted,2026-04-09T14:17:09.496368Z,2026-04-09T14:36:39.070000Z,2026-04-09
FLW_0aa30044,13TRS,2026-04-09T14:03:18.373618Z,accepted,2026-04-09T14:17:47.300341Z,2026-04-09T16:03:53.728000Z,2026-04-09
FLW_c45eee3d,13TRS,2026-04-09T14:03:18.565953Z,accepted,2026-04-09T14:19:15.302711Z,2026-04-09T14:39:33.612000Z,2026-04-09
FLW_d2f96222,13TRS,2026-04-09T14:03:18.933719Z,accepted,2026-04-09T14:15:47.337095Z,2026-04-09T14:39:50.990000Z,2026-04-09
FLW_67432746,13TRS,2026-04-09T14:03:18.759287Z,accepted,2026-04-09T14:15:48.053108Z,2026-04-09T14:39:04.217000Z,2026-04-09
FLW_2d925ace,13TRS,2026-04-09T14:03:19.287248Z,accepted,2026-04-09T14:27:38.617213Z,2026-04-09T14:39:56.854000Z,2026-04-09
FLW_4eccc9b0,13TRS,2026-04-09T14:03:19.046785Z,accepted,2026-04-09T14:13:58.274851Z,2026-04-09T14:39:57.893000Z,2026-04-09
FLW_54b683a3,13TRS,2026-04-09T14:03:19.168281Z,accepted,2026-04-09T14:13:59.235658Z,2026-04-09T14:41:46.156000Z,2026-04-09
FLW_0623947e,13TRS,2026-04-09T14:03:18.843667Z,accepted,2026-04-09T14:13:59.852720Z,2026-04-09T14:40:08.557000Z,2026-04-09
FLW_56b2889c,13TRS,2026-04-09T14:03:18.597889Z,accepted,2026-04-09T14:14:06.109258Z,2026-04-09T14:29:05.971000Z,2026-04-09
FLW_290fbccc,13TRS,2026-04-09T14:03:19.016477Z,accepted,2026-04-09T14:14:06.515519Z,2026-04-09T14:40:50.165000Z,2026-04-09
FLW_32dde93e,13TRS,2026-04-09T14:03:18.407594Z,accepted,2026-04-09T14:15:48.087230Z,2026-04-09T15:01:33.728000Z,2026-04-09
FLW_74df4cee,13TRS,2026-04-09T14:03:18.720159Z,accepted,2026-04-09T14:14:49.006142Z,2026-04-09T15:10:50.768000Z,2026-04-09
FLW_6c486da2,13TRS,2026-04-09T14:03:18.306691Z,accepted,2026-04-09T14:19:18.034311Z,2026-04-09T14:30:49.360000Z,2026-04-09
FLW_9cd5cbab,13TRS,2026-04-09T14:03:18.341550Z,accepted,2026-04-09T14:44:22.896647Z,2026-04-09T14:57:55.462000Z,2026-04-09
FLW_30561870,13TRS,2026-04-09T14:03:18.660295Z,accepted,2026-04-09T14:49:04.924170Z,2026-04-09T15:00:56.643000Z,2026-04-09
FLW_ef5508b6,13TRS,2026-04-09T14:03:19.196548Z,accepted,2026-04-09T14:48:32.023699Z,2026-04-09T15:15:13.346000Z,2026-04-10
FLW_73194b5f,13TRS,2026-04-09T14:03:19.225555Z,accepted,2026-04-09T14:49:51.470640Z,2026-04-09T15:16:24.551000Z,2026-04-10
FLW_999c3072,13TRS,2026-04-09T14:03:18.687670Z,accepted,2026-04-09T14:15:08.040627Z,2026-04-09T15:33:57.154000Z,2026-04-09
FLW_3470be6f,14TRS,2026-04-10T14:12:48.826729Z,accepted,2026-04-10T14:19:52.969421Z,2026-04-10T14:32:45.851000Z,2026-04-10
FLW_662d3bae,14TRS,2026-04-10T14:12:48.628700Z,accepted,2026-04-10T14:20:49.152198Z,2026-04-10T14:31:39.667000Z,2026-04-10
FLW_a10bd461,14TRS,2026-04-10T14:12:48.974135Z,accepted,2026-04-10T14:16:25.419910Z,2026-04-10T14:38:40.555000Z,2026-04-10
FLW_00885908,14TRS,2026-04-10T14:12:48.737413Z,accepted,2026-04-10T14:28:29.928529Z,2026-04-10T14:40:58.139000Z,2026-04-10
FLW_0b38d9aa,14TRS,2026-04-10T14:12:48.381661Z,accepted,2026-04-10T14:13:33.206975Z,2026-04-10T14:49:22.437000Z,2026-04-10
FLW_be8d7482,14TRS,2026-04-10T14:12:48.794780Z,accepted,2026-04-10T14:13:16.409418Z,2026-04-10T14:35:26.091000Z,2026-04-10
FLW_74f7d26f,14TRS,2026-04-10T14:12:48.533162Z,accepted,2026-04-10T14:18:57.228194Z,2026-04-10T14:42:22.001000Z,2026-04-10
FLW_f3752088,14TRS,2026-04-10T14:12:49.067265Z,accepted,2026-04-10T14:14:09.220106Z,2026-04-10T14:37:36.581000Z,2026-04-10
FLW_18119dc0,14TRS,2026-04-10T14:12:48.284637Z,accepted,2026-04-10T14:14:12.140156Z,2026-04-10T14:28:14.871000Z,2026-04-10
FLW_a42d1e2f,14TRS,2026-04-10T14:12:49.129361Z,accepted,2026-04-10T14:27:14.321528Z,2026-04-10T14:45:21.830000Z,2026-04-10
FLW_f8bd4d27,14TRS,2026-04-10T14:12:48.596619Z,accepted,2026-04-10T14:14:32.686662Z,2026-04-10T14:44:35.752000Z,2026-04-10
FLW_6121785d,14TRS,2026-04-10T14:12:48.228279Z,accepted,2026-04-10T14:19:14.805489Z,2026-04-10T14:38:05.386000Z,2026-04-10
FLW_f722025a,14TRS,2026-04-10T14:12:48.319593Z,accepted,2026-04-10T14:27:36.988157Z,2026-04-10T14:41:54.954000Z,2026-04-10
FLW_7567ef6c,14TRS,2026-04-10T14:12:49.222956Z,accepted,2026-04-10T14:15:25.534046Z,2026-04-10T14:38:41.036000Z,2026-04-10
FLW_944a43a4,14TRS,2026-04-10T14:12:48.854179Z,accepted,2026-04-10T14:20:55.561660Z,2026-04-10T14:36:50.853000Z,2026-04-10
FLW_b51f0157,14TRS,2026-04-10T14:12:48.413548Z,accepted,2026-04-10T14:16:57.427064Z,2026-04-10T14:42:13.009000Z,2026-04-10
FLW_fca8281e,14TRS,2026-04-10T14:12:48.445414Z,accepted,2026-04-10T14:17:43.825402Z,2026-04-10T14:33:38.127000Z,2026-04-10
FLW_c309a2da,14TRS,2026-04-10T14:12:48.506686Z,accepted,2026-04-10T14:21:18.449758Z,2026-04-10T14:35:30.112000Z,2026-04-10
FLW_6f8a526f,14TRS,2026-04-10T14:12:49.007170Z,accepted,2026-04-10T14:18:03.639343Z,2026-04-10T14:38:54.645000Z,2026-04-10
FLW_5d5df676,14TRS,2026-04-10T14:12:48.943988Z,accepted,2026-04-10T14:18:10.995004Z,2026-04-10T14:39:23.306000Z,2026-04-10
FLW_e50f96a7,14TRS,2026-04-10T14:12:48.352141Z,accepted,2026-04-10T14:18:24.734860Z,2026-04-10T14:34:11.259000Z,2026-04-10
FLW_fa0fa8ca,14TRS,2026-04-10T14:12:49.038758Z,accepted,2026-04-10T14:18:36.985216Z,2026-04-10T14:32:21.129000Z,2026-04-10
FLW_c49420a9,14TRS,2026-04-10T14:12:48.767723Z,accepted,2026-04-10T14:21:48.103766Z,2026-04-10T14:32:12.397000Z,2026-04-10
FLW_1d37556a,14TRS,2026-04-10T14:12:48.709149Z,accepted,2026-04-10T14:22:02.354295Z,2026-04-10T14:35:21.719000Z,2026-04-10
FLW_7d9367bc,14TRS,2026-04-10T14:12:48.565477Z,accepted,2026-04-10T14:46:15.924231Z,2026-04-10T16:11:07.038000Z,2026-04-10
FLW_d1f8e52b,14TRS,2026-04-10T14:12:49.159370Z,accepted,2026-04-10T14:18:57.032201Z,2026-04-10T14:27:26.547000Z,2026-04-10
FLW_8cf5b37c,14TRS,2026-04-10T14:12:49.192410Z,accepted,2026-04-10T14:19:19.440717Z,2026-04-10T14:35:46.585000Z,2026-04-10
FLW_3207bafd,14TRS,2026-04-10T14:12:48.913604Z,accepted,2026-04-10T14:19:32.229566Z,2026-04-10T14:38:21.850000Z,2026-04-10
FLW_b796814c,14TRS,2026-04-10T14:12:48.881455Z,accepted,2026-04-10T14:19:35.516656Z,2026-04-10T14:32:18.992000Z,2026-04-10
FLW_2cf33cef,14TRS,2026-04-10T14:12:48.667415Z,accepted,2026-04-10T14:22:19.104541Z,2026-04-10T14:35:30.777000Z,2026-04-10
FLW_373412cb,14TRS,2026-04-10T14:12:49.252172Z,accepted,2026-04-10T14:24:46.956637Z,2026-04-10T14:37:18.028000Z,2026-04-10
FLW_37164bc5,14TRS,2026-04-10T14:12:49.098325Z,accepted,2026-04-10T14:32:48.252573Z,2026-04-10T14:40:16.611000Z,2026-04-10
FLW_2e436fec,14TRS,2026-04-10T14:12:48.476217Z,accepted,2026-04-10T14:35:25.634238Z,2026-04-10T14:43:37.375000Z,2026-04-10
FLW_0ec75311,15TRS,2026-04-13T13:14:18.654952Z,accepted,2026-04-13T13:31:07.507193Z,2026-04-13T13:42:11.877000Z,2026-04-13
FLW_8f2b5292,15TRS,2026-04-13T13:14:18.349171Z,accepted,2026-04-13T13:24:16.054504Z,2026-04-13T13:32:22.620000Z,2026-04-13
FLW_94c67e30,15TRS,2026-04-13T13:14:19.001661Z,accepted,2026-04-13T13:26:28.924554Z,2026-04-13T13:50:50.981000Z,2026-04-13
FLW_af442734,15TRS,2026-04-13T13:14:18.626702Z,accepted,2026-04-13T13:27:48.210180Z,2026-04-13T13:44:27.754000Z,2026-04-13
FLW_f4f28ff9,15TRS,2026-04-13T13:14:18.180908Z,accepted,2026-04-13T13:24:24.561136Z,2026-04-13T13:43:49.186000Z,2026-04-13
FLW_ef5508b6,15TRS,2026-04-13T12:21:57.235159Z,accepted,2026-04-13T15:02:00.209333Z,2026-04-13T15:03:54.143000Z,2026-04-13
FLW_f1606d31,15TRS,2026-04-13T13:14:18.833865Z,accepted,2026-04-13T13:27:30.211161Z,2026-04-13T13:43:29.710000Z,2026-04-13
FLW_cc90bcba,15TRS,2026-04-13T13:14:18.260481Z,accepted,2026-04-13T13:15:27.735006Z,2026-04-13T13:21:23.481000Z,2026-04-13
FLW_0f7b3a9f,15TRS,2026-04-13T13:14:18.863829Z,accepted,2026-04-13T13:27:39.063318Z,2026-04-13T13:33:51.789000Z,2026-04-13
FLW_9809b414,15TRS,2026-04-13T13:14:18.230607Z,accepted,2026-04-13T13:15:35.499644Z,2026-04-13T13:27:10.394000Z,2026-04-13
FLW_7dc0ac6f,15TRS,2026-04-13T13:14:18.773421Z,accepted,2026-04-13T13:16:15.176233Z,2026-04-13T13:27:29.836000Z,2026-04-13
FLW_5a6b4526,15TRS,2026-04-13T13:14:18.920957Z,accepted,2026-04-13T13:17:30.793130Z,2026-04-13T13:27:59.889000Z,2026-04-13
FLW_0a12cf2b,15TRS,2026-04-13T13:14:18.976595Z,accepted,2026-04-13T13:18:14.182158Z,2026-04-13T13:43:57.881000Z,2026-04-13
FLW_10f42cc2,15TRS,2026-04-13T13:14:18.893467Z,accepted,2026-04-13T13:19:10.869898Z,2026-04-13T13:29:15.064000Z,2026-04-13
FLW_93fa61c7,15TRS,2026-04-13T13:14:18.598463Z,accepted,2026-04-13T13:29:12.304812Z,2026-04-13T13:43:27.080000Z,2026-04-13
FLW_a3897733,15TRS,2026-04-13T13:14:19.031970Z,accepted,2026-04-13T13:21:58.987366Z,2026-04-13T13:29:07.253000Z,2026-04-13
FLW_c9548719,15TRS,2026-04-13T13:14:18.715468Z,accepted,2026-04-13T13:22:22.620227Z,2026-04-13T13:51:59.261000Z,2026-04-13
FLW_1441274d,15TRS,2026-04-13T13:14:18.291460Z,accepted,2026-04-13T13:23:36.052598Z,2026-04-13T13:31:15.448000Z,2026-04-13
FLW_8c2ec5c2,15TRS,2026-04-13T13:14:18.804388Z,accepted,2026-04-13T13:23:45.872676Z,2026-04-13T13:43:08.868000Z,2026-04-13
FLW_a8f2ca5a,15TRS,2026-04-13T13:14:18.466608Z,accepted,2026-04-13T13:24:10.849521Z,2026-04-13T13:32:50.183000Z,2026-04-13
FLW_40372c0d,15TRS,2026-04-13T13:14:18.377862Z,accepted,2026-04-13T13:24:40.002159Z,2026-04-13T13:44:14.778000Z,2026-04-13
FLW_97c9ea84,15TRS,2026-04-13T13:14:18.522666Z,accepted,2026-04-13T13:25:08.586238Z,2026-04-13T13:50:57.969000Z,2026-04-13
FLW_66b518e4,15TRS,2026-04-13T13:14:18.562421Z,accepted,2026-04-13T13:25:16.242550Z,2026-04-13T13:54:36.889000Z,2026-04-13
FLW_4a0c0140,15TRS,2026-04-13T13:14:18.948643Z,accepted,2026-04-13T13:25:27.435210Z,2026-04-13T13:52:52.563000Z,2026-04-13
FLW_0cfb9466,15TRS,2026-04-13T13:14:18.407860Z,accepted,2026-04-13T13:25:41.134202Z,2026-04-13T13:55:27.274000Z,2026-04-13
FLW_5d044354,15TRS,2026-04-13T13:14:18.494608Z,accepted,2026-04-13T13:25:43.144774Z,2026-04-13T13:35:30.746000Z,2026-04-13
FLW_2e2fe96f,15TRS,2026-04-13T13:14:18.437359Z,accepted,2026-04-13T13:25:56.430320Z,2026-04-13T13:32:29.925000Z,2026-04-13
FLW_2c13a6dc,15TRS,2026-04-13T13:14:18.683717Z,accepted,2026-04-13T13:30:16.230750Z,2026-04-13T13:39:52.414000Z,2026-04-13
FLW_60ef6657,15TRS,2026-04-13T13:14:18.745108Z,accepted,2026-04-13T13:38:19.419760Z,2026-04-13T13:42:04.530000Z,2026-04-13
FLW_df141038,15TRS,2026-04-13T13:45:30.579755Z,accepted,2026-04-13T13:47:01.650772Z,2026-04-13T13:54:14.108000Z,2026-04-13
FLW_3a3c0351,15TRS,2026-04-13T13:45:30.632279Z,accepted,2026-04-13T13:53:48.506200Z,2026-04-13T13:59:10.375000Z,2026-04-13
FLW_7f2583ca,15TRS,2026-04-13T13:48:54.317418Z,accepted,2026-04-13T13:50:51.765162Z,2026-04-13T13:56:34.484000Z,2026-04-13
FLW_dead8aeb,15TRS,2026-04-13T14:46:59.298770Z,accepted,2026-04-13T14:47:17.839026Z,2026-04-13T14:53:16.661000Z,2026-04-13
FLW_d65097a0,15TRS,2026-04-13T13:14:18.321200Z,accepted,2026-04-13T13:23:03.750066Z,2026-04-13T13:44:41.673000Z,2026-04-13
FLW_f0b133ae,16TRS,2026-04-14T11:46:03.442312Z,accepted,2026-04-14T11:46:59.828089Z,2026-04-14T13:11:22.378000Z,2026-04-14
FLW_c01df4f3,16TRS,2026-04-14T11:46:03.529655Z,accepted,2026-04-14T12:13:12.258425Z,2026-04-14T13:43:58.432000Z,2026-04-14
FLW_e372f831,16TRS,2026-04-14T11:46:03.496741Z,accepted,2026-04-14T12:15:09.923773Z,2026-04-14T13:11:33.926000Z,2026-04-14
FLW_f7b7b148,16TRS,2026-04-14T11:46:03.566693Z,accepted,2026-04-14T12:17:02.836992Z,2026-04-14T13:18:06.463000Z,2026-04-14
FLW_ffca0a39,16TRS,2026-04-14T12:11:54.976667Z,accepted,2026-04-14T12:14:44.935424Z,2026-04-14T13:22:15.923000Z,2026-04-14
FLW_2e24b107,16TRS,2026-04-14T12:11:54.826680Z,accepted,2026-04-14T12:14:52.960783Z,2026-04-14T13:44:52.359000Z,2026-04-14
FLW_75f97051,16TRS,2026-04-14T12:11:54.733162Z,accepted,2026-04-14T12:13:14.362800Z,2026-04-14T13:42:37.746000Z,2026-04-14
FLW_ea1e47f5,16TRS,2026-04-14T12:11:54.885310Z,accepted,2026-04-14T12:14:10.784396Z,2026-04-14T13:23:45.722000Z,2026-04-14
FLW_4c58e172,16TRS,2026-04-14T12:11:54.915592Z,accepted,2026-04-14T12:13:12.732052Z,2026-04-14T13:11:21.527000Z,2026-04-14
FLW_e0736d00,16TRS,2026-04-14T12:11:54.641324Z,accepted,2026-04-14T12:13:13.132156Z,2026-04-14T13:11:54.195000Z,2026-04-14
FLW_39e6a103,16TRS,2026-04-14T12:11:54.764782Z,accepted,2026-04-14T12:13:25.163451Z,2026-04-14T13:12:26.617000Z,2026-04-14
FLW_01a8dbf1,16TRS,2026-04-14T12:11:54.581142Z,accepted,2026-04-14T12:15:29.648614Z,2026-04-14T13:17:45.316000Z,2026-04-14
FLW_8741407b,16TRS,2026-04-14T12:11:54.671921Z,accepted,2026-04-14T12:14:50.635599Z,2026-04-14T13:11:17.946000Z,2026-04-14
FLW_2b3fa749,16TRS,2026-04-14T12:11:54.796651Z,accepted,2026-04-14T12:23:15.012234Z,2026-04-14T13:12:06.934000Z,2026-04-14
FLW_9224041a,16TRS,2026-04-14T12:11:55.175708Z,accepted,2026-04-14T12:13:11.675115Z,2026-04-14T13:15:34.156000Z,2026-04-14
FLW_cb13f83a,16TRS,2026-04-14T12:11:55.075757Z,accepted,2026-04-14T12:13:21.269259Z,2026-04-14T13:15:16.324000Z,2026-04-14
FLW_b072a0aa,16TRS,2026-04-14T12:11:55.145067Z,accepted,2026-04-14T12:13:21.487380Z,2026-04-14T13:21:58.154000Z,2026-04-14
FLW_94b9b951,16TRS,2026-04-14T12:11:55.107215Z,accepted,2026-04-14T12:14:00.546056Z,2026-04-14T13:13:15.102000Z,2026-04-14
FLW_9e55f7b0,16TRS,2026-04-14T12:11:55.044070Z,accepted,2026-04-14T12:14:06.551164Z,2026-04-14T13:43:30.099000Z,2026-04-14
FLW_45b98265,16TRS,2026-04-14T12:11:55.008487Z,accepted,2026-04-14T12:14:22.132941Z,2026-04-14T13:48:34.935000Z,2026-04-14
FLW_dee68d01,16TRS,2026-04-14T12:11:55.235216Z,accepted,2026-04-14T12:15:10.562265Z,2026-04-14T13:17:57.372000Z,2026-04-14
FLW_67663314,16TRS,2026-04-14T12:11:55.205588Z,accepted,2026-04-14T12:15:39.262777Z,2026-04-14T13:44:24.123000Z,2026-04-14
FLW_8cb817bb,16TRS,2026-04-14T12:11:55.270701Z,accepted,2026-04-14T12:35:11.656194Z,2026-04-14T13:15:13.166000Z,2026-04-14
FLW_05bc64d0,16TRS,2026-04-14T12:11:54.613745Z,accepted,2026-04-14T12:13:11.553963Z,2026-04-14T13:14:23.475000Z,2026-04-14
FLW_e1e019a4,16TRS,2026-04-14T12:11:54.702701Z,accepted,2026-04-14T12:13:43.044179Z,2026-04-14T13:12:16.125000Z,2026-04-14
FLW_c985cce5,16TRS,2026-04-14T12:22:31.242313Z,accepted,2026-04-14T12:22:48.497155Z,2026-04-14T13:13:46.598000Z,2026-04-14
FLW_706d23f9,16TRS,2026-04-14T12:22:31.182130Z,accepted,2026-04-14T12:23:00.550338Z,2026-04-14T13:16:08.593000Z,2026-04-14
FLW_ab1ca5af,16TRS,2026-04-14T12:11:54.856449Z,accepted,2026-04-14T12:13:21.615251Z,2026-04-14T13:13:38.203000Z,2026-04-14
FLW_33e748e6,16TRS,2026-04-14T12:43:32.966417Z,accepted,2026-04-14T12:43:58.360973Z,2026-04-14T13:13:25.743000Z,2026-04-14
FLW_de568a67,16TRS,2026-04-14T12:45:47.082297Z,accepted,2026-04-14T12:47:12.596255Z,2026-04-14T13:11:11.292000Z,2026-04-14
FLW_60ed31f8,16TRS,2026-04-14T12:53:12.374221Z,accepted,2026-04-14T12:53:37.743405Z,2026-04-14T13:11:06.084000Z,2026-04-14
FLW_5851f986,16TRS,2026-04-14T12:11:54.945416Z,accepted,2026-04-14T12:14:22.186761Z,2026-04-14T13:48:31.489000Z,2026-04-14
FLW_1dcc47c4,17TRS,2026-04-17T12:11:07.912046Z,accepted,2026-04-17T12:13:57.127031Z,2026-04-17T12:36:54.682000Z,2026-04-17
FLW_efa86ab7,17TRS,2026-04-17T12:11:07.966165Z,accepted,2026-04-17T12:41:02.029800Z,2026-04-17T13:07:07.222000Z,2026-04-17
FLW_608b35cd,17TRS,2026-04-17T12:11:08.007721Z,accepted,2026-04-17T12:58:27.362974Z,2026-04-17T13:06:08.317000Z,2026-04-17
FLW_ea230fd5,17TRS,2026-04-17T12:35:27.137606Z,accepted,2026-04-17T18:40:43.595040Z,2026-04-17T18:48:53.404000Z,2026-04-17
FLW_2348240e,17TRS,2026-04-17T12:35:26.864524Z,accepted,2026-04-17T12:58:44.849645Z,2026-04-17T13:22:38.276000Z,2026-04-17
FLW_a7031a5e,17TRS,2026-04-17T12:35:27.535728Z,accepted,2026-04-17T12:46:13.413147Z,2026-04-17T13:01:15.384000Z,2026-04-17
FLW_ec17a0c3,17TRS,2026-04-17T12:35:27.317507Z,accepted,2026-04-17T12:47:01.667167Z,2026-04-17T13:22:51.067000Z,2026-04-17
FLW_d67dafe8,17TRS,2026-04-17T12:35:27.505836Z,accepted,2026-04-17T12:50:11.559198Z,2026-04-17T13:21:42.628000Z,2026-04-17
FLW_6ffebd59,17TRS,2026-04-17T12:35:27.168471Z,accepted,2026-04-17T12:58:49.174233Z,2026-04-17T13:16:49.243000Z,2026-04-17
FLW_ca1e2956,17TRS,2026-04-17T12:35:27.021910Z,accepted,2026-04-17T12:59:18.297124Z,2026-04-17T13:09:38.579000Z,2026-04-17
FLW_4bcfd1c0,17TRS,2026-04-17T12:35:27.049059Z,accepted,2026-04-17T12:37:35.303501Z,2026-04-17T12:46:52.448000Z,2026-04-17
FLW_9bb6b86e,17TRS,2026-04-17T12:35:26.930075Z,accepted,2026-04-17T12:37:48.187090Z,2026-04-17T12:57:03.220000Z,2026-04-17
FLW_75f0384d,17TRS,2026-04-17T12:35:26.958590Z,accepted,2026-04-17T12:38:04.537306Z,2026-04-17T12:55:13.134000Z,2026-04-17
FLW_652cba89,17TRS,2026-04-17T12:35:27.476050Z,accepted,2026-04-17T12:51:39.266070Z,2026-04-17T13:21:01.947000Z,2026-04-17
FLW_d1cc70ad,17TRS,2026-04-17T12:35:27.597481Z,accepted,2026-04-17T12:59:44.441563Z,2026-04-17T13:10:27.132000Z,2026-04-17
FLW_5a343771,17TRS,2026-04-17T12:35:27.079362Z,accepted,2026-04-17T12:39:24.889133Z,2026-04-17T13:04:00.575000Z,2026-04-17
FLW_75422923,17TRS,2026-04-17T12:35:27.287986Z,accepted,2026-04-17T12:39:32.215475Z,2026-04-17T13:00:18.318000Z,2026-04-17
FLW_6eca3d07,17TRS,2026-04-17T12:35:27.110304Z,accepted,2026-04-17T12:39:58.098115Z,2026-04-17T13:05:04.328000Z,2026-04-17
FLW_2b90032b,17TRS,2026-04-17T12:35:27.655789Z,accepted,2026-04-17T12:41:30.680308Z,2026-04-17T13:03:40.554000Z,2026-04-17
FLW_18a574fd,17TRS,2026-04-17T12:35:27.199837Z,accepted,2026-04-17T12:43:12.353269Z,2026-04-17T13:17:02.722000Z,2026-04-17
FLW_3c2886de,17TRS,2026-04-17T12:35:27.685068Z,accepted,2026-04-17T12:44:18.194634Z,2026-04-17T13:35:21.964000Z,2026-04-17
FLW_7b3db8a6,17TRS,2026-04-17T12:35:26.989325Z,accepted,2026-04-17T13:00:30.599930Z,2026-04-17T13:13:33Z,2026-04-17
FLW_7ffe230d,17TRS,2026-04-17T12:35:26.900285Z,accepted,2026-04-17T12:58:26.588867Z,2026-04-17T13:22:44.195000Z,2026-04-17
FLW_09b3006a,17TRS,2026-04-17T12:35:27.372196Z,accepted,2026-04-17T12:58:26.827381Z,2026-04-17T13:10:14.742000Z,2026-04-17
FLW_f1ba4469,17TRS,2026-04-17T12:35:27.564835Z,accepted,2026-04-17T12:58:44.328218Z,2026-04-17T13:14:52.594000Z,2026-04-17
FLW_873152f2,17TRS,2026-04-17T12:35:27.626908Z,accepted,2026-04-17T13:01:27.998642Z,2026-04-17T13:21:23.577000Z,2026-04-17
FLW_18c0502a,17TRS,2026-04-17T12:35:27.405852Z,accepted,2026-04-17T13:02:21.041783Z,2026-04-17T13:11:39.792000Z,2026-04-17
FLW_91061dbb,17TRS,2026-04-17T12:35:27.342720Z,accepted,2026-04-17T13:03:29.406416Z,2026-04-17T13:26:30.410000Z,2026-04-17
FLW_ab1b5a6d,17TRS,2026-04-17T12:35:27.259740Z,accepted,2026-04-17T13:04:24.941654Z,2026-04-17T13:20:50.372000Z,2026-04-17
FLW_1da29649,17TRS,2026-04-17T12:35:27.440399Z,accepted,2026-04-17T13:31:26.072443Z,2026-04-17T13:40:09.228000Z,2026-04-17
FLW_d2cd94a8,17TRS,2026-04-17T13:13:51.271658Z,accepted,2026-04-17T13:14:32.583263Z,2026-04-17T13:24:24.068000Z,2026-04-17
FLW_8f6a54b8,17TRS,2026-04-17T13:13:51.239558Z,accepted,2026-04-17T13:14:35.499975Z,2026-04-17T13:23:10.394000Z,2026-04-17
FLW_86ae5bc8,17TRS,2026-04-17T13:13:51.183941Z,accepted,2026-04-17T13:15:10.523747Z,2026-04-17T13:25:22.225000Z,2026-04-17
FLW_77eb4dea,17TRS,2026-04-17T12:35:27.230717Z,accepted,2026-04-17T12:43:10.183838Z,2026-04-17T13:23:43.741000Z,2026-04-17
FLW_33399d97,18TRS,2026-04-16T13:04:11.720265Z,accepted,2026-04-16T13:06:49.266251Z,2026-04-16T13:21:39.834000Z,2026-04-16
FLW_3875bb5f,18TRS,2026-04-16T11:49:07.773687Z,accepted,2026-04-16T13:29:23.657629Z,2026-04-16T14:03:46.781000Z,2026-04-16
FLW_9690a057,18TRS,2026-04-16T13:04:10.825789Z,accepted,2026-04-16T13:06:37.539876Z,2026-04-16T13:21:44.015000Z,2026-04-16
FLW_148c7867,18TRS,2026-04-16T13:04:11.143767Z,accepted,2026-04-16T13:05:03.356764Z,2026-04-16T13:33:38.537000Z,2026-04-16
FLW_f8ea894f,18TRS,2026-04-16T13:04:11.662397Z,accepted,2026-04-16T13:13:58.731385Z,2026-04-16T13:33:28.213000Z,2026-04-16
FLW_2554f8bc,18TRS,2026-04-16T13:04:10.791893Z,accepted,2026-04-16T13:14:17.463508Z,2026-04-16T13:33:56.454000Z,2026-04-16
FLW_1dcc47c4,18TRS,2026-04-16T13:04:10.956599Z,accepted,2026-04-16T13:05:29.243196Z,2026-04-16T14:25:44.677000Z,2026-04-16
FLW_78a1e7d3,18TRS,2026-04-16T13:04:11.337539Z,accepted,2026-04-16T13:10:27.913994Z,2026-04-16T13:19:24.516000Z,2026-04-16
FLW_89991ebd,18TRS,2026-04-16T13:04:10.857894Z,accepted,2026-04-16T13:14:37.826169Z,2026-04-16T13:32:27.210000Z,2026-04-16
FLW_0493d27a,18TRS,2026-04-16T13:04:11.693748Z,accepted,2026-04-16T13:10:31.785578Z,2026-04-16T13:24:00.252000Z,2026-04-16
FLW_f93de902,18TRS,2026-04-16T13:04:11.073270Z,accepted,2026-04-16T13:14:38.039362Z,2026-04-16T13:28:41.502000Z,2026-04-16
FLW_efaa45cc,18TRS,2026-04-16T13:04:11.112377Z,accepted,2026-04-16T13:14:40.522123Z,2026-04-16T13:32:52.264000Z,2026-04-16
FLW_d381284b,18TRS,2026-04-16T13:04:10.988952Z,accepted,2026-04-16T13:06:23.880661Z,2026-04-16T14:24:49.284000Z,2026-04-16
FLW_7776651b,18TRS,2026-04-16T13:04:11.309294Z,accepted,2026-04-16T13:06:33.928223Z,2026-04-16T14:28:24.365000Z,2026-04-16
FLW_96de315b,18TRS,2026-04-16T13:04:11.453598Z,accepted,2026-04-16T13:07:00.940173Z,2026-04-16T13:24:31.515000Z,2026-04-16
FLW_a7cffb9e,18TRS,2026-04-16T13:04:11.511396Z,accepted,2026-04-16T13:07:06.894288Z,2026-04-16T13:30:30.963000Z,2026-04-16
FLW_54520369,18TRS,2026-04-16T13:04:11.750644Z,accepted,2026-04-16T13:10:38.924428Z,2026-04-16T13:19:32.801000Z,2026-04-16
FLW_a82a2928,18TRS,2026-04-16T13:04:11.247200Z,accepted,2026-04-16T13:08:53.624000Z,2026-04-16T13:26:53.744000Z,2026-04-16
FLW_c0efd820,18TRS,2026-04-16T13:04:11.398753Z,accepted,2026-04-16T13:08:59.161611Z,2026-04-16T13:26:51.667000Z,2026-04-16
FLW_f1282f64,18TRS,2026-04-16T13:04:11.573564Z,accepted,2026-04-16T13:16:41.642406Z,2026-04-16T13:34:39.834000Z,2026-04-16
FLW_035db56b,18TRS,2026-04-16T13:04:11.601933Z,accepted,2026-04-16T13:09:48.144520Z,2026-04-16T13:30:28.338000Z,2026-04-16
FLW_ff3752a8,18TRS,2026-04-16T13:04:11.632432Z,accepted,2026-04-16T13:10:08.026368Z,2026-04-16T13:24:21.481000Z,2026-04-16
FLW_165b8ef2,18TRS,2026-04-16T13:04:11.482555Z,accepted,2026-04-16T13:10:14.768087Z,2026-04-16T14:16:56.384000Z,2026-04-16
FLW_05063659,18TRS,2026-04-16T13:04:10.889928Z,accepted,2026-04-16T13:10:23.337927Z,2026-04-16T14:30:50.060000Z,2026-04-16
FLW_1a8e30d3,18TRS,2026-04-16T13:04:11.037389Z,accepted,2026-04-16T13:10:49.844931Z,2026-04-16T13:29:40.140000Z,2026-04-16
FLW_f6bb89f0,18TRS,2026-04-16T13:04:11.275514Z,accepted,2026-04-16T13:11:03.958389Z,2026-04-16T13:29:36.896000Z,2026-04-16
FLW_278f0da3,18TRS,2026-04-16T13:04:11.370456Z,accepted,2026-04-16T13:12:01.469256Z,2026-04-16T13:45:49.375000Z,2026-04-16
FLW_231d85b3,18TRS,2026-04-16T13:04:10.923654Z,accepted,2026-04-16T14:13:43.218895Z,2026-04-16T14:18:51.176000Z,2026-04-16
FLW_a5c0fbb2,18TRS,2026-04-16T13:04:11.215149Z,accepted,2026-04-16T13:13:00.449974Z,2026-04-16T13:32:51.509000Z,2026-04-16
FLW_8702227b,18TRS,2026-04-16T13:04:11.542472Z,accepted,2026-04-16T13:17:30.152531Z,2026-04-16T13:48:10.727000Z,2026-04-16
FLW_a86aa665,18TRS,2026-04-16T13:04:11.426828Z,accepted,2026-04-16T13:18:57.218876Z,2026-04-16T13:29:29.251000Z,2026-04-16
FLW_2d11b35d,18TRS,2026-04-16T13:04:11.183829Z,accepted,2026-04-16T13:19:43.996350Z,2026-04-16T13:29:21.533000Z,2026-04-16
FLW_73621a72,18TRS,2026-04-16T13:36:32.505150Z,accepted,2026-04-16T13:36:53.862384Z,2026-04-16T14:26:53.768000Z,2026-04-16
FLW_2a5b7fe3,19TRS,2026-04-16T09:15:38.871263Z,accepted,2026-04-16T09:20:40.747136Z,2026-04-16T12:21:38.173000Z,2026-04-16
FLW_83ee4ed5,19TRS,2026-04-16T09:22:33.007949Z,accepted,2026-04-16T09:38:41.226695Z,2026-04-16T12:18:55.014000Z,2026-04-16
FLW_47c92d8e,19TRS,2026-04-16T09:24:51.779287Z,accepted,2026-04-16T09:26:51.219723Z,2026-04-16T12:18:53.149000Z,2026-04-16
FLW_77dbdd93,19TRS,2026-04-16T11:24:03.836853Z,accepted,2026-04-16T11:34:12.203519Z,2026-04-16T12:18:54.960000Z,2026-04-16
FLW_a4cc42b5,19TRS,2026-04-16T09:26:15.907612Z,accepted,2026-04-16T09:26:46.969788Z,2026-04-16T12:18:53.978000Z,2026-04-16
FLW_e5a00e9c,19TRS,2026-04-16T11:28:43.535043Z,accepted,2026-04-16T11:34:07.705592Z,2026-04-16T12:20:10.069000Z,2026-04-16
FLW_52ceeb7c,19TRS,2026-04-16T09:28:06.976145Z,accepted,2026-04-16T09:36:07.493261Z,2026-04-16T12:18:55.335000Z,2026-04-16
FLW_7263587d,19TRS,2026-04-16T09:35:34.620416Z,accepted,2026-04-16T09:37:05.241011Z,2026-04-16T12:19:14.779000Z,2026-04-16
FLW_46bcf23b,19TRS,2026-04-16T09:34:37.194953Z,accepted,2026-04-16T09:37:43.996735Z,2026-04-16T12:18:55.530000Z,2026-04-16
FLW_019b7560,19TRS,2026-04-16T09:39:20.786370Z,accepted,2026-04-16T10:16:43.919209Z,2026-04-16T12:16:38.743000Z,2026-04-16
FLW_2b5f3513,19TRS,2026-04-16T11:32:12.292976Z,accepted,2026-04-16T11:34:07.630145Z,2026-04-16T12:19:06.671000Z,2026-04-16
FLW_6f1a3e54,19TRS,2026-04-16T09:41:33.412133Z,accepted,2026-04-16T09:52:22.741811Z,2026-04-16T12:17:52.261000Z,2026-04-16
FLW_93ba6220,19TRS,2026-04-16T09:42:50.045404Z,accepted,2026-04-16T09:44:56.074313Z,2026-04-16T12:18:53.598000Z,2026-04-16
FLW_5f559d5f,19TRS,2026-04-16T11:44:59.358787Z,accepted,2026-04-16T11:46:49.811610Z,2026-04-16T12:16:54.021000Z,2026-04-16
FLW_7aa900ef,19TRS,2026-04-16T11:49:04.433941Z,accepted,2026-04-16T11:50:27.034618Z,2026-04-16T12:16:56.926000Z,2026-04-16
FLW_c013d721,19TRS,2026-04-16T11:59:08.884819Z,accepted,2026-04-16T12:07:40.777729Z,2026-04-16T12:19:14.381000Z,2026-04-16
FLW_26ed93c4,19TRS,2026-04-16T11:53:45.084575Z,accepted,2026-04-16T11:56:50.517158Z,2026-04-16T12:18:33.374000Z,2026-04-16
FLW_370d6c2d,19TRS,2026-04-16T12:05:25.532568Z,accepted,2026-04-16T12:06:32.767569Z,2026-04-16T12:19:16.454000Z,2026-04-16
FLW_793abda4,19TRS,2026-04-16T12:07:52.064081Z,accepted,2026-04-16T12:09:16.229898Z,2026-04-16T12:19:08.285000Z,2026-04-16
FLW_0cf94e65,19TRS,2026-04-16T12:09:08.612392Z,accepted,2026-04-16T12:09:49.226868Z,2026-04-16T12:18:57.499000Z,2026-04-16
FLW_aa4fd10f,19TRS,2026-04-16T12:12:00.802557Z,accepted,2026-04-16T12:13:36.412235Z,2026-04-16T12:23:51.798000Z,2026-04-16
FLW_69867a92,19TRS,2026-04-16T09:03:23.076508Z,accepted,2026-04-16T09:09:53.426420Z,2026-04-16T12:18:54.356000Z,2026-04-16
FLW_229384e0,19TRS,2026-04-16T09:58:30.457581Z,accepted,,,
FLW_a5e399cb,19TRS,2026-04-16T09:07:20.820073Z,accepted,2026-04-16T09:13:55.972332Z,2026-04-16T12:19:09.846000Z,2026-04-16
FLW_3229d059,19TRS,2026-04-16T12:17:44.593675Z,accepted,,,
FLW_8670bf00,19TRS,2026-04-16T10:05:21.341751Z,accepted,2026-04-16T10:06:00.212073Z,2026-04-16T12:19:29.399000Z,2026-04-16
FLW_bf69b9ab,19TRS,2026-04-16T10:11:01.617484Z,accepted,2026-04-16T10:14:06.842332Z,2026-04-16T12:18:47.340000Z,2026-04-16
FLW_a8870cc9,19TRS,2026-04-16T10:13:46.121407Z,accepted,2026-04-16T10:18:02.994326Z,2026-04-16T12:18:55.905000Z,2026-04-16
FLW_1633a1e3,19TRS,2026-04-16T10:25:28.389034Z,accepted,2026-04-16T10:26:38.797413Z,2026-04-16T12:19:09.836000Z,2026-04-16
FLW_884de98e,19TRS,2026-04-16T10:31:18.220664Z,accepted,2026-04-16T10:32:56.640093Z,2026-04-16T12:18:54.329000Z,2026-04-16
FLW_592d67c7,19TRS,2026-04-16T10:38:39.384934Z,accepted,2026-04-16T11:02:32.790384Z,2026-04-16T12:18:55.637000Z,2026-04-16
FLW_5d770c9d,19TRS,2026-04-16T10:49:37.162356Z,accepted,2026-04-16T10:50:29.812882Z,2026-04-16T12:19:02.597000Z,2026-04-16
FLW_50bc3aee,19TRS,2026-04-16T10:53:57.557140Z,accepted,2026-04-16T11:04:43.598947Z,2026-04-16T12:20:36.460000Z,2026-04-16
FLW_2ebea77b,20TRS,2026-04-17T09:57:11.824978Z,accepted,2026-04-17T10:01:55.811483Z,2026-04-17T10:22:10.435000Z,2026-04-17
FLW_79e0f668,20TRS,2026-04-17T08:34:57.630945Z,accepted,2026-04-17T08:37:02.351661Z,2026-04-17T09:51:43.521000Z,2026-04-17
FLW_7ae17da3,20TRS,2026-04-17T09:57:11.785450Z,accepted,2026-04-17T09:59:44.528281Z,2026-04-17T10:15:20.129000Z,2026-04-17
FLW_4a0a8aa9,20TRS,2026-04-17T09:57:11.643171Z,accepted,2026-04-17T09:58:38.157422Z,2026-04-17T10:10:43.527000Z,2026-04-17
FLW_60a6da46,20TRS,2026-04-17T09:57:11.865462Z,accepted,2026-04-17T09:58:46.998519Z,2026-04-17T10:13:30.675000Z,2026-04-17
FLW_2aa0a50f,20TRS,2026-04-17T09:57:11.940098Z,accepted,2026-04-17T09:59:47.437104Z,2026-04-17T10:15:22.321000Z,2026-04-17
FLW_1ff1989c,20TRS,2026-04-17T09:57:11.750261Z,accepted,2026-04-17T09:59:49.670315Z,2026-04-17T10:15:29.594000Z,2026-04-17
FLW_7f61c4ff,20TRS,2026-04-17T09:57:11.905755Z,accepted,2026-04-17T10:05:28.249425Z,2026-04-17T10:17:35.497000Z,2026-04-17
FLW_facd6c46,20TRS,2026-04-17T10:01:17.210423Z,accepted,2026-04-17T10:01:41.716495Z,2026-04-17T10:41:53.921000Z,2026-04-17
FLW_7d0deb89,20TRS,2026-04-17T10:01:17.245819Z,accepted,2026-04-17T10:02:31.407500Z,2026-04-17T10:21:31.140000Z,2026-04-17
FLW_4bcde4b8,20TRS,2026-04-17T10:04:41.083966Z,accepted,2026-04-17T10:05:11.980972Z,2026-04-17T10:20:36.195000Z,2026-04-17
FLW_6f44bb79,20TRS,2026-04-17T10:04:41.039556Z,accepted,2026-04-17T10:06:34.666240Z,2026-04-17T10:25:23.701000Z,2026-04-17
FLW_ce8baad6,20TRS,2026-04-17T10:16:33.621936Z,accepted,2026-04-17T10:17:41.541753Z,2026-04-17T10:25:04.977000Z,2026-04-17
FLW_43e624da,20TRS,2026-04-17T10:16:33.585841Z,accepted,2026-04-17T10:19:41.458371Z,2026-04-17T10:28:44.621000Z,2026-04-17
FLW_7e7cca2c,20TRS,2026-04-17T10:16:33.551290Z,accepted,2026-04-17T10:20:02.302976Z,2026-04-17T10:38:55.968000Z,2026-04-17
FLW_84d3e307,20TRS,2026-04-17T10:16:33.654090Z,accepted,2026-04-17T10:24:30.735165Z,2026-04-17T10:43:59.677000Z,2026-04-17
FLW_04720229,20TRS,2026-04-17T10:33:21.408681Z,accepted,2026-04-17T10:35:04.191398Z,2026-04-17T10:44:58.250000Z,2026-04-17
FLW_8d0b0546,20TRS,2026-04-17T10:33:21.356798Z,accepted,2026-04-17T10:37:41.646119Z,2026-04-17T10:53:07.434000Z,2026-04-17
FLW_5ee27933,20TRS,2026-04-17T10:34:43.539973Z,accepted,2026-04-17T10:35:26.786241Z,2026-04-17T11:07:23.062000Z,2026-04-17
FLW_66c55bab,20TRS,2026-04-17T10:35:08.617811Z,accepted,2026-04-17T10:37:53.864417Z,2026-04-17T10:50:50.383000Z,2026-04-17
FLW_0da753ae,20TRS,2026-04-17T10:40:03.021070Z,accepted,2026-04-17T10:42:30.653132Z,2026-04-17T11:11:47.627000Z,2026-04-17
FLW_8bd3fa5c,20TRS,2026-04-17T10:45:34.829942Z,accepted,2026-04-17T10:47:03.452280Z,2026-04-17T10:55:37.707000Z,2026-04-17
FLW_de27e5cd,20TRS,2026-04-17T10:49:34.929664Z,accepted,2026-04-17T10:51:08.124965Z,2026-04-17T10:56:43.265000Z,2026-04-17
FLW_783c2bd7,20TRS,2026-04-17T11:26:25.311756Z,accepted,2026-04-17T11:27:37.351870Z,2026-04-17T11:36:19.844000Z,2026-04-17
FLW_a90c193d,20TRS,2026-04-17T12:53:48.250157Z,accepted,2026-04-17T12:56:04.683108Z,2026-04-17T13:08:31.184000Z,2026-04-17
FLW_8e30c276,20TRS,2026-04-17T16:33:11.927182Z,accepted,2026-04-17T16:34:13.007668Z,2026-04-17T16:43:27.193000Z,2026-04-17
FLW_fd58f759,20TRS,2026-04-17T15:39:58.737460Z,accepted,2026-04-17T15:40:20.598915Z,2026-04-17T16:04:38.795000Z,2026-04-17
FLW_f73e06d4,20TRS,2026-04-17T15:42:54.562674Z,accepted,2026-04-17T15:43:56.885624Z,2026-04-17T15:51:49.076000Z,2026-04-17
FLW_5ec465a1,20TRS,2026-04-17T09:57:11.716055Z,accepted,2026-04-17T09:59:59.289059Z,2026-04-17T10:13:45.756000Z,2026-04-17
FLW_b6133034,20TRS,2026-04-17T16:32:31.131777Z,accepted,2026-04-17T16:33:21.263928Z,2026-04-17T16:39:27.445000Z,2026-04-17
FLW_f251b9cf,20TRS,2026-04-17T16:33:59.352741Z,accepted,2026-04-17T16:35:21.780673Z,2026-04-17T16:48:49.314000Z,2026-04-17
FLW_1f84f561,33TRS,2026-04-20T09:23:16.492354Z,accepted,2026-04-20T09:27:08.377554Z,2026-04-20T09:52:52.554000Z,2026-04-20
FLW_30d84c9b,33TRS,2026-04-20T09:23:16.231970Z,accepted,2026-04-20T09:27:44.386988Z,2026-04-20T09:55:11.082000Z,2026-04-20
FLW_e697087d,33TRS,2026-04-20T09:23:16.355454Z,accepted,2026-04-20T09:28:38.411519Z,2026-04-20T09:55:03.439000Z,2026-04-20
FLW_617e3aab,33TRS,2026-04-20T09:23:16.458634Z,accepted,2026-04-20T09:30:13.577161Z,2026-04-20T09:45:03.722000Z,2026-04-20
FLW_d0741399,33TRS,2026-04-20T09:23:16.321596Z,accepted,2026-04-20T09:31:26.416656Z,2026-04-20T09:44:50.396000Z,2026-04-20
FLW_cd3574a4,33TRS,2026-04-20T09:23:16.423407Z,accepted,2026-04-20T09:26:13.848233Z,2026-04-20T09:41:37.823000Z,2026-04-20
FLW_55f57e00,33TRS,2026-04-20T09:23:16.286984Z,accepted,2026-04-20T09:27:04.709362Z,2026-04-20T09:43:38.222000Z,2026-04-20
FLW_1d06b6f7,33TRS,2026-04-20T09:23:16.389356Z,accepted,2026-04-20T09:27:08.161065Z,2026-04-20T09:39:09.118000Z,2026-04-20
FLW_e2f7fc9c,33TRS,2026-04-20T09:28:14.819309Z,accepted,2026-04-20T09:30:03.193226Z,2026-04-20T10:19:04.673000Z,2026-04-20
FLW_8b89b797,33TRS,2026-04-20T09:34:07.749097Z,accepted,2026-04-20T09:35:57.757116Z,2026-04-20T09:56:41.332000Z,2026-04-20
FLW_9ee153ae,33TRS,2026-04-20T09:34:56.010912Z,accepted,2026-04-20T09:35:14.253283Z,2026-04-20T09:50:42.997000Z,2026-04-20
FLW_770689f0,33TRS,2026-04-20T09:35:59.296131Z,accepted,2026-04-20T09:38:07.342954Z,2026-04-20T09:51:14.307000Z,2026-04-20
FLW_4ff3844f,33TRS,2026-04-27T08:54:39.244945Z,accepted,2026-04-27T08:57:38.819661Z,2026-04-27T09:00:34.515000Z,2026-04-27
FLW_a04e4bbe,33TRS,2026-04-20T09:38:10.847374Z,accepted,2026-04-20T09:39:16.954010Z,2026-04-20T10:34:36.774000Z,2026-04-20
FLW_6e5cc4c8,33TRS,2026-04-20T09:40:28.552467Z,accepted,2026-04-20T09:41:21.703860Z,2026-04-20T10:01:57.939000Z,2026-04-20
FLW_8c09b63c,33TRS,2026-04-20T09:45:03.113747Z,accepted,2026-04-20T09:48:16.934296Z,2026-04-20T10:01:57.325000Z,2026-04-20
FLW_d956996a,33TRS,2026-04-20T09:45:03.076351Z,accepted,2026-04-20T09:56:32.283845Z,2026-04-20T10:17:06.740000Z,2026-04-20
FLW_4979e068,33TRS,2026-04-20T09:55:24.034734Z,accepted,2026-04-20T09:56:08.808113Z,2026-04-20T10:16:41.478000Z,2026-04-20
FLW_692a61c7,33TRS,2026-04-20T10:10:13.346755Z,accepted,2026-04-20T10:11:05.975053Z,2026-04-20T10:54:23.774000Z,2026-04-20
FLW_61ea9420,33TRS,2026-04-20T10:10:13.397527Z,accepted,2026-04-20T10:18:52.045731Z,2026-04-20T10:29:29.896000Z,2026-04-20
FLW_25265b8e,33TRS,2026-04-20T10:16:54.213612Z,accepted,2026-04-20T10:21:10.391128Z,2026-04-20T10:35:58.904000Z,2026-04-20
FLW_2d0bdeaf,33TRS,2026-04-20T10:27:35.412302Z,accepted,2026-04-20T10:31:15.336417Z,2026-04-20T10:39:11.478000Z,2026-04-20
FLW_50b4a791,33TRS,2026-04-20T10:28:26.963713Z,accepted,2026-04-20T10:40:18.465720Z,2026-04-20T10:52:55.293000Z,2026-04-20
FLW_ebc93069,33TRS,2026-04-20T10:29:25.304105Z,accepted,2026-04-20T10:31:36.795056Z,2026-04-20T10:48:58.706000Z,2026-04-20
FLW_946aa223,33TRS,2026-04-20T10:32:16.685487Z,accepted,2026-04-20T10:34:58.990963Z,2026-04-20T10:49:52.026000Z,2026-04-20
FLW_7ef4c89d,33TRS,2026-04-20T10:47:50.371533Z,accepted,2026-04-20T10:48:59.792406Z,2026-04-20T11:13:46.881000Z,2026-04-20
FLW_2eadc426,33TRS,2026-04-20T12:12:13.526449Z,accepted,2026-04-20T12:14:31.966021Z,2026-04-20T12:22:27.777000Z,2026-04-20
FLW_4041a450,33TRS,2026-04-20T12:12:13.484065Z,accepted,2026-04-20T12:15:47.891134Z,2026-04-20T12:30:25.751000Z,2026-04-20
FLW_62112cbe,33TRS,2026-04-20T12:12:13.431747Z,accepted,2026-04-20T12:17:09.040336Z,2026-04-20T12:27:18.175000Z,2026-04-20
FLW_5bbc8106,33TRS,2026-04-20T14:07:51.628078Z,accepted,2026-04-20T14:10:01.594922Z,2026-04-20T14:25:18.466000Z,2026-04-20
FLW_66355065,33TRS,2026-04-20T10:27:35.358127Z,accepted,2026-04-20T10:28:35.320412Z,2026-04-20T10:39:52.387000Z,2026-04-20
FLW_74b63c98,33TRS,2026-04-20T14:37:11.727585Z,accepted,2026-04-20T14:39:10.318653Z,2026-04-20T14:45:45.293000Z,2026-04-20
FLW_f65a4ade,34TRS,2026-04-21T10:25:15.311258Z,accepted,2026-04-21T10:27:37.746930Z,2026-04-21T10:44:49.673000Z,2026-04-21
FLW_7b631a79,34TRS,2026-04-21T10:25:15.436166Z,accepted,2026-04-21T10:27:55.294571Z,2026-04-21T11:04:27.246000Z,2026-04-21
FLW_fe048abb,34TRS,2026-04-21T10:25:15.503521Z,accepted,2026-04-21T10:42:11.805124Z,2026-04-21T10:52:18.493000Z,2026-04-21
FLW_8909f12b,34TRS,2026-04-21T10:25:15.532939Z,accepted,2026-04-21T10:27:40.825225Z,2026-04-21T10:44:26.792000Z,2026-04-21
FLW_eb0a19ed,34TRS,2026-04-21T10:25:15.566274Z,accepted,2026-04-21T10:28:39.523588Z,2026-04-21T10:43:22.733000Z,2026-04-21
FLW_2c6e7bb1,34TRS,2026-04-21T10:25:15.401218Z,accepted,2026-04-21T10:28:31.792168Z,2026-04-21T10:44:14.349000Z,2026-04-21
FLW_f89d01e5,34TRS,2026-04-21T10:25:15.355577Z,accepted,2026-04-21T10:29:13.127868Z,2026-04-21T10:45:31.333000Z,2026-04-21
FLW_90c1bf76,34TRS,2026-04-21T10:34:16.402769Z,accepted,2026-04-21T10:35:36.859662Z,2026-04-21T11:08:10.586000Z,2026-04-21
FLW_6f37ab50,34TRS,2026-04-21T10:35:01.315720Z,accepted,2026-04-21T10:48:26.853654Z,2026-04-21T10:59:16.282000Z,2026-04-21
FLW_26ad5fa7,34TRS,2026-04-21T10:39:46.585868Z,accepted,2026-04-21T10:41:13.941206Z,2026-04-21T10:52:39.006000Z,2026-04-21
FLW_e8251a29,34TRS,2026-04-21T10:39:46.452365Z,accepted,2026-04-21T10:41:31.030766Z,2026-04-21T11:23:21.716000Z,2026-04-21
FLW_4d5793e8,34TRS,2026-04-21T10:39:46.482876Z,accepted,2026-04-21T10:42:06.817511Z,2026-04-21T10:53:05.956000Z,2026-04-21
FLW_e1a00725,34TRS,2026-04-21T10:39:46.417827Z,accepted,2026-04-21T10:42:16.910189Z,2026-04-21T10:51:58.911000Z,2026-04-21
FLW_080eddeb,34TRS,2026-04-21T10:39:46.551589Z,accepted,2026-04-21T10:43:58.151386Z,2026-04-21T10:59:16.594000Z,2026-04-21
FLW_11bc2ef6,34TRS,2026-04-21T10:39:46.517497Z,accepted,2026-04-21T10:44:23.818671Z,2026-04-21T11:21:21.914000Z,2026-04-21
FLW_11268232,34TRS,2026-04-21T10:40:57.221894Z,accepted,2026-04-21T10:43:32.145759Z,2026-04-21T11:06:27.402000Z,2026-04-21
FLW_e59b95ee,34TRS,2026-04-21T10:47:56.520522Z,accepted,2026-04-21T10:49:22.979069Z,2026-04-21T10:55:58.533000Z,2026-04-21
FLW_956a8065,34TRS,2026-04-21T10:52:29.172234Z,accepted,2026-04-21T10:57:18.725272Z,2026-04-21T11:29:23.400000Z,2026-04-21
FLW_e7b7a27e,34TRS,2026-04-21T10:25:15.468605Z,accepted,2026-04-21T10:33:48.724700Z,2026-04-21T10:54:26.862000Z,2026-04-21
FLW_682a5d13,34TRS,2026-04-21T11:00:02.578410Z,accepted,2026-04-21T11:00:28.216572Z,2026-04-21T11:12:15.382000Z,2026-04-21
FLW_f55e86ee,34TRS,2026-04-21T11:09:11.135276Z,accepted,2026-04-21T11:11:19.214229Z,2026-04-21T11:32:08.477000Z,2026-04-21
FLW_8d3b630d,34TRS,2026-04-21T11:09:11.100983Z,accepted,2026-04-21T11:12:47.226526Z,2026-04-21T11:30:27.983000Z,2026-04-21
FLW_b2aea3e9,34TRS,2026-04-21T11:09:11.215124Z,accepted,2026-04-21T11:16:22.163599Z,2026-04-21T11:28:34.289000Z,2026-04-21
FLW_3cf2eb1b,34TRS,2026-04-21T11:28:57.488094Z,accepted,2026-04-21T11:29:35.583221Z,2026-04-21T12:00:53.329000Z,2026-04-21
FLW_ea2a1bd0,34TRS,2026-04-21T11:36:31.578249Z,accepted,2026-04-21T11:37:28.299046Z,2026-04-21T11:43:37.960000Z,2026-04-21
FLW_baf5104b,34TRS,2026-04-21T11:45:09.481376Z,accepted,2026-04-21T11:46:28.377360Z,2026-04-21T12:02:29.641000Z,2026-04-21
FLW_4d5e051c,34TRS,2026-04-21T12:19:05.777515Z,accepted,2026-04-21T12:20:45.161517Z,2026-04-21T12:26:44.030000Z,2026-04-21
FLW_ba07de30,34TRS,2026-04-21T14:11:38.419814Z,accepted,2026-04-21T14:17:31.856411Z,2026-04-21T15:12:16.272000Z,2026-04-21
FLW_8892e43a,34TRS,2026-04-21T14:16:21.143593Z,accepted,2026-04-21T14:30:21.403612Z,2026-04-21T16:05:21.280000Z,2026-04-21
FLW_04897130,34TRS,2026-04-21T15:59:23.424852Z,accepted,2026-04-21T16:13:30.669280Z,2026-04-22T14:20:00.346000Z,2026-04-22
FLW_c2528a35,34TRS,2026-04-21T10:58:44.787022Z,accepted,2026-04-21T10:59:08.207513Z,2026-04-21T11:13:01.012000Z,2026-04-21
FLW_012bbe13,21TRS,2026-04-20T12:48:24.783105Z,accepted,2026-04-20T12:51:11.814487Z,2026-04-20T13:07:34.710000Z,2026-04-20
FLW_b247626c,21TRS,2026-04-20T12:48:24.444433Z,accepted,2026-04-20T12:51:40.147409Z,2026-04-20T13:08:49.581000Z,2026-04-20
FLW_fd4e034e,21TRS,2026-04-20T12:48:24.539093Z,accepted,2026-04-20T12:55:44.443495Z,2026-04-20T13:22:40.807000Z,2026-04-20
FLW_8b806aeb,21TRS,2026-04-20T12:48:24.910925Z,accepted,2026-04-20T12:51:47.815190Z,2026-04-20T13:12:20.082000Z,2026-04-20
FLW_205282df,21TRS,2026-04-20T12:48:24.692729Z,accepted,2026-04-20T12:52:06.148629Z,2026-04-20T13:22:32.704000Z,2026-04-20
FLW_35825d23,21TRS,2026-04-20T12:48:24.721941Z,accepted,2026-04-20T12:52:14.358465Z,2026-04-20T13:22:47.743000Z,2026-04-20
FLW_256276fc,21TRS,2026-04-20T12:48:24.847390Z,accepted,2026-04-20T12:49:25.268520Z,2026-04-20T13:16:59.926000Z,2026-04-20
FLW_f02666a1,21TRS,2026-04-20T12:48:24.318925Z,accepted,2026-04-20T12:52:20.043549Z,2026-04-20T13:13:03.357000Z,2026-04-20
FLW_b229fe27,21TRS,2026-04-20T12:48:24.881065Z,accepted,2026-04-20T12:49:43.170891Z,2026-04-20T13:06:39.177000Z,2026-04-20
FLW_d531f494,21TRS,2026-04-20T12:48:24.412407Z,accepted,2026-04-20T12:57:04.816562Z,2026-04-20T13:06:54.905000Z,2026-04-20
FLW_a0149218,21TRS,2026-04-20T12:48:24.290831Z,accepted,2026-04-20T12:49:55.260599Z,2026-04-20T12:58:15.598000Z,2026-04-20
FLW_0ed829c6,21TRS,2026-04-20T12:48:24.506363Z,accepted,2026-04-20T12:52:20.204448Z,2026-04-20T13:14:00.113000Z,2026-04-20
FLW_173cf6bf,21TRS,2026-04-20T12:48:24.975287Z,accepted,2026-04-20T12:52:21.652790Z,2026-04-20T13:02:24.757000Z,2026-04-20
FLW_931410b0,21TRS,2026-04-20T12:48:24.752497Z,accepted,2026-04-20T12:59:01.906406Z,2026-04-20T13:08:17.051000Z,2026-04-20
FLW_2c90c973,21TRS,2026-04-20T12:48:24.220622Z,accepted,2026-04-20T12:50:56.416146Z,2026-04-20T13:06:27.367000Z,2026-04-20
FLW_e631c605,21TRS,2026-04-20T12:48:24.475447Z,accepted,2026-04-20T12:50:57.518113Z,2026-04-20T13:03:09.502000Z,2026-04-20
FLW_04638569,21TRS,2026-04-20T12:48:24.662298Z,accepted,2026-04-20T12:50:59.201025Z,2026-04-20T13:36:40.392000Z,2026-04-20
FLW_13ba66a7,21TRS,2026-04-20T12:48:24.188107Z,accepted,2026-04-20T12:51:00.625171Z,2026-04-20T13:06:56.335000Z,2026-04-20
FLW_3828edd9,21TRS,2026-04-20T12:48:24.101172Z,accepted,2026-04-20T12:51:05.747076Z,2026-04-20T13:07:50.658000Z,2026-04-20
FLW_6b1c440a,21TRS,2026-04-20T12:48:24.255101Z,accepted,2026-04-20T12:59:09.827889Z,2026-04-20T13:21:48.469000Z,2026-04-20
FLW_4a51f62f,21TRS,2026-04-20T12:48:24.065932Z,accepted,2026-04-20T12:51:06.808118Z,2026-04-20T13:06:13.545000Z,2026-04-20
FLW_97b25d75,21TRS,2026-04-20T12:48:24.631864Z,accepted,2026-04-20T12:51:07.114800Z,2026-04-20T13:09:28.326000Z,2026-04-20
FLW_a726cbc2,21TRS,2026-04-20T12:48:24.133551Z,accepted,2026-04-20T12:51:10.031190Z,2026-04-20T13:08:25.289000Z,2026-04-20
FLW_4277b4af,21TRS,2026-04-20T12:48:23.976192Z,accepted,2026-04-20T12:51:18.019369Z,2026-04-20T13:11:51.460000Z,2026-04-20
FLW_1058ff63,21TRS,2026-04-20T12:48:24.813470Z,accepted,2026-04-20T12:52:38.539156Z,2026-04-20T13:10:30.989000Z,2026-04-20
FLW_18de0524,21TRS,2026-04-20T12:48:24.571769Z,accepted,2026-04-20T12:52:42.785253Z,2026-04-20T13:12:16.199000Z,2026-04-20
FLW_60582c12,21TRS,2026-04-20T12:48:24.943247Z,accepted,2026-04-20T12:52:50.395249Z,2026-04-20T13:06:44.167000Z,2026-04-20
FLW_1e9c0fa9,21TRS,2026-04-20T12:48:24.351277Z,accepted,2026-04-20T12:53:18.825673Z,2026-04-20T13:26:58.143000Z,2026-04-20
FLW_178faaca,21TRS,2026-04-20T12:48:24.381362Z,accepted,2026-04-20T12:59:13.286218Z,2026-04-20T13:20:38.576000Z,2026-04-20
FLW_c3a0922e,21TRS,2026-04-20T12:48:24.032882Z,accepted,2026-04-20T13:00:38.652257Z,2026-04-20T13:26:22.952000Z,2026-04-20
FLW_3ef36e74,21TRS,2026-04-20T12:48:24.603093Z,accepted,2026-04-20T13:01:55.993987Z,2026-04-20T13:08:43.926000Z,2026-04-20
FLW_d9c3f63a,21TRS,2026-04-20T13:02:43.016655Z,accepted,2026-04-20T13:03:37.440119Z,2026-04-20T13:09:35.454000Z,2026-04-20
FLW_3d8cb006,21TRS,2026-04-20T13:02:42.959658Z,accepted,2026-04-20T13:03:17.526226Z,2026-04-20T13:13:54.027000Z,2026-04-20
FLW_8834973b,22TRS,2026-04-21T12:02:43.583134Z,accepted,2026-04-21T12:42:27.003605Z,2026-04-21T12:55:17.123000Z,2026-04-21
FLW_93197514,22TRS,2026-04-21T12:02:43.321500Z,accepted,2026-04-21T12:43:15.080780Z,2026-04-21T12:51:48.875000Z,2026-04-21
FLW_69f1e5ab,22TRS,2026-04-21T12:02:43.552480Z,accepted,2026-04-21T12:43:45.499657Z,2026-04-21T12:53:17.856000Z,2026-04-21
FLW_d03cad80,22TRS,2026-04-21T12:02:43.519036Z,accepted,2026-04-21T12:51:40.401980Z,2026-04-21T14:25:25.053000Z,2026-04-21
FLW_1c9218f3,22TRS,2026-04-21T12:02:43.271789Z,accepted,2026-04-21T12:07:09.020098Z,2026-04-21T12:18:52.298000Z,2026-04-21
FLW_ce4ba690,22TRS,2026-04-21T12:02:43.486536Z,accepted,2026-04-21T12:07:57.697928Z,2026-04-21T14:00:29.579000Z,2026-04-21
FLW_f27d0171,22TRS,2026-04-21T12:02:43.353503Z,accepted,2026-04-21T12:08:39.100042Z,2026-04-21T12:18:51.457000Z,2026-04-21
FLW_55f23c16,22TRS,2026-04-21T12:02:43.454392Z,accepted,2026-04-21T12:11:27.819505Z,2026-04-21T14:00:53.424000Z,2026-04-21
FLW_ac09af5e,22TRS,2026-04-21T12:02:43.388493Z,accepted,2026-04-21T12:17:14.017563Z,2026-04-21T12:23:07.878000Z,2026-04-21
FLW_1fed64e9,22TRS,2026-04-21T12:02:43.420340Z,accepted,2026-04-21T12:25:43.034765Z,2026-04-21T12:37:32.965000Z,2026-04-21
FLW_76780a6a,22TRS,2026-04-21T12:16:57.130950Z,accepted,2026-04-21T12:18:50.947223Z,2026-04-21T14:13:16.996000Z,2026-04-21
FLW_a923a664,22TRS,2026-04-21T12:22:19.253174Z,accepted,2026-04-21T12:22:46.170007Z,2026-04-21T14:02:38.509000Z,2026-04-21
FLW_5c883979,22TRS,2026-04-21T12:22:19.283769Z,accepted,2026-04-21T12:23:21.321601Z,2026-04-21T14:01:04.849000Z,2026-04-21
FLW_a30eb1b7,22TRS,2026-04-21T12:28:50.234587Z,accepted,2026-04-21T12:29:43.122016Z,2026-04-21T12:42:31.143000Z,2026-04-21
FLW_47c4b48f,22TRS,2026-04-21T12:33:35.498786Z,accepted,2026-04-21T12:34:14.980541Z,2026-04-21T12:43:36.798000Z,2026-04-21
FLW_ec5d285f,22TRS,2026-04-21T12:46:33.699048Z,accepted,2026-04-21T12:49:13.464625Z,2026-04-21T12:57:56.497000Z,2026-04-21
FLW_e1d4c437,22TRS,2026-04-21T12:46:33.725480Z,accepted,2026-04-21T12:54:31.336130Z,2026-04-21T13:06:15.124000Z,2026-04-21
FLW_1513fe2e,22TRS,2026-04-21T12:46:33.646221Z,accepted,2026-04-21T12:47:04.378824Z,2026-04-21T12:57:11.448000Z,2026-04-21
FLW_b6c4b0e0,22TRS,2026-04-21T12:46:33.545186Z,accepted,2026-04-21T12:47:07.562229Z,2026-04-21T13:02:21.528000Z,2026-04-21
FLW_8078c095,22TRS,2026-04-21T12:46:33.591220Z,accepted,2026-04-21T12:47:11.530476Z,2026-04-21T12:57:45.871000Z,2026-04-21
FLW_4ef83b75,22TRS,2026-04-21T12:46:33.672693Z,accepted,2026-04-21T12:47:19.098929Z,2026-04-21T12:56:43.628000Z,2026-04-21
FLW_db714949,22TRS,2026-04-21T12:46:33.752389Z,accepted,2026-04-21T12:47:26.811068Z,2026-04-21T13:13:30.528000Z,2026-04-21
FLW_38e90bc1,22TRS,2026-04-21T12:46:33.620678Z,accepted,2026-04-21T12:48:04.046195Z,2026-04-21T12:54:44.174000Z,2026-04-21
FLW_5d4fa56f,22TRS,2026-04-21T12:54:49.693354Z,accepted,2026-04-21T13:00:28.111138Z,2026-04-21T13:07:55.375000Z,2026-04-21
FLW_516bf083,22TRS,2026-04-21T12:54:49.738696Z,accepted,2026-04-21T12:56:08.257350Z,2026-04-21T13:01:26.027000Z,2026-04-21
FLW_4dcb8789,22TRS,2026-04-21T12:54:49.765073Z,accepted,2026-04-21T12:56:44.842071Z,2026-04-21T13:04:19.900000Z,2026-04-21
FLW_45b5a255,22TRS,2026-04-21T13:04:35.388705Z,accepted,2026-04-21T13:06:06.031601Z,2026-04-21T13:12:07.282000Z,2026-04-21
FLW_8d41b5c6,22TRS,2026-04-21T13:04:35.338412Z,accepted,2026-04-21T13:07:33.315189Z,2026-04-21T13:22:17.611000Z,2026-04-21
FLW_b9e2812e,22TRS,2026-04-21T13:16:39.083783Z,accepted,2026-04-21T13:16:55.626238Z,2026-04-21T13:22:22.388000Z,2026-04-21
FLW_fea4aa62,22TRS,2026-04-21T13:16:39.035120Z,accepted,2026-04-21T13:17:18.304147Z,2026-04-21T13:22:55.826000Z,2026-04-21
FLW_f0697b78,22TRS,2026-04-21T13:34:19.230546Z,accepted,2026-04-21T13:34:47.329084Z,2026-04-21T13:47:27.652000Z,2026-04-21
FLW_5860829d,22TRS,2026-04-21T14:24:06.619835Z,accepted,2026-04-21T14:26:35.164100Z,2026-04-21T14:31:41.506000Z,2026-04-21
FLW_de4e6b14,22TRS,2026-04-21T14:53:45.209423Z,accepted,2026-04-21T14:54:27.773401Z,2026-04-21T15:03:17.400000Z,2026-04-21
FLW_3007b86c,35TRS,2026-04-22T10:45:32.435747Z,accepted,2026-04-22T10:52:14.925139Z,2026-04-22T11:04:13.657000Z,2026-04-22
FLW_7fe967d2,35TRS,2026-04-22T10:45:32.246706Z,accepted,2026-04-22T10:46:24.403746Z,2026-04-22T10:59:04.911000Z,2026-04-22
FLW_8eaca772,35TRS,2026-04-22T10:45:32.493343Z,accepted,2026-04-22T10:47:25.971450Z,2026-04-22T11:05:04.024000Z,2026-04-22
FLW_f38add9c,35TRS,2026-04-22T10:45:32.312859Z,accepted,2026-04-22T10:46:40.560692Z,2026-04-22T10:59:05.059000Z,2026-04-22
FLW_fdfd2615,35TRS,2026-04-22T10:45:32.278826Z,accepted,2026-04-22T10:52:32.917317Z,2026-04-22T11:03:56.578000Z,2026-04-22
FLW_7eaab755,35TRS,2026-04-22T10:45:32.581557Z,accepted,2026-04-22T10:51:40.937862Z,2026-04-22T11:02:41.429000Z,2026-04-22
FLW_1874d40e,35TRS,2026-04-22T10:45:32.406135Z,accepted,2026-04-22T10:47:22.459750Z,2026-04-22T11:01:51.683000Z,2026-04-22
FLW_799c780e,35TRS,2026-04-22T10:45:32.551680Z,accepted,2026-04-22T10:48:33.433695Z,2026-04-22T11:02:40.682000Z,2026-04-22
FLW_c7bc3d14,35TRS,2026-04-22T10:45:32.183689Z,accepted,2026-04-22T10:49:30.884143Z,2026-04-22T11:21:48.662000Z,2026-04-22
FLW_ff6e5570,35TRS,2026-04-22T10:45:32.343507Z,accepted,2026-04-22T10:50:06.885682Z,2026-04-22T11:05:12.701000Z,2026-04-22
FLW_33807f6b,35TRS,2026-04-22T10:45:32.466065Z,accepted,2026-04-22T10:55:03.874201Z,2026-04-22T12:03:24.065000Z,2026-04-22
FLW_06d44876,35TRS,2026-04-22T10:45:32.522429Z,accepted,2026-04-22T10:50:50.488144Z,2026-04-22T11:05:18.525000Z,2026-04-22
FLW_9f8664f4,35TRS,2026-04-22T11:20:14.990718Z,accepted,2026-04-22T11:25:58.063393Z,2026-04-22T11:39:28.995000Z,2026-04-22
FLW_d90d31c5,35TRS,2026-04-22T11:20:14.940756Z,accepted,2026-04-22T11:23:38.427484Z,2026-04-22T11:47:15.006000Z,2026-04-22
FLW_2821dba7,35TRS,2026-04-22T11:23:56.908188Z,accepted,2026-04-22T11:48:21.220074Z,2026-04-22T11:57:12.958000Z,2026-04-22
FLW_a0cd3075,35TRS,2026-04-22T11:23:56.726640Z,accepted,2026-04-22T11:25:10.229642Z,2026-04-22T11:30:54.737000Z,2026-04-22
FLW_e0fddfcc,35TRS,2026-04-22T11:23:56.663976Z,accepted,2026-04-22T11:25:51.278911Z,2026-04-22T11:33:42.281000Z,2026-04-22
FLW_09d7e3be,35TRS,2026-04-22T11:23:56.697616Z,accepted,2026-04-22T11:26:20.743355Z,2026-04-22T11:37:08.848000Z,2026-04-22
FLW_0ddb7454,35TRS,2026-04-22T11:23:56.848533Z,accepted,2026-04-22T11:26:22.138658Z,2026-04-22T11:36:12.131000Z,2026-04-22
FLW_18a46e19,35TRS,2026-04-22T11:23:56.756893Z,accepted,2026-04-22T11:26:25.831701Z,2026-04-22T11:33:27.015000Z,2026-04-22
FLW_3e06559c,35TRS,2026-04-22T11:23:56.783917Z,accepted,2026-04-22T11:26:45.204985Z,2026-04-22T11:44:37.561000Z,2026-04-22
FLW_05c24865,35TRS,2026-04-22T11:23:56.879365Z,accepted,2026-04-22T11:26:54.324268Z,2026-04-22T11:35:05.227000Z,2026-04-22
FLW_8310a0e1,35TRS,2026-04-22T11:23:56.815554Z,accepted,2026-04-22T11:30:43.020051Z,2026-04-22T11:49:17.176000Z,2026-04-22
FLW_b907a3f2,35TRS,2026-04-22T11:34:12.125887Z,accepted,2026-04-22T11:36:50.665534Z,2026-04-22T11:52:00.615000Z,2026-04-22
FLW_afb685a7,35TRS,2026-04-22T11:36:10.386097Z,accepted,2026-04-22T11:36:38.254712Z,2026-04-22T12:02:51.411000Z,2026-04-22
FLW_33be6f3d,35TRS,2026-04-22T11:36:10.453324Z,accepted,2026-04-22T11:38:00.286708Z,2026-04-22T11:44:41.588000Z,2026-04-22
FLW_4a1c53e1,35TRS,2026-04-22T11:36:10.493014Z,accepted,2026-04-22T11:40:08.404312Z,2026-04-22T12:09:16.153000Z,2026-04-22
FLW_3be7a37e,35TRS,2026-04-22T11:39:17.425114Z,accepted,2026-04-22T11:40:59.205135Z,2026-04-22T11:44:44.110000Z,2026-04-22
FLW_8776840d,35TRS,2026-04-22T12:41:35.019806Z,accepted,2026-04-22T12:42:39.033895Z,2026-04-22T12:59:59.262000Z,2026-04-22
FLW_698d78c3,35TRS,2026-04-22T15:32:16.834049Z,accepted,2026-04-22T15:33:57.028252Z,2026-04-22T15:41:44.478000Z,2026-04-22
FLW_bd7deb38,35TRS,2026-04-22T15:54:46.314299Z,accepted,2026-04-22T15:55:39.208456Z,2026-04-22T15:59:32.179000Z,2026-04-22
FLW_65164e49,35TRS,2026-04-22T14:50:31.531284Z,accepted,2026-04-22T14:51:40.362258Z,2026-04-22T14:56:19.743000Z,2026-04-22
FLW_355c006f,23TRS,2026-04-23T13:05:25.221189Z,accepted,2026-04-23T13:08:36.122232Z,2026-04-23T13:35:27.992000Z,2026-04-23
FLW_f40a39c5,23TRS,2026-04-23T13:05:25.254661Z,accepted,2026-04-23T13:13:22.225374Z,2026-04-23T13:37:03.198000Z,2026-04-23
FLW_c773011d,23TRS,2026-04-23T13:05:24.802757Z,accepted,2026-04-23T13:08:20.686456Z,2026-04-23T13:35:11.291000Z,2026-04-23
FLW_a21b809a,23TRS,2026-04-23T13:05:25.001126Z,accepted,2026-04-23T13:08:37.003494Z,2026-04-23T13:36:03.435000Z,2026-04-23
FLW_20678b06,23TRS,2026-04-23T13:05:24.836722Z,accepted,2026-04-23T13:09:18.490995Z,2026-04-23T13:32:36.798000Z,2026-04-23
FLW_2e2f9fa2,23TRS,2026-04-23T13:05:24.902186Z,accepted,2026-04-23T13:11:07.738968Z,2026-04-23T13:32:03.024000Z,2026-04-23
FLW_85370bed,23TRS,2026-04-23T13:05:24.869733Z,accepted,2026-04-23T13:12:18.116063Z,2026-04-23T13:40:45.722000Z,2026-04-23
FLW_5b17e134,23TRS,2026-04-23T13:05:25.287683Z,accepted,2026-04-23T13:13:46.270699Z,2026-04-23T13:37:36.762000Z,2026-04-23
FLW_611ae857,23TRS,2026-04-23T13:05:25.186973Z,accepted,2026-04-23T13:25:52.735202Z,2026-04-23T13:39:13.557000Z,2026-04-23
FLW_af56bee8,23TRS,2026-04-23T13:05:25.324544Z,accepted,2026-04-23T13:08:57.382750Z,2026-04-23T13:38:58.183000Z,2026-04-23
FLW_004310c6,23TRS,2026-04-23T13:05:25.508443Z,accepted,2026-04-23T13:09:07.303799Z,2026-04-23T13:35:35.418000Z,2026-04-23
FLW_3c575494,23TRS,2026-04-23T13:05:25.634779Z,accepted,2026-04-23T13:07:03.359644Z,2026-04-23T13:31:46.384000Z,2026-04-23
FLW_4908a005,23TRS,2026-04-23T13:05:25.570110Z,accepted,2026-04-23T13:11:20.571934Z,2026-04-23T13:35:37.197000Z,2026-04-23
FLW_7d7e1d82,23TRS,2026-04-23T13:05:25.538731Z,accepted,2026-04-23T13:11:37.816372Z,2026-04-23T13:35:51.545000Z,2026-04-23
FLW_00ec5ac0,23TRS,2026-04-23T13:05:25.845538Z,accepted,2026-04-23T13:07:41.161994Z,2026-04-23T13:30:21.480000Z,2026-04-23
FLW_6c0d2dd5,23TRS,2026-04-23T13:05:25.774645Z,accepted,2026-04-23T13:08:38.984308Z,2026-04-23T13:37:20.876000Z,2026-04-23
FLW_f39d2ace,23TRS,2026-04-23T13:05:25.706775Z,accepted,2026-04-23T13:08:46.102274Z,2026-04-23T13:35:45.512000Z,2026-04-23
FLW_62c0b19d,23TRS,2026-04-23T13:05:25.810734Z,accepted,2026-04-23T13:08:46.605039Z,2026-04-23T13:30:23.867000Z,2026-04-23
FLW_8297ec1a,23TRS,2026-04-23T13:05:25.356533Z,accepted,2026-04-23T13:09:51.103845Z,2026-04-23T13:35:07.533000Z,2026-04-23
FLW_a7062d23,23TRS,2026-04-23T13:05:25.392261Z,accepted,2026-04-23T13:10:07.196530Z,2026-04-23T13:37:08.974000Z,2026-04-23
FLW_9f1ddd7f,23TRS,2026-04-23T13:05:25.672741Z,accepted,2026-04-23T13:10:22.566997Z,2026-04-23T13:37:45.783000Z,2026-04-23
FLW_92b5507d,23TRS,2026-04-23T13:05:25.737801Z,accepted,2026-04-23T13:12:18.413403Z,2026-04-23T13:40:29.678000Z,2026-04-23
FLW_3e2375c2,23TRS,2026-04-23T13:05:25.603277Z,accepted,2026-04-23T13:12:21.793521Z,2026-04-23T13:31:04.145000Z,2026-04-23
FLW_2fead802,23TRS,2026-04-23T13:05:25.446419Z,accepted,2026-04-23T13:14:11.871684Z,2026-04-23T13:36:43.948000Z,2026-04-23
FLW_daecb508,23TRS,2026-04-23T13:05:25.478347Z,accepted,2026-04-23T13:20:53.300796Z,2026-04-23T13:37:12.582000Z,2026-04-23
FLW_63803745,23TRS,2026-04-23T13:05:24.763625Z,accepted,2026-04-23T13:07:26.208648Z,2026-04-23T13:30:47.057000Z,2026-04-23
FLW_1a0b2a93,23TRS,2026-04-23T13:05:24.968044Z,accepted,2026-04-23T13:08:30.531065Z,2026-04-23T13:35:01.397000Z,2026-04-23
FLW_c276c9c0,23TRS,2026-04-23T13:05:25.107607Z,accepted,2026-04-23T13:09:43.619816Z,2026-04-23T13:33:35.837000Z,2026-04-23
FLW_c728f7b6,23TRS,2026-04-23T13:05:24.934889Z,accepted,2026-04-23T13:10:36.848261Z,2026-04-23T13:33:03.948000Z,2026-04-23
FLW_37e07c6a,23TRS,2026-04-23T13:05:25.048636Z,accepted,2026-04-23T13:08:45.189853Z,2026-04-23T13:34:39.948000Z,2026-04-23
FLW_af441674,23TRS,2026-04-23T13:05:25.148034Z,accepted,2026-04-23T13:08:36.196213Z,2026-04-23T13:34:40.189000Z,2026-04-23
FLW_2629a8c0,23TRS,2026-04-24T11:21:21.093082Z,accepted,2026-04-24T11:21:50.898669Z,2026-04-24T11:35:09.541000Z,2026-04-24
FLW_548a4896,23TRS,2026-04-24T13:11:42.235928Z,accepted,2026-04-24T13:11:56.191837Z,2026-04-25T19:21:25.210000Z,2026-04-26
FLW_f885c2da,1ABT1CA1,2026-04-22T12:03:54.545873Z,accepted,2026-06-15T14:34:00.256087Z,2026-07-20T16:29:49.444000Z,
FLW_f850894b,1ABT1CA1,2026-04-22T12:03:55.545014Z,sms_delivered,,,
FLW_fc347ef7,1ABT1CA1,2026-04-22T12:03:54.271357Z,accepted,2026-04-22T12:08:50.515841Z,2026-04-22T12:09:26.239000Z,2026-04-22
FLW_c21513b4,1ABT1CA1,2026-04-22T12:03:54.169328Z,accepted,2026-04-22T19:51:14.038613Z,2026-04-22T19:52:48.494000Z,2026-04-22
FLW_d27879d1,1ABT1CA1,2026-04-22T12:03:55.571981Z,accepted,2026-04-22T12:06:56.673210Z,2026-04-22T12:08:37.158000Z,2026-04-22
FLW_6c7fd496,1ABT1CA1,2026-04-22T12:03:54.836454Z,accepted,2026-04-22T12:06:26.941504Z,2026-04-22T12:07:38.329000Z,2026-04-22
FLW_95bf583c,1ABT1CA1,2026-04-22T12:03:54.572700Z,accepted,2026-04-22T12:32:04.326057Z,2026-04-22T12:33:37.621000Z,2026-04-23
FLW_d52ffe66,1ABT1CA1,2026-04-22T12:03:55.412483Z,accepted,2026-04-28T12:27:00.238264Z,2026-04-28T12:28:10.121000Z,2026-04-28
FLW_200b7e0c,1ABT1CA1,2026-04-22T12:03:54.355952Z,accepted,2026-04-22T12:23:19.008111Z,2026-04-22T12:24:13.944000Z,2026-04-22
FLW_43ebf299,1ABT1CA1,2026-04-22T12:03:55.260519Z,accepted,2026-05-20T11:51:09.652342Z,2026-05-20T11:52:38.764000Z,2026-05-20
FLW_77122cb3,1ABT1CA1,2026-04-22T12:03:55.438662Z,accepted,2026-04-22T20:15:04.083350Z,2026-04-22T20:18:39.177000Z,2026-04-22
FLW_084bb39e,1ABT1CA1,2026-04-22T12:03:54.244168Z,accepted,2026-04-22T16:15:16.002925Z,2026-04-22T16:15:43.087000Z,2026-04-22
FLW_63705f20,1ABT1CA1,2026-04-22T12:03:54.677403Z,accepted,2026-04-22T12:21:59.647455Z,2026-04-22T12:25:28.890000Z,2026-04-22
FLW_3441d420,1ABT1CA1,2026-04-22T12:03:54.328234Z,accepted,2026-04-22T12:31:53.693034Z,2026-04-23T13:30:02.331000Z,2026-04-23
FLW_4a2aea26,1ABT1CA1,2026-04-22T12:03:54.780445Z,accepted,2026-05-20T11:43:58.994719Z,2026-05-26T12:47:57.512000Z,2026-05-26
FLW_e4bb3cf3,1ABT1CA1,2026-04-22T12:03:54.653102Z,accepted,2026-04-22T12:21:32.189182Z,2026-04-22T12:24:15.522000Z,2026-04-22
FLW_dd709529,1ABT1CA1,2026-04-22T12:03:55.205829Z,accepted,2026-04-22T12:18:14.728549Z,2026-04-22T12:21:30.150000Z,2026-04-22
FLW_cc266b42,1ABT1CA1,2026-04-22T12:03:54.463102Z,accepted,2026-04-23T21:12:35.344161Z,2026-04-23T21:13:23.775000Z,2026-04-23
FLW_ee60dc76,1ABT1CA1,2026-04-22T12:03:54.973138Z,sms_delivered,,,
FLW_de11d5f8,1ABT1CA1,2026-04-22T12:03:55.060799Z,accepted,,,
FLW_b05d9382,1ABT1CA1,2026-04-22T12:03:55.465873Z,accepted,2026-04-22T21:15:55.171739Z,2026-05-06T04:46:47.344000Z,2026-05-06
FLW_d94b889a,1ABT1CA1,2026-04-22T12:03:55.177807Z,accepted,2026-04-22T15:20:17.491147Z,2026-04-22T15:20:54.899000Z,
FLW_76d57199,1ABT1CA1,2026-04-22T12:03:55.517448Z,sms_delivered,,,
FLW_14cb2166,1ABT1CA1,2026-04-22T12:03:54.862737Z,accepted,2026-04-23T09:01:39.023106Z,2026-04-23T09:02:43.662000Z,2026-04-23
FLW_b4adda96,1ABT1CA1,2026-04-22T12:03:55.030603Z,accepted,2026-04-27T19:26:24.461063Z,2026-04-28T14:28:13.621000Z,2026-04-28
FLW_48ae1d42,1ABT1CA1,2026-04-22T12:03:55.361391Z,accepted,2026-04-22T20:05:41.368038Z,2026-04-22T20:08:17.338000Z,2026-04-22
FLW_2adc93c8,1ABT1CA1,2026-04-22T12:03:55.286263Z,accepted,2026-06-28T09:06:36.407967Z,2026-06-28T09:07:47.448000Z,2026-06-28
FLW_c673c8a1,1ABT1CA1,2026-04-22T12:03:55.151267Z,accepted,2026-04-24T18:10:58.313360Z,2026-05-05T18:10:57.578000Z,2026-05-13
FLW_3f346f5f,1ABT1CA1,2026-04-22T12:03:54.728343Z,sms_delivered,,,
FLW_80cddf28,1ABT1CA1,2026-04-22T12:03:55.387590Z,accepted,2026-05-01T22:21:49.053727Z,2026-05-01T22:23:36.298000Z,2026-05-01
FLW_2d0de65b,1ABT1CA1,2026-04-22T12:03:54.888530Z,accepted,2026-04-23T07:29:20.037194Z,2026-04-23T07:30:40.073000Z,2026-04-23
FLW_c86561c3,1ABT1CA1,2026-04-22T12:03:54.491734Z,accepted,2026-04-22T12:08:28.720157Z,2026-04-22T12:09:24.460000Z,2026-04-22
FLW_9d4fe26d,1ABT1CA1,2026-04-22T12:03:55.311382Z,accepted,2026-04-22T18:10:47.946417Z,2026-04-22T18:11:15.009000Z,2026-04-22
FLW_2b533135,1ABT1CA1,2026-04-22T12:03:55.336343Z,accepted,2026-07-10T11:17:17.715199Z,2026-07-10T11:18:18.443000Z,2026-07-10
FLW_6de54ed5,1ABT1CA1,2026-04-22T12:03:55.091255Z,accepted,2026-04-22T13:51:27.344550Z,2026-04-22T20:28:02.365000Z,2026-04-22
FLW_c6123f7b,1ABT1CA1,2026-04-22T12:03:55.121603Z,accepted,2026-04-22T21:09:51.773476Z,2026-04-22T21:12:15.194000Z,2026-04-22
FLW_d094d37c,1ABT1CA1,2026-04-22T12:03:54.999471Z,accepted,2026-04-23T20:39:07.199702Z,2026-04-23T20:39:53.914000Z,2026-04-23
FLW_fbaaf05a,1ABT1CA1,2026-04-22T12:03:54.298909Z,accepted,2026-04-22T13:13:46.504881Z,2026-04-22T13:17:23.829000Z,2026-04-22
FLW_c903a884,1ABT1CA1,2026-04-22T12:03:54.807918Z,accepted,2026-04-22T20:42:55.990843Z,2026-04-22T20:47:03.084000Z,2026-04-22
FLW_e886e463,1ABT1CA1,2026-04-22T12:03:54.436800Z,accepted,2026-04-22T16:10:21.397323Z,2026-04-22T20:17:01.933000Z,2026-04-22
FLW_9c2b73bc,1ABT1CA1,2026-04-22T12:03:54.942344Z,accepted,2026-06-16T18:51:15.242205Z,2026-06-25T19:22:52.634000Z,2026-06-25
FLW_cd303d7b,1ABT1CA1,2026-04-22T12:03:54.599415Z,accepted,2026-04-22T12:17:58.665782Z,2026-04-22T12:24:11.272000Z,2026-04-22
FLW_a4b8849a,1ABT1CA1,2026-04-22T12:03:54.519759Z,accepted,2026-04-22T12:06:42.043881Z,2026-05-06T17:15:22.704000Z,2026-05-06
FLW_d0e93923,1ABT1CA1,2026-04-22T12:03:54.754731Z,accepted,2026-04-22T12:08:35.273561Z,2026-04-22T12:09:41.564000Z,2026-04-22
FLW_4fda5c53,1ABT1CA1,2026-04-22T12:03:54.214983Z,accepted,2026-04-22T12:14:38.672935Z,2026-04-22T12:18:13.698000Z,2026-04-22
FLW_bff8d706,1ABT1CA1,2026-04-22T12:03:54.383890Z,accepted,2026-04-22T15:06:37.565876Z,2026-04-22T15:08:01.338000Z,2026-04-22
FLW_ef8f6d44,1ABT1CA1,2026-04-22T12:03:54.410347Z,accepted,2026-04-23T11:22:35.045453Z,2026-04-23T18:46:57.508000Z,2026-04-24
FLW_b244c86d,1ABT1CA1,2026-04-22T12:03:54.701859Z,accepted,,,
FLW_c087a3ed,1ABT1CA1,2026-04-22T12:03:55.234512Z,accepted,2026-04-22T12:08:15.088403Z,2026-04-22T12:09:01.574000Z,2026-04-22
FLW_e820f6dc,1ABT1CA1,2026-04-22T12:03:55.626436Z,accepted,2026-04-23T09:24:42.587941Z,2026-04-23T09:26:51.750000Z,2026-04-23
FLW_f75a8ccc,1ABT1CA1,2026-04-22T12:03:55.680018Z,accepted,2026-04-22T18:21:01.336146Z,2026-04-22T18:21:50.826000Z,2026-04-22
FLW_b263e2ab,1ABT1CA1,2026-04-22T12:03:55.652434Z,accepted,2026-04-22T18:12:57.565664Z,2026-04-22T18:13:30.617000Z,2026-04-22
FLW_ec384538,1ABT1CA1,2026-04-22T12:03:55.598644Z,accepted,2026-04-23T14:37:09.359697Z,2026-04-23T14:38:05.261000Z,2026-04-23
FLW_f6e87987,1ABT1CA1,2026-04-22T12:03:54.626486Z,accepted,2026-04-22T12:04:41.055792Z,2026-04-22T12:06:02.835000Z,2026-04-22
FLW_41928151,1ABT1CA1,2026-04-22T12:03:55.492625Z,accepted,2026-04-23T10:31:56.030634Z,2026-04-23T10:34:51.439000Z,2026-04-23
FLW_9b9525fe,1ABT1CA1,2026-04-22T12:03:54.915417Z,accepted,2026-04-22T12:06:00.691662Z,2026-04-22T12:32:43.438000Z,2026-04-22
FLW_e7cc979a,1ABT1CA2,2026-04-22T12:05:44.239692Z,accepted,2026-05-19T09:01:45.742310Z,2026-05-19T09:02:57.451000Z,2026-05-19
FLW_410c20f9,1ABT1CA2,2026-04-22T12:05:44.073644Z,accepted,2026-07-20T15:50:00.445345Z,2026-07-20T15:50:40.133000Z,2026-07-20
FLW_bda060eb,1ABT1CA2,2026-04-22T12:05:44.039566Z,accepted,2026-04-22T13:36:08.345230Z,,
FLW_f7d55714,1ABT1CA2,2026-04-22T12:05:44.133887Z,accepted,2026-04-25T19:33:47.860329Z,2026-04-25T19:35:12.134000Z,2026-04-25
FLW_ba55fd37,1ABT1CA2,2026-04-22T12:05:44.340273Z,accepted,2026-04-22T13:02:52.033524Z,2026-06-29T15:26:12.990000Z,2026-06-29
FLW_4665f16a,1ABT1CA2,2026-04-22T12:05:45.360180Z,accepted,2026-04-22T12:13:47.638049Z,2026-04-22T12:17:32.176000Z,2026-04-22
FLW_2df30ff9,1ABT1CA2,2026-04-22T12:05:44.161469Z,accepted,,,
FLW_d723c321,1ABT1CA2,2026-05-26T13:37:44.560473Z,sms_delivered,,,
FLW_d71f45b3,1ABT1CA2,2026-04-22T12:05:45.458129Z,accepted,2026-04-22T13:02:16.637609Z,2026-04-22T13:14:18.542000Z,2026-04-22
FLW_66f6dc70,1ABT1CA2,2026-04-22T12:05:45.074405Z,accepted,2026-04-22T12:22:15.543938Z,2026-04-22T12:24:23.434000Z,2026-04-22
FLW_a10163e6,1ABT1CA2,2026-04-22T12:05:45.409331Z,accepted,2026-04-22T16:28:24.755007Z,2026-04-22T16:30:00.703000Z,2026-04-22
FLW_12ac24df,1ABT1CA2,2026-04-22T12:05:45.508452Z,accepted,2026-04-22T12:21:29.601769Z,2026-04-22T12:22:07.964000Z,2026-04-22
FLW_9d8746a9,1ABT1CA2,2026-04-22T12:05:45.433173Z,accepted,2026-04-22T19:12:50.688088Z,2026-04-22T19:14:34.822000Z,2026-04-22
FLW_ed444ffd,1ABT1CA2,2026-04-22T12:05:45.484307Z,accepted,2026-04-22T12:47:54.510070Z,2026-05-06T14:56:11.358000Z,2026-05-06
FLW_c41a16e6,1ABT1CA2,2026-04-22T12:05:44.468460Z,accepted,2026-07-28T15:07:20.986525Z,,
FLW_08629afa,1ABT1CA2,2026-04-22T12:05:44.674981Z,accepted,2026-05-04T10:10:43.585866Z,2026-05-04T10:12:32.003000Z,
FLW_0ad510b2,1ABT1CA2,2026-04-22T12:05:44.806376Z,accepted,2026-04-22T12:13:29.510022Z,2026-04-22T12:22:26.864000Z,2026-04-22
FLW_4ee2737c,1ABT1CA2,2026-04-22T12:05:45.384922Z,accepted,2026-04-22T15:20:03.724579Z,2026-04-22T15:20:51.533000Z,2026-04-22
FLW_a6032662,1ABT1CA2,2026-04-22T12:05:45.201951Z,accepted,2026-04-22T12:40:19.180028Z,2026-04-24T14:49:46.962000Z,2026-04-24
FLW_54b9f73b,1ABT1CA2,2026-04-22T12:05:45.114862Z,accepted,2026-04-22T13:51:22.907746Z,2026-04-22T13:53:03.774000Z,2026-04-22
FLW_0f9c4935,1ABT1CA2,2026-04-22T12:05:44.880754Z,accepted,2026-04-22T14:25:06.020596Z,2026-05-20T10:42:56.966000Z,2026-05-20
FLW_1e3c36a2,1ABT1CA2,2026-04-22T12:05:44.955939Z,accepted,2026-04-22T15:34:01.360218Z,2026-04-22T15:34:55.543000Z,2026-04-22
FLW_5c3a45c3,1ABT1CA2,2026-04-22T12:05:44.212267Z,accepted,2026-04-22T12:06:34.846979Z,2026-04-22T12:07:14.228000Z,2026-04-22
FLW_c6642c2c,1ABT1CA2,2026-04-22T12:05:44.855976Z,sms_not_delivered,,,
FLW_639cb5f4,1ABT1CA2,2026-04-22T12:05:45.558321Z,accepted,2026-04-22T12:49:55.811618Z,2026-04-22T12:50:35.020000Z,2026-04-22
FLW_d2d6f194,1ABT1CA2,2026-04-22T12:05:45.309198Z,accepted,2026-04-22T12:41:06.437150Z,2026-04-22T12:46:38.093000Z,2026-04-22
FLW_fa48c09d,1ABT1CA2,2026-04-22T12:05:44.186540Z,accepted,2026-05-13T16:39:59.917390Z,2026-05-13T16:42:13.102000Z,2026-05-13
FLW_0b405793,1ABT1CA2,2026-04-22T12:05:45.013274Z,accepted,2026-04-22T12:22:29.469772Z,2026-04-22T12:25:24.407000Z,2026-07-10
FLW_8c9b4c6b,1ABT1CA2,2026-04-22T12:05:45.230833Z,accepted,2026-04-22T13:39:23.644724Z,2026-04-22T13:41:57.787000Z,2026-04-22
FLW_1d2d91bd,1ABT1CA2,2026-04-22T12:05:45.161734Z,accepted,2026-04-26T21:15:26.587992Z,2026-04-26T21:17:28.300000Z,2026-04-26
FLW_d926c23c,1ABT1CA2,2026-04-22T12:05:44.905085Z,accepted,2026-04-22T14:32:43.894095Z,2026-04-22T14:40:45.865000Z,2026-04-22
FLW_97314be2,1ABT1CA2,2026-04-22T12:05:44.981146Z,sms_delivered,,,
FLW_0554cd3d,1ABT1CA2,2026-04-22T12:05:44.443179Z,accepted,2026-04-26T17:56:51.350262Z,2026-04-26T17:57:29.256000Z,2026-04-26
FLW_fcdee7fa,1ABT1CA2,2026-04-22T12:05:44.290635Z,sms_delivered,,,
FLW_18c27d66,1ABT1CA2,2026-04-22T12:05:44.496572Z,accepted,,,
FLW_e27183f4,1ABT1CA2,2026-04-22T12:05:44.417769Z,accepted,2026-07-02T15:54:45.223969Z,2026-07-02T15:56:03.346000Z,
FLW_1331d12f,1ABT1CA2,2026-04-22T12:05:44.265544Z,accepted,2026-04-22T17:03:15.472891Z,2026-04-22T17:05:47.478000Z,2026-04-22
FLW_e29b09c7,1ABT1CA2,2026-04-22T12:05:44.365500Z,sms_delivered,,,
FLW_567183ed,1ABT1CA2,2026-04-22T12:05:44.622723Z,accepted,2026-05-04T21:00:48.560077Z,2026-05-04T21:02:59.497000Z,2026-07-03
FLW_676d7dc0,1ABT1CA2,2026-04-22T12:05:44.104144Z,accepted,2026-04-22T12:22:29.409502Z,2026-04-22T12:24:03.008000Z,2026-04-22
FLW_7f914833,1ABT1CA2,2026-04-22T12:05:44.391456Z,accepted,2026-07-08T19:35:49.376516Z,2026-07-08T19:36:19.550000Z,
FLW_6534f624,1ABT1CA2,2026-04-22T12:05:44.572045Z,sms_delivered,,,
FLW_d9f79b24,1ABT1CA2,2026-04-22T12:05:43.963851Z,accepted,2026-04-24T14:09:02.133361Z,2026-04-24T14:09:31.506000Z,2026-04-24
FLW_2f8f6aaf,1ABT1CA2,2026-04-22T12:05:44.315052Z,accepted,2026-04-24T22:12:28.824239Z,2026-04-24T22:13:05.189000Z,2026-04-27
FLW_80dcef70,1ABT1CA2,2026-04-22T12:05:44.546470Z,accepted,2026-04-25T14:40:37.701495Z,2026-04-25T15:21:48.805000Z,2026-04-25
FLW_939f09f1,1ABT1CA2,2026-04-22T12:05:44.521704Z,accepted,2026-04-24T10:54:25.545959Z,2026-04-24T10:56:10.583000Z,2026-04-24
FLW_d6f644ff,1ABT1CA2,2026-04-22T12:05:44.597320Z,accepted,2026-04-27T15:20:16.520087Z,2026-04-27T15:21:09.162000Z,2026-04-27
FLW_9d37181c,1ABT1CA2,2026-04-22T12:05:44.727838Z,accepted,2026-05-13T17:01:51.270358Z,2026-05-13T17:03:16.730000Z,2026-05-13
FLW_4ad95544,1ABT1CA2,2026-04-22T12:05:44.700299Z,accepted,2026-04-24T21:26:50.324455Z,2026-04-24T21:44:35.511000Z,2026-05-11
FLW_1506098f,1ABT1CA2,2026-04-22T12:05:44.753956Z,sms_delivered,,,
FLW_ef015305,1ABT1CA2,2026-04-22T12:05:45.335154Z,accepted,2026-04-23T08:37:38.237705Z,,
FLW_68314f55,1ABT1CA2,2026-05-26T14:31:18.450211Z,accepted,2026-05-26T14:33:58.342327Z,2026-05-26T14:34:49.656000Z,2026-05-26
FLW_06eca765,1ABT1CA2,2026-04-22T12:05:44.929351Z,accepted,2026-04-22T12:21:31.792668Z,2026-04-22T12:25:46.030000Z,2026-04-22
FLW_7a91b233,1ABT1CA2,2026-04-22T12:05:45.283579Z,accepted,2026-04-22T12:11:34.298550Z,2026-04-22T12:16:17.361000Z,2026-04-22
FLW_3ef5a2ea,1ABT1CA2,2026-04-22T12:05:44.780495Z,accepted,2026-04-22T12:10:44.630637Z,2026-04-22T12:15:00.601000Z,2026-04-22
FLW_7c765cbe,1ABT1CA2,2026-04-22T12:05:44.831445Z,accepted,2026-04-23T07:03:04.540684Z,,
FLW_6d9feff9,1ABT1CA2,2026-04-22T12:05:45.533363Z,accepted,2026-05-03T20:49:41.700121Z,2026-05-04T14:45:19.274000Z,2026-07-13
FLW_d9cb6f5b,1ABT1CA2,2026-04-22T12:05:45.256945Z,accepted,2026-04-22T12:19:44.162801Z,2026-04-22T19:18:01.744000Z,2026-04-22
FLW_5ffbb04a,1ABT1CB1,2026-04-22T12:09:31.478244Z,accepted,2026-04-22T12:15:13.486343Z,2026-04-22T12:17:55.250000Z,2026-04-22
FLW_ceb7db37,1ABT1CB1,2026-04-22T12:09:31.503273Z,accepted,2026-07-01T08:47:32.561531Z,,
FLW_0d0c858a,1ABT1CB1,2026-04-22T12:09:31.452122Z,accepted,2026-04-25T17:22:08.543811Z,2026-04-25T17:23:54.920000Z,2026-04-25
FLW_5ff85949,1ABT1CB1,2026-04-22T12:09:31.400120Z,accepted,,,
FLW_4c3b4f2c,1ABT1CB1,2026-04-22T12:09:31.656266Z,accepted,2026-04-22T12:18:44.193754Z,2026-04-22T12:21:48.216000Z,2026-04-22
FLW_4cb94a47,1ABT1CB1,2026-04-22T12:09:31.528324Z,accepted,2026-04-22T13:03:23.759665Z,2026-04-30T10:10:12.233000Z,2026-04-30
FLW_eca94e98,1ABT1CB1,2026-04-22T12:09:31.425553Z,accepted,2026-04-22T12:25:02.285734Z,2026-04-22T12:26:47.293000Z,2026-04-22
FLW_058eb701,1ABT1CB1,2026-04-22T12:09:31.373821Z,accepted,2026-04-22T12:26:35.424498Z,2026-04-22T12:28:30.327000Z,2026-04-22
FLW_3efe4e79,1ABT1CB1,2026-04-22T12:09:31.580219Z,accepted,2026-04-22T13:37:54.635869Z,2026-04-22T18:46:06.461000Z,2026-04-22
FLW_068d52c5,1ABT1CB1,2026-04-22T12:09:31.331500Z,accepted,2026-04-22T15:04:16.621753Z,2026-04-22T18:14:23.062000Z,2026-04-23
FLW_b2f21f8d,1ABT1CB1,2026-04-22T12:09:31.630453Z,accepted,2026-04-22T15:05:11.484365Z,2026-04-22T15:28:47.725000Z,2026-04-22
FLW_00b3deda,1ABT1CB1,2026-04-22T12:09:31.706266Z,accepted,2026-04-22T15:05:48.434654Z,2026-04-22T15:07:21.074000Z,2026-04-22
FLW_ca9b430f,1ABT1CB1,2026-04-22T12:09:31.605349Z,accepted,2026-04-22T20:13:30.887509Z,2026-04-22T20:14:58.546000Z,2026-04-22
FLW_b58e22aa,1ABT1CB1,2026-04-22T12:09:32.545389Z,sms_delivered,,,
FLW_2c416d8b,1ABT1CB1,2026-04-22T12:09:32.859661Z,accepted,2026-04-22T22:35:13.109148Z,2026-04-22T22:35:51.344000Z,2026-04-22
FLW_9a447d28,1ABT1CB1,2026-04-22T12:09:31.961825Z,sms_delivered,,,
FLW_7b2c7fa5,1ABT1CB1,2026-04-22T12:09:31.859064Z,accepted,2026-04-23T22:25:51.035420Z,2026-04-23T22:48:08.698000Z,2026-04-23
FLW_aa036777,1ABT1CB1,2026-04-22T12:09:32.015577Z,sms_not_delivered,,,
FLW_45cad89e,1ABT1CB1,2026-04-22T12:09:32.200608Z,accepted,2026-04-30T12:10:52.696193Z,2026-04-30T12:12:16.606000Z,2026-04-30
FLW_39c11ef9,1ABT1CB1,2026-04-22T12:09:32.780267Z,accepted,2026-04-23T07:04:19.267047Z,2026-04-23T07:04:49.255000Z,2026-04-23
FLW_d4207262,1ABT1CB1,2026-04-22T12:09:32.253348Z,accepted,,,
FLW_4d640b28,1ABT1CB1,2026-04-22T12:09:32.410557Z,accepted,,,
FLW_0ac05035,1ABT1CB1,2026-04-22T12:09:31.808313Z,accepted,2026-04-22T12:10:36.469991Z,2026-04-22T12:38:56.838000Z,2026-04-22
FLW_91e6accc,1ABT1CB1,2026-04-22T12:09:32.886649Z,accepted,2026-04-22T13:19:39.070402Z,2026-04-22T13:24:01.334000Z,2026-04-22
FLW_c36d63d2,1ABT1CB1,2026-04-22T12:09:32.279379Z,accepted,2026-04-22T12:12:34.673838Z,2026-04-22T18:42:55.223000Z,2026-04-22
FLW_cc56a668,1ABT1CB1,2026-04-22T12:09:32.519439Z,accepted,2026-04-22T12:11:26.373298Z,2026-04-22T12:13:02.511000Z,2026-04-22
FLW_94c2a477,1ABT1CB1,2026-04-22T12:09:32.492374Z,accepted,2026-04-22T12:12:26.008887Z,2026-04-22T12:15:50.345000Z,2026-04-22
FLW_84c22ffe,1ABT1CB1,2026-04-22T12:09:32.227417Z,accepted,2026-04-22T12:13:03.168178Z,2026-04-22T12:16:04.807000Z,2026-04-22
FLW_afdfc847,1ABT1CB1,2026-04-22T12:09:32.623612Z,accepted,2026-04-22T12:25:12.888907Z,2026-04-22T12:27:18.856000Z,2026-04-22
FLW_b6497114,1ABT1CB1,2026-04-22T12:09:32.597767Z,accepted,2026-05-27T13:34:48.513452Z,,
FLW_605377a5,1ABT1CB1,2026-04-22T12:09:32.305035Z,accepted,2026-04-22T12:15:42.603590Z,2026-04-24T07:59:52.978000Z,2026-04-24
FLW_1fbf057d,1ABT1CB1,2026-04-22T12:09:31.833512Z,accepted,2026-04-22T13:27:04.183912Z,2026-04-22T13:27:51.060000Z,2026-04-29
FLW_18f27856,1ABT1CB1,2026-04-22T12:09:32.463856Z,accepted,2026-04-22T12:21:32.315763Z,2026-04-22T12:23:41.402000Z,2026-04-22
FLW_ff6d8e94,1ABT1CB1,2026-04-22T12:09:31.987956Z,accepted,2026-04-22T14:45:45.064047Z,2026-04-22T14:55:53.704000Z,2026-04-22
FLW_a7f4c2ba,1ABT1CB1,2026-04-22T12:09:32.042082Z,accepted,2026-04-22T12:57:33.381085Z,2026-04-22T14:43:47.493000Z,2026-04-22
FLW_dc5021a2,1ABT1CB1,2026-04-22T12:09:32.330924Z,accepted,2026-04-22T13:01:31.347622Z,2026-04-22T18:10:28.699000Z,2026-04-22
FLW_8a49184b,1ABT1CB1,2026-04-22T12:09:32.147579Z,accepted,2026-04-22T13:49:51.113256Z,2026-04-22T13:50:33.018000Z,2026-04-22
FLW_e8f3b80f,1ABT1CB1,2026-04-22T12:09:31.884754Z,accepted,2026-04-22T13:33:26.136332Z,2026-04-24T08:50:37.226000Z,2026-04-24
FLW_e6626790,1ABT1CB1,2026-04-22T12:09:31.910499Z,accepted,2026-04-22T14:34:14.492135Z,2026-04-23T08:37:47.686000Z,2026-04-23
FLW_afbfed3d,1ABT1CB1,2026-04-22T12:09:32.649399Z,accepted,2026-04-22T15:37:29.024157Z,2026-04-22T15:42:24.245000Z,2026-04-22
FLW_33b854b1,1ABT1CB1,2026-04-22T12:09:31.782807Z,accepted,2026-04-22T17:55:27.807392Z,2026-04-22T18:56:49.017000Z,2026-04-22
FLW_803f373f,1ABT1CB1,2026-04-22T12:09:32.727272Z,accepted,2026-04-22T18:24:34.945614Z,2026-04-24T05:12:04.706000Z,2026-04-24
FLW_5fe7afea,1ABT1CB1,2026-04-22T12:09:32.571529Z,accepted,2026-04-22T18:28:30.841312Z,2026-04-23T16:58:34.185000Z,2026-04-23
FLW_4e3064f0,1ABT1CB1,2026-04-22T12:09:32.068588Z,accepted,2026-04-22T18:49:04.184099Z,2026-04-22T18:52:51.429000Z,2026-04-22
FLW_843132aa,1ABT1CB1,2026-04-22T12:09:32.753579Z,accepted,2026-04-22T20:08:24.410509Z,2026-04-22T20:12:44.648000Z,2026-04-22
FLW_308d64cf,1ABT1CB1,2026-04-22T12:09:31.731259Z,accepted,2026-04-22T20:45:03.429390Z,2026-04-22T20:46:29.483000Z,2026-04-22
FLW_808d214e,1ABT1CB1,2026-04-22T12:09:31.756949Z,accepted,2026-04-22T21:08:16.688053Z,2026-04-22T21:08:50.390000Z,2026-04-22
FLW_59216d62,1ABT1CB1,2026-04-22T12:09:32.701110Z,accepted,2026-04-22T20:55:43.577726Z,2026-04-22T21:00:43.051000Z,2026-04-22
FLW_563608ce,1ABT1CB1,2026-04-22T12:09:32.675024Z,accepted,2026-04-22T21:12:58.843337Z,,
FLW_f48e6756,1ABT1CB1,2026-04-22T12:09:32.832928Z,accepted,2026-04-22T22:29:34.084446Z,2026-04-24T15:39:00.673000Z,2026-04-24
FLW_28c9885c,1ABT1CB1,2026-04-22T12:09:32.436701Z,accepted,2026-04-23T07:29:54.676512Z,2026-04-23T07:31:25.007000Z,2026-04-26
FLW_5a723aab,1ABT1CB1,2026-04-22T12:09:32.356731Z,accepted,2026-04-22T12:11:58.141012Z,2026-04-22T12:12:52.734000Z,2026-04-30
FLW_23bbb39b,1ABT1CB1,2026-04-22T12:09:32.383756Z,accepted,2026-04-22T12:12:04.797156Z,2026-04-22T12:15:59.439000Z,2026-04-22
FLW_f0efeb52,1ABT1CB1,2026-04-22T12:09:32.806645Z,accepted,2026-04-23T21:37:47.594443Z,2026-04-23T21:38:58.130000Z,2026-04-23
FLW_421de6dd,1ABT1CB1,2026-04-22T12:09:31.935794Z,accepted,2026-04-22T15:33:18.486356Z,2026-04-22T15:35:22.291000Z,2026-04-22
FLW_fc163382,1ABT1CB1,2026-04-22T12:09:31.554388Z,accepted,2026-04-22T13:23:06.888831Z,2026-04-22T13:23:38.682000Z,2026-04-22
FLW_e5e2d710,1ABT1CB1,2026-04-22T12:09:32.094600Z,accepted,2026-04-22T12:13:39.705584Z,2026-04-22T12:17:29.288000Z,2026-04-22
FLW_d458d3b5,1ABT1CB1,2026-04-22T12:09:31.681276Z,accepted,2026-04-22T19:09:22.825806Z,,
FLW_1397771a,1ABT1CB1,2026-04-22T12:09:32.120816Z,accepted,2026-04-22T19:51:41.793694Z,2026-04-22T19:52:13.452000Z,2026-04-22
FLW_2757af00,1ABT1CB1,2026-04-22T12:09:32.174522Z,accepted,2026-04-22T21:11:21.027164Z,2026-04-22T21:11:59.737000Z,2026-04-22
FLW_be8d7482,1ABT1CB2,2026-04-22T12:11:54.904072Z,accepted,2026-04-22T14:34:53.833911Z,2026-04-22T14:35:45.155000Z,2026-04-22
FLW_2cf33cef,1ABT1CB2,2026-04-22T12:11:53.941751Z,accepted,2026-04-22T12:28:10.590882Z,2026-04-22T12:29:14.314000Z,2026-04-22
FLW_56c29490,1ABT1CB2,2026-04-22T12:11:54.624885Z,accepted,2026-04-22T16:29:35.753462Z,2026-04-22T16:32:36.762000Z,2026-04-22
FLW_373412cb,1ABT1CB2,2026-04-22T12:11:55.306325Z,sms_delivered,,,
FLW_6f8a526f,1ABT1CB2,2026-04-22T12:11:55.087244Z,accepted,2026-04-22T12:34:22.281458Z,2026-04-22T12:43:05.596000Z,2026-04-22
FLW_a42d1e2f,1ABT1CB2,2026-04-22T12:11:55.201072Z,accepted,2026-04-28T07:47:04.234466Z,2026-05-05T07:46:22.080000Z,2026-05-05
FLW_ad6adbd6,1ABT1CB2,2026-04-22T12:11:54.598843Z,accepted,2026-04-22T13:19:23.707884Z,2026-04-22T13:20:32.302000Z,2026-04-22
FLW_999c3072,1ABT1CB2,2026-04-22T12:11:54.052720Z,accepted,2026-04-22T12:29:20.472991Z,2026-04-22T12:30:06.573000Z,2026-04-22
FLW_c45eee3d,1ABT1CB2,2026-04-22T12:11:54.317219Z,accepted,2026-04-22T12:12:48.488373Z,2026-04-23T00:08:11.737000Z,2026-04-23
FLW_4dd1c0ff,1ABT1CB2,2026-04-22T12:11:54.290733Z,accepted,2026-04-22T16:05:16.744709Z,2026-04-22T17:11:09.246000Z,2026-04-22
FLW_00885908,1ABT1CB2,2026-04-22T12:11:53.991951Z,accepted,2026-04-22T14:22:34.906683Z,2026-04-22T14:25:44.238000Z,2026-04-22
FLW_8cf5b37c,1ABT1CB2,2026-04-22T12:11:55.253428Z,accepted,2026-04-23T16:31:37.846783Z,2026-04-23T16:32:13.544000Z,2026-04-23
FLW_be41f137,1ABT1CB2,2026-04-22T12:11:54.078586Z,accepted,2026-04-23T17:26:15.567591Z,2026-04-23T17:32:43.686000Z,2026-04-23
FLW_4e002b4b,1ABT1CB2,2026-04-22T12:11:54.522703Z,accepted,2026-04-22T15:28:02.168191Z,2026-04-23T14:36:24.978000Z,2026-04-23
FLW_7567ef6c,1ABT1CB2,2026-04-22T12:11:55.278974Z,accepted,2026-05-05T18:05:29.475354Z,2026-05-05T18:06:24.500000Z,2026-05-05
FLW_11885248,1ABT1CB2,2026-04-22T12:11:54.854356Z,accepted,2026-04-23T07:29:31.605095Z,2026-04-23T10:53:59.369000Z,2026-04-23
FLW_32dde93e,1ABT1CB2,2026-04-22T12:11:54.183839Z,accepted,2026-04-22T21:50:28.137718Z,2026-04-22T21:53:39.841000Z,2026-04-23
FLW_3207bafd,1ABT1CB2,2026-04-22T12:11:55.001516Z,accepted,2026-04-22T16:00:42.239368Z,2026-04-22T16:01:48.826000Z,2026-04-22
FLW_73194b5f,1ABT1CB2,2026-04-22T12:11:54.829541Z,accepted,2026-04-22T18:35:52.083682Z,2026-04-22T18:37:56.976000Z,2026-04-22
FLW_0aa30044,1ABT1CB2,2026-04-22T12:11:54.157590Z,accepted,2026-04-22T18:34:56.692705Z,2026-04-22T22:33:42.468000Z,2026-04-22
FLW_74df4cee,1ABT1CB2,2026-04-22T12:11:54.419274Z,accepted,2026-04-22T12:15:21.049208Z,2026-04-22T12:20:05.200000Z,2026-04-22
FLW_d2f96222,1ABT1CB2,2026-04-22T12:11:54.573945Z,accepted,2026-04-25T10:26:29.353435Z,2026-04-25T14:05:49.975000Z,2026-04-25
FLW_ef5508b6,1ABT1CB2,2026-04-22T12:11:54.805460Z,accepted,2026-04-22T13:02:17.188102Z,2026-04-22T13:15:24.185000Z,2026-04-22
FLW_67432746,1ABT1CB2,2026-04-22T12:11:54.444812Z,accepted,2026-04-24T09:02:20.514526Z,2026-04-24T09:03:31.641000Z,2026-04-24
FLW_944a43a4,1ABT1CB2,2026-04-22T12:11:54.952823Z,accepted,2026-04-22T17:42:45.228585Z,2026-04-22T17:43:14.614000Z,2026-04-22
FLW_0ba222d4,1ABT1CB2,2026-04-22T12:11:54.728365Z,accepted,2026-04-22T21:13:24.412621Z,2026-04-22T21:29:27.376000Z,2026-04-22
FLW_fca8281e,1ABT1CB2,2026-04-22T12:11:53.757923Z,accepted,2026-04-22T19:12:10.487613Z,2026-04-24T08:14:33.529000Z,2026-04-24
FLW_4eccc9b0,1ABT1CB2,2026-04-22T12:11:54.676383Z,accepted,2026-05-01T06:10:28.924180Z,2026-05-01T06:12:54.664000Z,2026-05-05
FLW_79ea0376,1ABT1CB2,2026-04-22T12:11:54.368517Z,accepted,2026-04-22T13:32:56.360756Z,2026-04-22T16:59:28.844000Z,2026-04-22
FLW_f8bd4d27,1ABT1CB2,2026-04-22T12:11:53.890654Z,accepted,2026-04-23T10:53:05.163147Z,2026-04-24T08:23:26.809000Z,2026-04-24
FLW_c49420a9,1ABT1CB2,2026-04-22T12:11:54.024151Z,accepted,2026-05-02T09:40:33.611816Z,2026-05-02T09:48:13.989000Z,2026-05-02
FLW_3470be6f,1ABT1CB2,2026-04-22T12:11:54.928403Z,accepted,2026-04-22T13:09:57.394707Z,2026-04-22T13:11:50.140000Z,2026-04-22
FLW_2d925ace,1ABT1CB2,2026-04-22T12:11:54.878898Z,accepted,2026-04-22T14:08:12.773617Z,2026-04-22T14:10:47.813000Z,2026-04-22
FLW_7d9367bc,1ABT1CB2,2026-04-22T12:11:53.863544Z,accepted,2026-04-22T14:28:12.570809Z,2026-04-30T15:58:51.533000Z,2026-04-30
FLW_f43ba346,1ABT1CB2,2026-04-22T12:11:54.264833Z,accepted,2026-04-22T17:28:33.474969Z,2026-04-23T18:08:33.264000Z,2026-04-23
FLW_1bde8b66,1ABT1CB2,2026-04-22T12:11:54.209703Z,accepted,2026-04-22T15:15:10.200547Z,2026-04-22T15:16:02.516000Z,2026-04-22
FLW_d675b24d,1ABT1CB2,2026-04-22T12:11:54.236807Z,accepted,2026-04-22T14:05:58.616312Z,2026-04-22T14:07:34.814000Z,2026-04-22
FLW_c309a2da,1ABT1CB2,2026-04-22T12:11:53.809832Z,accepted,2026-04-24T08:41:33.411487Z,2026-04-24T08:53:06.804000Z,2026-04-24
FLW_0623947e,1ABT1CB2,2026-04-22T12:11:54.494675Z,accepted,2026-04-22T12:41:10.306369Z,2026-04-22T12:42:47.527000Z,2026-04-22
FLW_290fbccc,1ABT1CB2,2026-04-22T12:11:54.650939Z,accepted,2026-04-22T12:37:23.623812Z,2026-04-22T12:38:46.030000Z,2026-04-22
FLW_56b2889c,1ABT1CB2,2026-04-22T12:11:54.343768Z,accepted,2026-04-22T16:36:19.772307Z,2026-04-22T18:08:32.261000Z,2026-04-22
FLW_74f7d26f,1ABT1CB2,2026-04-22T12:11:53.835433Z,accepted,2026-04-22T13:05:22.246712Z,2026-04-22T14:36:57.189000Z,2026-04-22
FLW_fd4cd124,1ABT1CB2,2026-04-22T12:11:54.548274Z,accepted,2026-04-22T20:27:04.776164Z,2026-04-22T20:31:20.019000Z,2026-04-22
FLW_662d3bae,1ABT1CB2,2026-04-22T12:11:53.916108Z,accepted,2026-05-13T08:12:15.158537Z,,
FLW_b796814c,1ABT1CB2,2026-04-22T12:11:54.977086Z,accepted,2026-04-23T22:33:02.577146Z,2026-04-24T21:25:15.460000Z,2026-04-24
FLW_1d37556a,1ABT1CB2,2026-04-22T12:11:53.966705Z,accepted,2026-04-22T18:28:59.673998Z,2026-04-22T18:30:03.491000Z,2026-04-22
FLW_2e436fec,1ABT1CB2,2026-04-22T12:11:53.783762Z,accepted,2026-05-02T15:08:04.568132Z,2026-05-02T15:11:25.884000Z,2026-05-02
FLW_54b683a3,1ABT1CB2,2026-04-22T12:11:54.780362Z,accepted,2026-05-14T10:41:10.012255Z,2026-05-14T10:41:49.643000Z,2026-05-14
FLW_9cd5cbab,1ABT1CB2,2026-04-22T12:11:54.130760Z,accepted,2026-04-27T18:53:15.045514Z,2026-05-02T18:05:52.186000Z,2026-05-02
FLW_6c486da2,1ABT1CB2,2026-04-22T12:11:54.104696Z,accepted,2026-04-22T12:51:20.492516Z,2026-04-22T13:32:19.748000Z,2026-04-22
FLW_d1f8e52b,1ABT1CB2,2026-04-22T12:11:55.227063Z,accepted,2026-04-22T12:31:00.197186Z,2026-04-22T12:33:06.107000Z,2026-04-22
FLW_37164bc5,1ABT1CB2,2026-04-22T12:11:55.175725Z,accepted,2026-04-30T16:08:41.421380Z,,
FLW_a10bd461,1ABT1CB2,2026-04-22T12:11:55.061845Z,accepted,2026-04-22T18:27:47.611636Z,2026-04-22T18:40:04.873000Z,2026-04-22
FLW_f3752088,1ABT1CB2,2026-04-22T12:11:55.149834Z,accepted,2026-04-22T12:32:47.311310Z,2026-04-22T12:41:51.734000Z,2026-04-22
FLW_fa0fa8ca,1ABT1CB2,2026-04-22T12:11:55.120498Z,accepted,2026-04-22T14:03:00.718386Z,2026-04-22T14:04:48.917000Z,2026-04-22
FLW_5d5df676,1ABT1CB2,2026-04-22T12:11:55.032907Z,accepted,2026-04-22T12:37:10.962443Z,2026-04-22T12:42:12.699000Z,2026-04-22
FLW_988e1edf,1ABT1CB2,2026-04-22T12:11:54.703423Z,accepted,2026-04-22T12:43:23.236725Z,2026-04-22T14:10:19.658000Z,2026-04-22
FLW_b51f0157,1ABT1CB2,2026-04-22T12:11:53.718342Z,accepted,2026-04-30T17:40:19.774064Z,2026-05-01T09:07:41.613000Z,2026-05-01
FLW_0e087a08,1ABT1CB2,2026-04-22T12:11:54.469605Z,accepted,2026-04-22T21:58:28.440458Z,2026-04-22T22:06:30.954000Z,2026-04-22
FLW_1110e95a,1ABT1CB2,2026-04-22T12:11:54.753847Z,accepted,2026-04-22T16:15:08.042152Z,2026-04-22T16:17:04.500000Z,2026-04-22
FLW_30561870,1ABT1CB2,2026-04-22T12:11:54.393211Z,accepted,2026-04-22T12:18:05.998068Z,2026-04-22T16:04:11.621000Z,2026-04-22
FLW_d65097a0,1ABT1CB3,2026-04-22T12:53:11.718516Z,accepted,2026-04-22T20:56:41.940297Z,2026-07-10T12:50:10.577000Z,2026-07-10
FLW_94c67e30,1ABT1CB3,2026-04-22T12:53:12.408362Z,accepted,2026-04-22T13:16:43.684298Z,2026-04-22T13:17:34.975000Z,2026-04-22
FLW_7f2583ca,1ABT1CB3,2026-04-22T12:53:12.490820Z,accepted,2026-04-22T17:35:38.859858Z,2026-04-22T17:39:09.711000Z,2026-04-22
FLW_9224041a,1ABT1CB3,2026-04-22T12:53:13.192618Z,accepted,2026-04-22T13:31:19.433297Z,2026-04-22T13:31:52.783000Z,2026-05-05
FLW_9e55f7b0,1ABT1CB3,2026-04-22T12:53:13.058831Z,accepted,2026-04-22T13:01:33.315768Z,2026-05-02T14:15:10.827000Z,2026-05-02
FLW_97c9ea84,1ABT1CB3,2026-04-22T12:53:11.912674Z,accepted,2026-04-22T17:09:59.500896Z,2026-04-22T17:10:46.380000Z,2026-04-22
FLW_cb13f83a,1ABT1CB3,2026-04-22T12:53:13.085435Z,accepted,2026-04-27T17:11:01.522478Z,2026-04-27T17:11:27.975000Z,2026-04-27
FLW_c01df4f3,1ABT1CB3,2026-04-22T12:53:12.598914Z,accepted,2026-04-22T18:21:23.031886Z,2026-04-22T18:23:05.365000Z,2026-04-22
FLW_e372f831,1ABT1CB3,2026-04-22T12:53:12.572106Z,accepted,2026-04-22T20:49:04.411691Z,2026-05-06T10:39:56.993000Z,2026-07-10
FLW_7dc0ac6f,1ABT1CB3,2026-04-22T12:53:12.190553Z,accepted,2026-04-22T18:46:47.631460Z,2026-04-22T18:47:36.773000Z,2026-04-22
FLW_10f42cc2,1ABT1CB3,2026-04-22T12:53:12.298618Z,accepted,2026-04-22T16:48:59.699206Z,2026-04-22T17:25:28.992000Z,2026-04-22
FLW_0ec75311,1ABT1CB3,2026-04-22T12:53:12.052403Z,accepted,2026-04-22T13:29:21.815144Z,2026-04-22T13:31:33.286000Z,2026-04-22
FLW_2e2fe96f,1ABT1CB3,2026-04-22T12:53:11.829388Z,accepted,2026-04-23T18:57:30.999841Z,2026-04-23T18:58:57.277000Z,2026-04-23
FLW_ffca0a39,1ABT1CB3,2026-04-22T12:53:13.004564Z,accepted,2026-04-22T13:12:35.092182Z,2026-04-28T08:08:45.310000Z,2026-04-28
FLW_33e748e6,1ABT1CB3,2026-04-22T12:53:11.529147Z,accepted,2026-04-22T13:26:25.993846Z,2026-04-24T15:53:16.032000Z,2026-04-29
FLW_8f2b5292,1ABT1CB3,2026-04-22T12:53:11.745774Z,accepted,2026-04-22T15:36:06.522108Z,2026-04-22T15:37:24.121000Z,2026-04-22
FLW_40372c0d,1ABT1CB3,2026-04-22T12:53:11.774266Z,accepted,2026-04-22T12:54:32.965085Z,2026-04-22T13:06:05.488000Z,2026-04-22
FLW_8741407b,1ABT1CB3,2026-04-22T12:53:12.732052Z,accepted,2026-05-05T13:45:45.599708Z,2026-05-05T13:48:00.008000Z,2026-05-05
FLW_c9548719,1ABT1CB3,2026-04-22T12:53:12.135965Z,accepted,,,2026-04-22
FLW_2c13a6dc,1ABT1CB3,2026-04-22T12:53:12.080419Z,accepted,2026-07-27T18:18:02.707782Z,2026-07-27T18:19:23.170000Z,2026-07-27
FLW_1441274d,1ABT1CB3,2026-04-22T12:53:11.690524Z,accepted,2026-05-01T05:11:01.689841Z,2026-05-01T05:12:11.337000Z,2026-05-01
FLW_df141038,1ABT1CB3,2026-04-22T12:53:11.662230Z,accepted,2026-04-22T13:04:57.539268Z,2026-04-22T13:07:33.631000Z,2026-04-22
FLW_de568a67,1ABT1CB3,2026-04-22T12:53:11.576050Z,accepted,2026-05-20T11:33:09.070853Z,2026-05-20T11:34:13.500000Z,2026-05-27
FLW_dead8aeb,1ABT1CB3,2026-04-22T12:53:12.518636Z,accepted,2026-04-22T12:59:57.273849Z,,
FLW_5851f986,1ABT1CB3,2026-04-22T12:53:12.977470Z,accepted,2026-05-20T14:51:06.794224Z,2026-05-20T14:51:44.692000Z,2026-05-20
FLW_0a12cf2b,1ABT1CB3,2026-04-22T12:53:12.380813Z,accepted,2026-04-22T17:11:17.009812Z,2026-04-22T17:12:41.274000Z,2026-04-22
FLW_a8f2ca5a,1ABT1CB3,2026-04-22T12:53:11.856775Z,accepted,2026-04-22T17:14:47.027199Z,2026-05-11T17:23:56.698000Z,2026-05-11
FLW_ef5508b6,1ABT1CB3,2026-04-22T12:53:13.304580Z,accepted,2026-04-22T13:00:26.466081Z,,
FLW_67663314,1ABT1CB3,2026-04-22T12:53:13.219446Z,accepted,2026-04-24T05:44:19.905054Z,2026-04-24T05:45:06.062000Z,2026-04-24
FLW_8cb817bb,1ABT1CB3,2026-04-22T12:53:13.248564Z,accepted,2026-04-30T15:59:54.225882Z,2026-04-30T16:01:21.931000Z,2026-04-30
FLW_f7b7b148,1ABT1CB3,2026-04-22T12:53:12.624756Z,accepted,2026-05-04T18:13:50.651475Z,2026-05-04T18:14:17.670000Z,2026-05-04
FLW_9809b414,1ABT1CB3,2026-04-22T12:53:11.605766Z,accepted,2026-04-22T12:56:48.638546Z,2026-04-27T13:25:00.926000Z,2026-04-27
FLW_75f97051,1ABT1CB3,2026-04-22T12:53:12.786800Z,accepted,2026-04-22T12:56:51.689798Z,2026-04-25T10:44:20.893000Z,2026-04-30
FLW_39e6a103,1ABT1CB3,2026-04-22T12:53:12.813920Z,sms_delivered,,,
FLW_5d044354,1ABT1CB3,2026-04-22T12:53:11.884624Z,accepted,2026-04-22T15:38:09.095855Z,2026-04-22T15:38:51.030000Z,2026-04-22
FLW_2e24b107,1ABT1CB3,2026-04-22T12:53:12.868674Z,accepted,2026-05-01T07:52:26.855183Z,,
FLW_5a6b4526,1ABT1CB3,2026-04-22T12:53:12.326868Z,accepted,2026-04-22T14:05:31.540764Z,2026-04-22T17:17:26.236000Z,2026-04-22
FLW_a3897733,1ABT1CB3,2026-04-22T12:53:12.435390Z,accepted,2026-04-23T16:47:16.816316Z,2026-04-23T16:47:40.848000Z,2026-04-23
FLW_8c2ec5c2,1ABT1CB3,2026-04-22T12:53:12.217405Z,accepted,2026-04-22T19:54:28.531423Z,2026-04-22T19:55:34.759000Z,2026-04-22
FLW_4c58e172,1ABT1CB3,2026-04-22T12:53:12.950719Z,sms_delivered,,,
FLW_ab1ca5af,1ABT1CB3,2026-04-22T12:53:12.898596Z,accepted,2026-07-10T19:41:35.555191Z,2026-07-10T19:42:15.047000Z,2026-07-11
FLW_93fa61c7,1ABT1CB3,2026-04-22T12:53:11.994352Z,accepted,2026-04-22T15:33:29.039494Z,2026-04-22T15:39:34.164000Z,2026-04-22
FLW_0f7b3a9f,1ABT1CB3,2026-04-22T12:53:12.271363Z,accepted,2026-04-23T15:35:36.721825Z,2026-04-23T15:52:58.261000Z,2026-04-23
FLW_94b9b951,1ABT1CB3,2026-04-22T12:53:13.111365Z,accepted,2026-04-29T19:33:06.216537Z,2026-04-29T19:43:49.284000Z,2026-04-29
FLW_ea1e47f5,1ABT1CB3,2026-04-22T12:53:12.924581Z,accepted,2026-04-22T12:57:12.211903Z,2026-04-22T14:53:13.817000Z,2026-04-22
FLW_e1e019a4,1ABT1CB3,2026-04-22T12:53:12.759549Z,accepted,2026-07-11T12:56:51.014958Z,2026-07-11T12:57:29.364000Z,2026-07-16
FLW_01a8dbf1,1ABT1CB3,2026-04-22T12:53:12.651686Z,sms_delivered,,,
FLW_af442734,1ABT1CB3,2026-04-22T12:53:12.023424Z,accepted,2026-04-22T14:06:47.884743Z,2026-04-22T14:07:22.391000Z,2026-04-22
FLW_b072a0aa,1ABT1CB3,2026-04-22T12:53:13.138662Z,accepted,2026-04-22T12:58:07.786876Z,2026-04-22T13:05:22.312000Z,2026-04-22
FLW_66b518e4,1ABT1CB3,2026-04-22T12:53:11.942664Z,accepted,2026-04-22T13:03:48.786614Z,2026-04-22T13:06:44.872000Z,2026-04-22
FLW_f0b133ae,1ABT1CB3,2026-04-22T12:53:12.544935Z,accepted,2026-07-09T17:56:53.424560Z,2026-07-10T12:51:24.114000Z,2026-07-10
FLW_706d23f9,1ABT1CB3,2026-04-22T12:53:13.165728Z,accepted,2026-04-24T16:04:09.520512Z,2026-05-05T10:56:37.057000Z,2026-05-05
FLW_45b98265,1ABT1CB3,2026-04-22T12:53:13.031783Z,accepted,2026-05-20T18:15:17.087488Z,2026-05-20T18:16:29.844000Z,2026-05-20
FLW_60ed31f8,1ABT1CB3,2026-04-22T12:53:12.108506Z,accepted,2026-07-10T10:29:59.321827Z,,
FLW_cc90bcba,1ABT1CB3,2026-04-22T12:53:11.634742Z,accepted,2026-04-25T14:34:22.831062Z,2026-05-21T15:25:43.067000Z,2026-07-14
FLW_4a0c0140,1ABT1CB3,2026-04-22T12:53:12.353864Z,accepted,2026-04-22T12:56:17.734917Z,2026-04-22T14:38:32.615000Z,2026-04-22
FLW_2b3fa749,1ABT1CB3,2026-04-22T12:53:12.841394Z,accepted,2026-04-22T15:40:58.494837Z,2026-04-22T15:41:20.952000Z,2026-04-22
FLW_0cfb9466,1ABT1CB3,2026-04-22T12:53:11.802411Z,accepted,2026-04-22T13:01:39.461444Z,2026-04-22T13:10:15.028000Z,2026-04-22
FLW_f1606d31,1ABT1CB3,2026-04-22T12:53:12.244815Z,accepted,2026-04-22T13:02:07.689412Z,2026-04-22T14:08:58.219000Z,2026-04-22
FLW_e0736d00,1ABT1CB3,2026-04-22T12:53:12.704380Z,accepted,2026-04-22T14:36:06.138773Z,2026-04-22T14:36:49.898000Z,2026-04-22
FLW_f4f28ff9,1ABT1CB3,2026-04-22T12:53:13.362650Z,accepted,2026-04-23T09:13:15.688542Z,2026-04-23T09:15:32.076000Z,2026-04-23
FLW_c985cce5,1ABT1CB3,2026-04-22T12:53:13.276906Z,accepted,2026-06-03T17:54:24.721936Z,2026-07-08T18:16:41.530000Z,2026-07-08
FLW_dee68d01,1ABT1CB3,2026-04-22T12:53:13.334910Z,accepted,2026-04-22T13:13:47.471246Z,2026-04-22T13:14:14.397000Z,2026-04-22
FLW_60ef6657,1ABT1CB3,2026-04-22T12:53:12.163304Z,accepted,2026-04-22T20:16:49.730361Z,2026-04-22T20:17:14.672000Z,2026-04-22
FLW_3a3c0351,1ABT1CB3,2026-04-22T12:53:12.463196Z,sms_delivered,,,
FLW_05bc64d0,1ABT1CB3,2026-04-22T12:53:12.677628Z,accepted,2026-04-23T16:42:41.536132Z,2026-04-29T15:44:22.582000Z,2026-04-29
FLW_c2c5d477,1ABT1EA1,2026-04-22T12:28:11.668531Z,sms_delivered,,,
FLW_263df73a,1ABT1EA1,2026-04-22T12:28:11.767703Z,accepted,2026-04-22T16:04:53.134050Z,2026-04-22T16:06:40.039000Z,2026-04-22
FLW_73f14d11,1ABT1EA1,2026-04-22T12:28:11.288117Z,accepted,2026-07-10T17:04:20.796195Z,2026-07-14T11:48:20.722000Z,2026-07-14
FLW_1859cc8d,1ABT1EA1,2026-04-22T12:28:11.743104Z,accepted,2026-04-23T12:51:42.005416Z,2026-04-23T12:52:15.201000Z,2026-04-23
FLW_c7cb5048,1ABT1EA1,2026-04-22T12:28:10.743875Z,sms_delivered,,,
FLW_36fc8d3c,1ABT1EA1,2026-04-22T12:28:11.101799Z,accepted,2026-04-23T09:45:52.056137Z,2026-04-23T09:47:00.583000Z,2026-04-23
FLW_e13256c3,1ABT1EA1,2026-04-22T12:28:11.718588Z,sms_delivered,,,
FLW_3f28c1ce,1ABT1EA1,2026-04-22T12:28:10.956405Z,accepted,2026-04-23T13:23:09.656457Z,2026-04-23T13:23:44.192000Z,2026-04-23
FLW_0fd83440,1ABT1EA1,2026-04-22T12:28:11.337530Z,sms_delivered,,,
FLW_d8266d6d,1ABT1EA1,2026-04-22T12:28:10.611277Z,accepted,2026-04-22T12:29:08.002444Z,2026-04-22T12:30:10.721000Z,2026-04-22
FLW_ca1f921b,1ABT1EA1,2026-04-22T12:28:10.560140Z,accepted,2026-04-22T12:42:43.399001Z,2026-04-22T12:45:28.882000Z,2026-04-22
FLW_a7b524a6,1ABT1EA1,2026-04-22T12:28:11.128802Z,accepted,2026-04-22T12:35:51.664906Z,2026-04-22T12:37:35.619000Z,2026-04-22
FLW_6116dabc,1ABT1EA1,2026-04-22T12:28:11.237704Z,accepted,2026-04-22T12:32:01.906855Z,2026-04-22T12:35:27.021000Z,2026-04-22
FLW_e3365061,1ABT1EA1,2026-04-22T12:28:10.718556Z,accepted,2026-04-24T11:12:13.564371Z,2026-04-24T13:07:25.844000Z,2026-04-24
FLW_5d12ac24,1ABT1EA1,2026-04-22T12:28:11.462493Z,accepted,2026-04-23T04:52:52.562143Z,2026-04-23T04:56:07.376000Z,2026-04-23
FLW_cc96bfce,1ABT1EA1,2026-04-22T12:28:10.768402Z,accepted,2026-07-06T15:06:22.233310Z,,
FLW_e201afb3,1ABT1EA1,2026-04-22T12:28:10.692861Z,accepted,2026-04-22T12:40:33.305383Z,2026-05-03T11:18:50.481000Z,2026-05-03
FLW_8a6383e7,1ABT1EA1,2026-04-22T12:28:11.185748Z,accepted,2026-04-22T13:15:31.301115Z,2026-04-22T13:22:06.498000Z,2026-04-22
FLW_8518810d,1ABT1EA1,2026-04-22T12:28:10.983478Z,accepted,2026-04-22T12:50:37.830772Z,2026-04-22T12:51:22.289000Z,2026-04-22
FLW_cd6fbb38,1ABT1EA1,2026-04-22T12:28:11.031581Z,accepted,2026-04-23T21:02:29.749759Z,2026-05-05T16:10:58.728000Z,2026-05-05
FLW_664192c8,1ABT1EA1,2026-04-22T12:28:11.436830Z,accepted,2026-04-22T13:28:38.556505Z,2026-04-22T13:58:52.298000Z,2026-04-22
FLW_7c85002d,1ABT1EA1,2026-04-22T12:28:11.312650Z,accepted,2026-04-22T14:24:57.028705Z,2026-04-22T14:37:28.585000Z,2026-04-23
FLW_6cddef5b,1ABT1EA1,2026-04-22T12:28:11.644148Z,accepted,2026-04-22T14:16:47.377995Z,2026-04-22T14:17:44.240000Z,2026-04-22
FLW_55ecaf46,1ABT1EA1,2026-04-22T12:28:11.211563Z,accepted,2026-07-23T21:03:10.062304Z,2026-07-28T20:23:32.170000Z,2026-07-28
FLW_2d810942,1ABT1EA1,2026-04-22T12:28:10.637345Z,accepted,2026-04-30T12:17:47.195840Z,2026-05-01T10:55:24.626000Z,2026-05-01
FLW_cc45b5ef,1ABT1EA1,2026-04-22T12:28:10.818736Z,accepted,2026-05-02T13:47:52.429979Z,2026-05-02T13:50:24.911000Z,2026-05-02
FLW_90733d21,1ABT1EA1,2026-04-22T12:28:11.486889Z,accepted,2026-04-22T15:49:34.005604Z,2026-04-22T15:51:18.992000Z,2026-04-25
FLW_7b7a4129,1ABT1EA1,2026-04-22T12:28:11.074154Z,accepted,2026-04-26T15:01:30.843727Z,2026-04-26T15:02:15.571000Z,2026-04-29
FLW_a629693d,1ABT1EA1,2026-04-22T12:28:10.900110Z,accepted,2026-05-03T07:27:57.570099Z,2026-05-03T07:29:09.361000Z,
FLW_3a639f42,1ABT1EA1,2026-04-22T12:28:11.157379Z,accepted,2026-04-22T18:57:55.909931Z,2026-04-22T19:02:29.934000Z,2026-04-22
FLW_31811430,1ABT1EA1,2026-04-22T12:28:10.487054Z,accepted,2026-04-28T04:28:14.090744Z,2026-04-28T04:34:32.243000Z,2026-04-30
FLW_6e062c9c,1ABT1EA1,2026-04-22T12:28:11.817402Z,accepted,2026-04-30T07:52:26.066481Z,2026-04-30T07:53:48Z,2026-05-02
FLW_ce806e40,1ABT1EA1,2026-04-22T12:28:10.533781Z,accepted,2026-04-23T07:47:49.248359Z,2026-04-23T07:55:59.768000Z,2026-04-23
FLW_e33e4506,1ABT1EA1,2026-04-22T12:28:11.618843Z,accepted,2026-04-30T20:09:27.275739Z,2026-04-30T20:11:00.382000Z,2026-04-30
FLW_86c9d88b,1ABT1EA1,2026-04-22T12:28:11.693375Z,accepted,2026-04-22T13:53:55.372069Z,2026-04-22T14:05:49.607000Z,2026-04-22
FLW_d7f29e6b,1ABT1EA1,2026-04-22T12:28:11.792300Z,accepted,2026-04-22T15:33:37.786114Z,2026-04-22T16:11:32.176000Z,2026-04-22
FLW_9430cf11,1ABT1EA1,2026-04-22T12:28:10.664730Z,accepted,2026-04-23T13:21:06.658109Z,,
FLW_649f7d1c,1ABT1EA1,2026-04-22T12:28:11.512649Z,accepted,2026-05-07T05:48:49.624977Z,,
FLW_c7fb4422,1ABT1EA1,2026-04-22T12:28:11.559823Z,accepted,2026-04-29T12:07:26.420332Z,2026-05-20T05:31:13.089000Z,2026-05-20
FLW_f59440f2,1ABT1EA1,2026-04-22T12:28:10.872719Z,sms_delivered,,,
FLW_4f275413,1ABT1EA1,2026-04-22T12:28:10.793837Z,accepted,2026-04-29T01:09:56.048334Z,2026-05-04T21:41:32.078000Z,
FLW_ffe755a9,1ABT1EA1,2026-04-22T12:28:10.585561Z,accepted,2026-05-05T18:53:42.334041Z,,
FLW_b7a036c5,1ABT1EA1,2026-04-22T12:28:11.263314Z,accepted,2026-04-22T12:35:34.895061Z,2026-04-22T12:45:03.992000Z,2026-04-22
FLW_f3590773,1ABT1EA1,2026-05-06T15:23:21.828231Z,accepted,2026-05-06T16:49:17.550224Z,2026-05-07T14:05:50.262000Z,2026-05-07
FLW_ccc5516d,1ABT1EA1,2026-05-06T16:37:06.045953Z,accepted,2026-05-06T17:43:35.015219Z,2026-05-06T21:21:26.855000Z,2026-05-06
FLW_c26397af,1ABT1EA1,2026-05-08T16:58:07.460867Z,accepted,2026-05-08T17:01:34.702036Z,2026-05-08T17:21:33.148000Z,2026-05-08
FLW_55dab34e,1ABT1EA1,2026-04-22T12:28:11.362576Z,accepted,2026-04-29T11:48:32.396129Z,2026-05-06T08:53:26.934000Z,2026-05-06
FLW_e9b8aaf9,1ABT1EA1,2026-05-06T13:56:35.303544Z,accepted,2026-05-06T14:11:27.539702Z,2026-05-06T16:58:19.699000Z,2026-05-06
FLW_0427115e,1ABT1EA1,2026-04-22T12:28:11.387518Z,accepted,2026-04-29T06:09:28.121383Z,2026-04-29T06:10:12.105000Z,2026-04-29
FLW_12e80c2a,1ABT1EA1,2026-04-22T12:28:11.412443Z,accepted,2026-05-06T10:38:11.324688Z,2026-05-06T10:41:33.548000Z,2026-05-06
FLW_466f5c6c,1ABT1EA1,2026-04-22T12:28:11.590792Z,accepted,2026-04-22T22:36:27.440771Z,2026-04-23T10:15:01.620000Z,2026-04-23
FLW_1b87a2e6,1ABT1EA1,2026-04-22T12:28:11.841832Z,accepted,2026-04-23T05:46:44.043951Z,2026-04-23T05:47:37.332000Z,2026-04-23
FLW_2d6980e6,1ABT1EA1,2026-04-22T12:28:10.845160Z,accepted,2026-05-20T14:19:21.607209Z,2026-05-20T14:21:22.679000Z,2026-05-22
FLW_86c14030,1ABT1EA1,2026-04-22T12:28:10.927706Z,accepted,2026-04-23T19:50:22.578610Z,2026-04-23T19:51:14.349000Z,2026-07-03
FLW_9ea82687,1ABT1EA1,2026-04-22T12:28:11.536074Z,accepted,2026-05-07T09:47:36.610444Z,2026-05-07T09:50:07.642000Z,2026-05-07
FLW_d0da0c33,1ABT1EA2,2026-04-22T12:39:57.556343Z,accepted,2026-05-20T22:04:43.511921Z,2026-05-20T22:06:55.207000Z,
FLW_c013d721,1ABT1EA2,2026-04-22T12:39:58.182473Z,sms_delivered,,,
FLW_7aa900ef,1ABT1EA2,2026-04-22T12:39:57.303509Z,sms_delivered,,,
FLW_0cf94e65,1ABT1EA2,2026-04-22T12:39:57.752321Z,sms_delivered,,,
FLW_47c92d8e,1ABT1EA2,2026-04-22T12:39:57.777918Z,sms_delivered,,,
FLW_a4cc42b5,1ABT1EA2,2026-04-22T12:39:57.802817Z,accepted,2026-04-22T12:41:55.888803Z,2026-04-22T12:45:45.697000Z,2026-04-22
FLW_2fb20551,1ABT1EA2,2026-04-22T12:39:58.105603Z,accepted,2026-04-22T22:14:08.024799Z,,
FLW_2b5f3513,1ABT1EA2,2026-04-22T12:39:58.309107Z,accepted,2026-04-26T18:27:21.703816Z,2026-04-26T18:28:06.464000Z,2026-04-26
FLW_793abda4,1ABT1EA2,2026-04-22T12:39:57.951320Z,accepted,,,
FLW_13593e7b,1ABT1EA2,2026-04-22T12:39:58.483039Z,accepted,2026-04-23T20:23:43.075691Z,2026-05-01T08:26:36.225000Z,
FLW_5d770c9d,1ABT1EA2,2026-04-22T12:39:58.284341Z,accepted,2026-04-23T12:52:58.964103Z,,
FLW_93ba6220,1ABT1EA2,2026-04-22T12:39:57.926506Z,accepted,2026-04-22T17:40:41.859551Z,2026-04-22T17:41:12.534000Z,2026-04-22
FLW_5f559d5f,1ABT1EA2,2026-04-22T12:39:58.080820Z,accepted,2026-04-23T16:59:13.987743Z,2026-04-23T16:59:41.106000Z,2026-04-23
FLW_163d5959,1ABT1EA2,2026-04-22T12:39:57.650737Z,accepted,2026-05-01T17:43:30.464609Z,2026-05-01T17:44:05.246000Z,2026-05-01
FLW_9334b8cc,1ABT1EA2,2026-04-22T12:39:57.350144Z,accepted,2026-04-22T14:38:11.095429Z,2026-07-14T09:48:20.346000Z,2026-07-14
FLW_46bcf23b,1ABT1EA2,2026-04-22T12:39:57.853061Z,sms_delivered,,,
FLW_c6ca1753,1ABT1EA2,2026-04-22T12:39:57.480726Z,accepted,2026-04-22T14:43:50.334650Z,2026-04-22T14:44:19.077000Z,2026-04-22
FLW_bf69b9ab,1ABT1EA2,2026-04-22T12:39:58.054670Z,sms_delivered,,,
FLW_aa4fd10f,1ABT1EA2,2026-04-22T12:39:58.232935Z,sms_delivered,,,
FLW_592d67c7,1ABT1EA2,2026-04-22T12:39:58.258988Z,accepted,,,
FLW_6f1a3e54,1ABT1EA2,2026-04-22T12:39:57.901615Z,accepted,2026-04-29T09:20:24.706388Z,2026-04-29T19:42:59.439000Z,2026-04-29
FLW_3229d059,1ABT1EA2,2026-04-22T12:39:58.433795Z,sms_delivered,,,
FLW_a5e399cb,1ABT1EA2,2026-04-22T12:39:58.333388Z,accepted,2026-04-22T12:43:22.167006Z,2026-04-22T12:45:19.295000Z,2026-04-22
FLW_2a5b7fe3,1ABT1EA2,2026-04-22T12:39:57.611310Z,accepted,2026-04-23T16:10:36.049033Z,2026-04-23T16:12:50.704000Z,2026-04-23
FLW_884de98e,1ABT1EA2,2026-04-22T12:39:58.207477Z,accepted,2026-04-22T13:24:41.182166Z,2026-04-22T13:27:09.192000Z,2026-04-22
FLW_77dbdd93,1ABT1EA2,2026-04-22T12:39:58.383882Z,accepted,2026-04-24T14:54:53.465553Z,2026-04-24T15:37:01.969000Z,2026-04-24
FLW_370d6c2d,1ABT1EA2,2026-04-22T12:39:58.458649Z,accepted,2026-05-09T13:39:15.174125Z,2026-05-09T13:40:04.774000Z,
FLW_a8870cc9,1ABT1EA2,2026-04-22T12:39:58.130495Z,accepted,2026-05-09T18:29:41.600134Z,2026-05-09T18:30:43.521000Z,2026-05-09
FLW_019b7560,1ABT1EA2,2026-04-22T12:39:57.877473Z,accepted,2026-04-22T22:05:16.795582Z,,
FLW_52ceeb7c,1ABT1EA2,2026-04-22T12:39:57.727088Z,accepted,2026-05-13T13:41:27.324544Z,,
FLW_67ec4111,1ABT1EA2,2026-04-22T12:39:57.402720Z,accepted,2026-04-22T17:38:09.213274Z,2026-04-22T17:39:49.689000Z,2026-04-22
FLW_d37df42a,1ABT1EA2,2026-04-22T12:39:57.455276Z,accepted,2026-04-22T15:27:38.249246Z,2026-04-22T15:30:06.057000Z,2026-04-22
FLW_7263587d,1ABT1EA2,2026-04-22T12:39:57.828532Z,accepted,2026-04-24T09:47:07.897922Z,,
FLW_1633a1e3,1ABT1EA2,2026-04-22T12:39:58.156715Z,accepted,2026-04-23T12:41:50.359877Z,2026-04-23T12:46:00.052000Z,2026-04-26
FLW_19308d82,1ABT1EA2,2026-04-22T12:39:58.028374Z,accepted,2026-04-22T13:29:50.455043Z,2026-04-22T13:30:12.058000Z,2026-04-22
FLW_229384e0,1ABT1EA2,2026-04-22T12:39:57.976162Z,sms_delivered,,,
FLW_8670bf00,1ABT1EA2,2026-04-22T12:39:58.001461Z,sms_delivered,,,
FLW_3b3e8965,1ABT1EA2,2026-04-22T12:39:57.429134Z,accepted,2026-05-07T14:04:18.537930Z,2026-07-13T13:01:09.330000Z,2026-07-13
FLW_50bc3aee,1ABT1EA2,2026-04-22T12:39:58.358486Z,accepted,2026-04-24T18:33:38.993496Z,2026-05-10T11:47:05.589000Z,2026-05-10
FLW_26ed93c4,1ABT1EA2,2026-04-22T12:39:57.377686Z,accepted,2026-04-30T08:21:50.218302Z,2026-04-30T08:22:35.932000Z,2026-04-30
FLW_7d42c693,1ABT1EA2,2026-04-22T12:39:57.676255Z,accepted,2026-05-19T08:13:22.028473Z,,
FLW_8094415e,1ABT1EA2,2026-04-22T12:39:57.701897Z,accepted,2026-04-22T13:03:06.590657Z,2026-04-22T13:08:54.966000Z,2026-04-22
FLW_69867a92,1ABT1EA2,2026-04-22T12:39:57.531721Z,accepted,2026-04-22T13:09:36.154121Z,2026-04-24T06:27:41.884000Z,2026-04-24
FLW_83ee4ed5,1ABT1EA2,2026-04-22T12:39:57.582536Z,sms_delivered,,,
FLW_00a1d5c0,1ABT1EA2,2026-04-22T12:39:57.506729Z,accepted,2026-04-22T20:03:23.727400Z,2026-04-22T20:06:03.572000Z,2026-04-22
FLW_e5a00e9c,1ABT1EA2,2026-04-22T12:39:58.408133Z,sms_delivered,,,
FLW_e368fabf,1ABT1EB1,2026-04-22T12:47:18.308206Z,accepted,2026-04-22T19:29:00.815419Z,2026-04-22T20:08:15.397000Z,2026-04-22
FLW_2aa0a50f,1ABT1EB1,2026-04-22T12:47:18.667169Z,accepted,2026-04-22T19:20:11.713907Z,2026-04-22T19:21:49.475000Z,2026-04-22
FLW_62d90761,1ABT1EB1,2026-04-22T12:47:17.800075Z,accepted,2026-04-28T17:51:11.213566Z,2026-05-11T11:27:10.477000Z,2026-05-11
FLW_a54c48b5,1ABT1EB1,2026-04-22T12:47:17.517600Z,accepted,2026-04-22T13:02:27.322744Z,2026-04-22T13:20:10.836000Z,2026-04-22
FLW_b25aba05,1ABT1EB1,2026-04-22T12:47:18.242784Z,accepted,2026-04-23T09:02:15.154005Z,2026-04-23T09:04:39.469000Z,2026-04-29
FLW_facd6c46,1ABT1EB1,2026-04-22T12:47:18.751072Z,accepted,2026-04-23T14:40:22.180117Z,2026-04-29T19:21:25.608000Z,2026-04-29
FLW_df32d792,1ABT1EB1,2026-04-22T12:47:18.101371Z,accepted,2026-04-23T06:38:08.434947Z,,
FLW_e003c3b3,1ABT1EB1,2026-04-22T12:47:18.215154Z,accepted,2026-04-22T22:16:27.285034Z,2026-04-29T19:52:42.576000Z,2026-04-29
FLW_d722e06d,1ABT1EB1,2026-04-22T12:47:17.661044Z,accepted,2026-04-27T16:44:23.735200Z,2026-05-08T10:19:21.419000Z,2026-05-17
FLW_1ff1989c,1ABT1EB1,2026-04-22T12:47:18.474376Z,accepted,,,
FLW_4bf314a5,1ABT1EB1,2026-04-22T12:47:17.688938Z,sms_delivered,,,
FLW_79e0f668,1ABT1EB1,2026-04-22T12:47:18.419541Z,accepted,2026-04-23T06:53:23.732919Z,2026-05-23T16:40:01.054000Z,2026-05-23
FLW_62b5e67c,1ABT1EB1,2026-04-22T12:47:18.046224Z,sms_delivered,,,
FLW_2cc61e27,1ABT1EB1,2026-04-22T12:47:18.158379Z,accepted,2026-04-27T09:06:13.218997Z,2026-05-05T11:11:35.829000Z,2026-05-05
FLW_6f44bb79,1ABT1EB1,2026-04-22T12:47:18.722662Z,accepted,2026-07-17T13:37:38.132271Z,,
FLW_43e624da,1ABT1EB1,2026-04-22T12:47:18.694553Z,accepted,2026-04-30T10:43:30.332557Z,2026-04-30T10:48:41.991000Z,2026-04-30
FLW_1d365f3d,1ABT1EB1,2026-04-22T12:47:17.547206Z,accepted,2026-04-22T12:52:08.202804Z,,
FLW_60a6da46,1ABT1EB1,2026-04-22T12:47:18.584946Z,accepted,2026-04-22T12:50:43.396718Z,2026-04-22T12:57:57.518000Z,2026-04-22
FLW_b6d91789,1ABT1EB1,2026-04-22T12:47:17.408081Z,accepted,2026-04-22T18:02:12.515309Z,,
FLW_7e7cca2c,1ABT1EB1,2026-04-22T12:47:18.392247Z,accepted,2026-04-22T13:05:55.854376Z,2026-04-24T05:09:26.143000Z,2026-04-24
FLW_da371b22,1ABT1EB1,2026-04-22T12:47:18.187160Z,accepted,2026-04-22T13:18:23.411026Z,2026-04-22T14:23:50.518000Z,2026-04-22
FLW_5ec465a1,1ABT1EB1,2026-04-22T12:47:18.447501Z,accepted,2026-04-27T20:40:13.775939Z,2026-05-05T15:41:55.862000Z,2026-05-06
FLW_55c07f52,1ABT1EB1,2026-04-22T12:47:18.336654Z,accepted,2026-04-22T13:27:17.103974Z,2026-04-22T13:28:30.679000Z,2026-04-22
FLW_f5a021a4,1ABT1EB1,2026-04-22T12:47:17.935366Z,accepted,2026-04-22T14:21:05.603505Z,2026-04-22T14:30:27.946000Z,2026-04-22
FLW_04720229,1ABT1EB1,2026-04-22T12:47:18.612091Z,accepted,2026-04-22T13:32:36.348940Z,2026-04-22T13:33:46.219000Z,2026-04-22
FLW_e9444c71,1ABT1EB1,2026-04-22T12:47:17.576386Z,accepted,2026-04-22T14:22:24.922890Z,2026-05-14T08:40:07.615000Z,2026-05-14
FLW_8a49c80a,1ABT1EB1,2026-04-22T12:47:18.129569Z,accepted,2026-04-22T14:01:36.562708Z,2026-05-11T15:47:26.243000Z,2026-05-11
FLW_0f83a507,1ABT1EB1,2026-04-22T12:47:17.827644Z,accepted,2026-04-25T11:23:13.310465Z,2026-04-25T12:17:33.326000Z,2026-04-25
FLW_7ae17da3,1ABT1EB1,2026-04-22T12:47:18.501801Z,accepted,2026-04-22T14:37:00.217944Z,2026-04-22T14:45:48.941000Z,2026-04-22
FLW_bb7fd22d,1ABT1EB1,2026-04-22T12:47:17.632422Z,accepted,2026-06-21T22:16:42.134390Z,,
FLW_53781334,1ABT1EB1,2026-04-22T12:47:18.019108Z,accepted,2026-04-22T16:35:37.040569Z,2026-04-22T17:12:24.797000Z,2026-04-22
FLW_670edf8a,1ABT1EB1,2026-04-22T12:47:18.074507Z,accepted,2026-04-30T05:44:04.529216Z,2026-04-30T18:50:02.464000Z,2026-04-30
FLW_eaf3541f,1ABT1EB1,2026-04-22T12:47:17.487610Z,accepted,2026-04-23T05:17:49.339580Z,,
FLW_7f61c4ff,1ABT1EB1,2026-04-22T12:47:18.639336Z,accepted,2026-04-23T18:35:31.384210Z,,
FLW_60612813,1ABT1EB1,2026-04-22T12:47:18.272282Z,accepted,2026-04-23T09:43:23.514326Z,2026-04-23T09:46:17.684000Z,2026-04-29
FLW_71ad69a5,1ABT1EB1,2026-04-22T12:47:17.716532Z,accepted,2026-04-22T18:10:10.072236Z,2026-04-22T18:24:47.872000Z,2026-04-22
FLW_a57846c8,1ABT1EB1,2026-04-22T12:47:17.881475Z,accepted,2026-04-24T04:58:02.269133Z,,
FLW_60cdcb2a,1ABT1EB1,2026-04-22T12:47:17.744556Z,accepted,2026-04-22T18:54:48.619358Z,2026-04-22T18:59:09.797000Z,2026-04-22
FLW_881ac33a,1ABT1EB1,2026-04-22T12:47:17.772643Z,accepted,2026-04-22T19:32:35.843091Z,,
FLW_9ec0bbc3,1ABT1EB1,2026-04-22T12:47:17.962614Z,accepted,2026-04-24T19:45:53.634217Z,2026-04-24T19:52:28.617000Z,2026-04-24
FLW_de27e5cd,1ABT1EB1,2026-04-22T12:47:18.966873Z,sms_delivered,,,
FLW_0da753ae,1ABT1EB1,2026-04-22T12:47:18.912900Z,accepted,2026-04-30T11:05:16.808894Z,2026-04-30T11:08:19.125000Z,2026-04-30
FLW_ce8baad6,1ABT1EB1,2026-04-22T12:47:18.777873Z,accepted,2026-04-22T12:49:09.001717Z,2026-04-22T12:49:43.844000Z,2026-04-22
FLW_fd58f759,1ABT1EB1,2026-04-22T12:47:19.050759Z,accepted,2026-05-27T10:53:06.876173Z,,
FLW_783c2bd7,1ABT1EB1,2026-04-22T12:47:18.992923Z,accepted,2026-04-22T13:05:08.190904Z,2026-04-26T06:19:47.265000Z,2026-04-26
FLW_84d3e307,1ABT1EB1,2026-04-22T12:47:18.860585Z,accepted,2026-04-22T13:20:18.207750Z,2026-04-22T13:24:42.320000Z,2026-04-22
FLW_8bd3fa5c,1ABT1EB1,2026-04-22T12:47:18.940081Z,accepted,2026-05-14T16:00:49.401182Z,2026-05-14T16:02:42.015000Z,2026-05-14
FLW_4bcde4b8,1ABT1EB1,2026-04-22T12:47:18.833206Z,accepted,2026-05-07T13:31:15.528166Z,2026-05-07T13:37:52.319000Z,2026-05-07
FLW_5ee27933,1ABT1EB1,2026-04-22T12:47:18.886795Z,accepted,2026-04-22T13:48:17.626691Z,2026-04-22T13:50:27.246000Z,2026-04-22
FLW_f73e06d4,1ABT1EB1,2026-04-22T12:47:19.078988Z,accepted,2026-04-22T14:46:22.799871Z,2026-04-30T08:30:28.628000Z,2026-04-30
FLW_b6133034,1ABT1EB1,2026-04-22T12:47:19.132076Z,accepted,2026-04-22T16:56:32.701064Z,2026-04-24T14:45:39.904000Z,2026-04-24
FLW_f251b9cf,1ABT1EB1,2026-04-22T12:47:19.159585Z,accepted,2026-04-22T17:46:59.562264Z,2026-04-22T17:56:55.652000Z,2026-04-22
FLW_a90c193d,1ABT1EB1,2026-04-22T12:47:19.020620Z,accepted,2026-04-23T05:01:52.793592Z,2026-04-27T16:15:34.408000Z,2026-04-27
FLW_66c55bab,1ABT1EB1,2026-04-22T12:47:18.528728Z,accepted,2026-04-22T13:19:11.541791Z,2026-04-22T13:19:37.743000Z,2026-04-22
FLW_7d0deb89,1ABT1EB1,2026-04-22T12:47:18.806327Z,accepted,2026-04-25T13:38:20.058673Z,2026-05-07T10:17:32.017000Z,2026-05-07
FLW_8e30c276,1ABT1EB1,2026-04-22T12:47:19.105053Z,accepted,2026-04-30T19:37:22.467190Z,2026-05-01T06:01:50.426000Z,2026-05-01
FLW_771842bf,1ABT1EB1,2026-04-22T12:47:17.908148Z,accepted,2026-04-22T12:49:26.399085Z,2026-04-22T12:50:36.374000Z,2026-04-22
FLW_4c82cb14,1ABT1EB1,2026-04-22T12:47:17.855032Z,accepted,2026-04-22T14:53:42.239446Z,2026-04-22T15:52:36.773000Z,2026-04-22
FLW_8d0b0546,1ABT1EB1,2026-04-22T12:47:18.364582Z,accepted,2026-04-28T17:32:26.126141Z,2026-05-06T17:08:17.975000Z,2026-05-06
FLW_d945a42a,1ABT1EB1,2026-04-22T12:47:17.458610Z,accepted,2026-04-22T13:05:00.274542Z,2026-04-28T00:20:07.320000Z,2026-04-28
FLW_684a481a,1ABT1EB1,2026-04-22T12:47:17.604201Z,accepted,2026-04-22T15:30:16.201600Z,2026-04-22T15:47:32.320000Z,2026-04-22
FLW_4a0a8aa9,1ABT1EB1,2026-04-22T12:47:17.989081Z,accepted,2026-04-22T13:35:22.360808Z,2026-04-22T13:37:32.273000Z,2026-04-22
FLW_2ebea77b,1ABT1EB1,2026-04-22T12:47:18.556657Z,accepted,2026-04-22T16:08:49.161518Z,2026-04-22T16:11:18.350000Z,2026-04-22
FLW_0270a290,36TRS,2026-04-23T10:47:35.200097Z,accepted,2026-04-23T10:59:13.826608Z,2026-04-23T11:12:51.664000Z,2026-04-23
FLW_45aec05b,36TRS,2026-04-23T10:47:35.392510Z,accepted,2026-04-23T10:48:21.733151Z,2026-04-23T11:10:57.424000Z,2026-04-23
FLW_cbe45068,36TRS,2026-04-23T10:47:35.290259Z,accepted,2026-04-23T11:03:04.048956Z,2026-04-23T11:13:43.979000Z,2026-04-23
FLW_252b2ed8,36TRS,2026-04-23T10:47:35.322754Z,accepted,2026-04-23T10:48:58.451888Z,2026-04-23T11:29:28.664000Z,2026-04-23
FLW_3114cc82,36TRS,2026-04-23T10:47:35.521777Z,accepted,2026-04-23T10:49:14.535121Z,2026-04-23T11:35:45.284000Z,2026-04-23
FLW_d75081c7,36TRS,2026-04-23T10:47:35.586608Z,accepted,2026-04-23T10:49:25.963146Z,2026-04-23T11:39:35.274000Z,2026-04-23
FLW_2cee0812,36TRS,2026-04-23T10:47:35.457432Z,accepted,2026-04-23T10:51:00.507547Z,2026-04-23T11:37:44.317000Z,2026-04-23
FLW_992c7568,36TRS,2026-04-23T10:47:35.424217Z,accepted,2026-04-23T10:52:20.044254Z,2026-04-23T11:34:57.844000Z,2026-04-23
FLW_2e2677c4,36TRS,2026-04-23T10:47:35.552730Z,accepted,2026-04-23T10:52:52.283409Z,2026-04-23T11:35:42.054000Z,2026-04-23
FLW_cd53c000,36TRS,2026-04-23T10:47:35.356847Z,accepted,2026-04-23T10:53:12.183120Z,2026-04-23T11:04:22.399000Z,2026-04-23
FLW_d7b0c2c0,36TRS,2026-04-23T10:47:35.489769Z,accepted,2026-04-23T11:16:07.528858Z,2026-04-23T11:46:55.134000Z,2026-04-23
FLW_331f2fac,36TRS,2026-04-23T10:47:35.142520Z,accepted,2026-04-23T10:50:22.534405Z,2026-04-23T11:08:12.144000Z,2026-04-23
FLW_eeec0952,36TRS,2026-04-23T10:47:35.256972Z,accepted,2026-04-23T10:54:32.792178Z,2026-04-23T11:13:08.080000Z,2026-04-23
FLW_ff1ca530,36TRS,2026-04-23T13:03:02.886984Z,accepted,2026-04-23T13:04:48.106642Z,2026-04-23T13:19:44.140000Z,2026-04-23
FLW_916d01d4,36TRS,2026-04-23T11:03:09.118393Z,accepted,2026-04-23T11:05:05.477887Z,2026-04-23T11:36:06.641000Z,2026-04-23
FLW_4c46d233,36TRS,2026-04-23T11:03:09.069138Z,accepted,2026-04-23T11:05:25.703565Z,2026-04-23T11:38:20.250000Z,2026-04-23
FLW_0ca1de94,36TRS,2026-04-23T11:03:09.153370Z,accepted,2026-04-23T11:06:03.827259Z,2026-04-23T11:46:44.799000Z,2026-04-23
FLW_3974ff38,36TRS,2026-04-23T11:11:35.362461Z,accepted,2026-04-23T11:17:57.183487Z,2026-04-23T11:28:54.807000Z,2026-04-23
FLW_ffbc946d,36TRS,2026-04-23T11:11:35.506713Z,accepted,2026-04-23T11:26:31.871119Z,2026-04-23T11:43:10.228000Z,2026-04-23
FLW_2c1ba0e4,36TRS,2026-04-23T11:11:35.672857Z,accepted,2026-04-23T11:33:55.566797Z,2026-04-23T11:43:33.118000Z,2026-04-23
FLW_6b698f0b,36TRS,2026-04-23T11:11:35.640660Z,accepted,2026-04-23T11:43:38.090274Z,2026-04-23T11:57:12.747000Z,2026-04-23
FLW_3ed75330,36TRS,2026-04-23T11:11:35.452744Z,accepted,2026-04-23T11:47:38.796245Z,2026-04-23T11:53:31.153000Z,2026-04-23
FLW_97d174c1,36TRS,2026-04-23T11:16:07.267981Z,accepted,2026-04-23T11:18:20.763056Z,2026-04-23T11:27:50.584000Z,2026-04-23
FLW_47ea1265,36TRS,2026-04-23T11:36:00.384192Z,accepted,2026-04-23T11:37:10.275453Z,2026-04-23T11:45:20.033000Z,2026-04-23
FLW_737baab1,36TRS,2026-04-23T11:36:00.325957Z,accepted,2026-04-23T11:38:26.140585Z,2026-04-23T11:50:17.402000Z,2026-04-23
FLW_48e470e3,36TRS,2026-04-23T11:36:00.422800Z,accepted,2026-04-23T11:38:41.349041Z,2026-04-23T11:46:23.984000Z,2026-04-23
FLW_23b3cea3,36TRS,2026-04-23T11:51:56.412644Z,accepted,2026-04-23T11:56:00.548871Z,2026-04-23T12:09:59.500000Z,2026-04-23
FLW_9e368f31,36TRS,2026-04-23T11:52:57.333293Z,accepted,2026-04-23T11:53:48.152591Z,2026-04-23T12:04:01.958000Z,2026-04-23
FLW_d16071ff,36TRS,2026-04-23T11:58:20.938222Z,accepted,2026-04-23T11:59:00.990379Z,2026-04-23T12:12:26.422000Z,2026-04-23
FLW_fb9a36cf,36TRS,2026-04-23T14:04:06.094613Z,accepted,2026-04-23T14:05:00.264017Z,2026-04-23T14:10:54.369000Z,2026-04-23
FLW_7c56c3a4,36TRS,2026-05-06T12:54:57.355806Z,accepted,2026-05-06T13:07:13.584484Z,2026-05-06T13:23:18.861000Z,2026-05-06
FLW_fd3b16d8,25TRS,2026-04-23T13:54:09.244018Z,accepted,2026-04-23T14:15:35.066238Z,2026-04-23T14:37:37.570000Z,2026-04-23
FLW_8c343ea7,25TRS,2026-04-23T13:54:09.073107Z,accepted,2026-04-23T14:06:35.033321Z,2026-04-23T14:20:39.947000Z,2026-04-23
FLW_d31fdc5e,25TRS,2026-04-23T13:54:09.214475Z,accepted,2026-04-23T14:00:19.827179Z,2026-04-23T14:20:21.050000Z,2026-04-23
FLW_b084405e,25TRS,2026-04-23T13:54:09.559200Z,accepted,2026-04-23T14:12:59.155194Z,2026-04-23T14:47:06.990000Z,2026-04-23
FLW_19a690ec,25TRS,2026-04-23T13:54:09.376590Z,accepted,2026-04-23T14:04:36.766237Z,2026-04-23T14:18:07.427000Z,2026-04-23
FLW_bb892e3b,25TRS,2026-04-23T13:54:09.467976Z,accepted,2026-04-23T14:18:56.997266Z,2026-04-23T14:26:31.173000Z,2026-04-23
FLW_4122b15f,25TRS,2026-04-23T13:54:09.438454Z,accepted,2026-04-23T14:13:33.406139Z,2026-04-23T14:26:42.984000Z,2026-04-23
FLW_1992b043,25TRS,2026-04-23T13:54:09.588926Z,accepted,2026-04-23T14:22:31.886037Z,2026-04-23T14:42:16.667000Z,2026-04-23
FLW_988405bd,25TRS,2026-04-23T13:54:09.649331Z,accepted,2026-04-23T14:04:11.780754Z,2026-04-23T14:48:02.431000Z,2026-04-23
FLW_488699d1,25TRS,2026-04-23T13:54:09.618975Z,accepted,2026-04-23T14:09:42.424160Z,2026-04-23T14:24:41.301000Z,2026-04-23
FLW_e077e899,25TRS,2026-04-23T13:54:09.152756Z,accepted,2026-04-23T14:18:49.805245Z,2026-04-23T14:48:33.844000Z,2026-04-23
FLW_5e0576ef,25TRS,2026-04-23T13:54:09.324967Z,accepted,2026-04-23T14:17:40.299624Z,2026-04-23T14:48:37.161000Z,2026-04-23
FLW_d59ffa27,25TRS,2026-04-23T13:54:09.184470Z,accepted,2026-04-23T14:20:44.056490Z,2026-04-23T14:48:49.116000Z,2026-04-23
FLW_6e292c23,25TRS,2026-04-23T13:54:09.738708Z,accepted,2026-04-23T14:01:36.063157Z,2026-04-23T14:17:48.378000Z,2026-04-23
FLW_c94c71d9,25TRS,2026-04-23T13:54:09.709746Z,accepted,2026-04-23T14:23:19.216060Z,2026-04-23T14:33:46.396000Z,2026-04-23
FLW_caa7f9e0,25TRS,2026-04-23T13:54:09.943542Z,accepted,2026-04-23T14:25:39.864151Z,2026-04-23T14:55:33.692000Z,2026-04-23
FLW_8f7c7c6d,25TRS,2026-04-23T13:54:09.826730Z,accepted,2026-04-23T13:56:28.050199Z,2026-04-23T14:11:29.015000Z,2026-04-23
FLW_c43647c4,25TRS,2026-04-23T13:54:09.914070Z,accepted,2026-04-23T13:57:31.383152Z,2026-04-23T14:51:04.554000Z,2026-04-23
FLW_d692ca52,25TRS,2026-04-23T13:54:09.856083Z,accepted,2026-04-23T14:17:26.175488Z,2026-04-23T14:31:16.320000Z,2026-04-23
FLW_7f7a21af,25TRS,2026-04-23T13:54:10.003099Z,accepted,2026-04-23T14:01:42.349080Z,2026-04-23T14:50:25.320000Z,2026-04-23
FLW_c49322dc,25TRS,2026-04-23T13:54:09.974331Z,accepted,2026-04-23T14:12:02.357049Z,2026-04-23T14:32:11.134000Z,2026-04-23
FLW_1bff41c4,25TRS,2026-04-23T13:54:09.884780Z,accepted,2026-04-23T14:14:27.191424Z,2026-04-23T14:30:40.255000Z,2026-04-23
FLW_89a64e78,25TRS,2026-04-23T13:54:09.797651Z,accepted,2026-04-23T14:23:26.730778Z,2026-04-23T14:44:22.728000Z,2026-04-23
FLW_ef39517f,25TRS,2026-04-23T13:54:09.498768Z,accepted,2026-04-23T14:05:49.478409Z,2026-04-23T14:23:43.179000Z,2026-04-23
FLW_51aac58f,25TRS,2026-04-23T13:54:09.679333Z,accepted,2026-04-23T14:02:45.147858Z,2026-04-23T14:16:09.685000Z,2026-04-23
FLW_dde445fe,25TRS,2026-04-23T13:54:09.768241Z,accepted,2026-04-23T14:15:51.280352Z,2026-04-23T14:47:01.060000Z,2026-04-23
FLW_9ff7d772,25TRS,2026-04-23T13:54:09.528286Z,accepted,2026-04-23T13:59:21.652977Z,2026-04-23T14:49:27.583000Z,2026-04-23
FLW_832d4055,25TRS,2026-04-23T13:59:22.093500Z,accepted,2026-04-23T13:59:51.360961Z,2026-04-23T14:13:52.490000Z,2026-04-23
FLW_81ebaada,25TRS,2026-04-23T13:54:09.287082Z,accepted,2026-04-23T14:12:58.307382Z,2026-04-23T14:47:13.311000Z,2026-04-23
FLW_62a2e906,25TRS,2026-04-23T13:54:09.122834Z,accepted,2026-04-23T14:08:33.184235Z,2026-04-23T14:19:23.977000Z,2026-04-23
FLW_2ec252a7,25TRS,2026-04-23T14:25:08.532475Z,accepted,2026-04-23T14:26:28.194677Z,2026-04-23T14:37:08.362000Z,2026-04-23
FLW_d5159232,25TRS,2026-04-23T13:54:09.404511Z,accepted,2026-04-23T14:15:31.953161Z,2026-04-23T14:47:31.797000Z,2026-04-23
FLW_1478c558,25TRS,2026-04-23T14:51:32.174949Z,accepted,2026-04-23T14:51:59.395620Z,2026-04-23T14:55:23.120000Z,2026-04-23
FLW_de3536e2,25TRS,2026-04-23T17:48:47.267615Z,accepted,2026-04-23T17:49:09.520777Z,2026-04-23T17:54:15.622000Z,2026-04-23
FLW_3d4bdc81,24TRS,2026-04-26T11:16:24.535972Z,accepted,2026-04-26T11:16:58.688135Z,2026-04-26T11:25:52.499000Z,2026-04-26
FLW_69a4bb4e,24TRS,2026-04-24T11:25:04.251606Z,accepted,2026-04-24T11:25:41.147879Z,2026-04-24T11:52:39.241000Z,2026-04-24
FLW_34e7fe41,24TRS,2026-04-24T11:25:04.186583Z,accepted,2026-04-24T11:28:21.150689Z,2026-04-24T11:46:28.623000Z,2026-04-24
FLW_2de5b5aa,24TRS,2026-04-24T11:25:04.074643Z,accepted,2026-04-24T11:27:38.996107Z,2026-04-24T11:49:45.171000Z,2026-04-24
FLW_fef78ef1,24TRS,2026-04-24T11:25:04.218251Z,accepted,2026-04-24T11:27:07.705135Z,2026-04-24T11:46:04.341000Z,2026-04-24
FLW_e1128ded,24TRS,2026-04-24T11:25:03.797290Z,accepted,2026-04-24T11:28:27.494914Z,2026-04-24T11:48:25.894000Z,2026-04-24
FLW_3b17047b,24TRS,2026-04-24T11:25:04.453208Z,accepted,2026-04-24T11:27:45.030242Z,2026-04-24T11:51:19.635000Z,2026-04-24
FLW_67fe1b4d,24TRS,2026-04-24T11:25:04.038745Z,accepted,2026-04-24T11:27:54.326128Z,2026-04-24T11:48:02.585000Z,2026-04-24
FLW_6995dedb,24TRS,2026-04-24T11:25:04.109237Z,accepted,2026-04-24T11:26:12.402546Z,2026-04-24T11:52:46.935000Z,2026-04-24
FLW_6c9fa319,24TRS,2026-04-24T11:25:04.287035Z,accepted,2026-04-24T11:28:40.889737Z,2026-04-24T11:50:04.001000Z,2026-04-24
FLW_a8eb688f,24TRS,2026-04-24T11:25:03.834822Z,accepted,2026-04-24T11:33:37.563029Z,2026-04-24T11:50:51.877000Z,2026-04-24
FLW_2663b77d,24TRS,2026-04-24T11:25:03.868822Z,accepted,2026-04-24T11:26:51.944673Z,2026-04-24T11:45:57.380000Z,2026-04-24
FLW_38600452,24TRS,2026-04-24T11:25:04.000858Z,accepted,2026-04-24T11:27:05.339236Z,2026-04-24T11:49:36.539000Z,2026-04-24
FLW_84ee6508,24TRS,2026-04-24T11:25:04.484553Z,accepted,2026-04-24T11:27:12.072723Z,2026-04-24T11:51:23.634000Z,2026-04-24
FLW_1e815e0d,24TRS,2026-04-24T11:25:04.519702Z,accepted,2026-04-24T11:27:19.476063Z,2026-04-24T11:47:20.780000Z,2026-04-24
FLW_ab7aa39d,24TRS,2026-04-24T11:25:04.321530Z,accepted,2026-04-24T11:27:31.981171Z,2026-04-24T11:47:16.371000Z,2026-04-24
FLW_fe2b079e,24TRS,2026-04-24T11:25:04.391348Z,accepted,2026-04-24T11:31:16.258120Z,2026-04-24T11:50:12.207000Z,2026-04-24
FLW_21021571,24TRS,2026-04-24T11:25:03.969109Z,accepted,2026-04-24T11:28:18.726941Z,2026-04-24T11:50:07.575000Z,2026-04-24
FLW_1a01df4d,24TRS,2026-04-24T11:25:03.936678Z,accepted,2026-04-24T11:28:20.175796Z,2026-04-24T11:45:59.008000Z,2026-04-24
FLW_e012c79d,24TRS,2026-04-24T11:25:04.142096Z,accepted,2026-04-24T11:28:49.570221Z,2026-04-24T11:50:16.926000Z,2026-04-24
FLW_b131d86d,24TRS,2026-04-24T11:25:04.427326Z,accepted,2026-04-24T11:29:59.419530Z,2026-04-24T11:47:50.152000Z,2026-04-24
FLW_0c1a680d,24TRS,2026-04-24T11:25:03.906488Z,accepted,2026-04-24T11:32:18.057662Z,2026-04-24T11:54:12.182000Z,2026-04-24
FLW_c6050f5f,24TRS,2026-04-24T11:25:03.760603Z,accepted,2026-04-24T11:27:07.340676Z,2026-04-24T11:49:45.515000Z,2026-04-24
FLW_befce5fd,24TRS,2026-04-24T11:25:03.661847Z,accepted,2026-04-24T11:28:17.346548Z,2026-04-24T11:52:37.856000Z,2026-04-24
FLW_ef42afb9,24TRS,2026-04-24T10:42:10.212401Z,accepted,2026-04-24T11:30:46.506501Z,2026-04-24T11:53:18.396000Z,2026-04-24
FLW_3f62dee5,24TRS,2026-04-24T11:25:03.701892Z,accepted,2026-04-24T11:27:59.318711Z,2026-04-24T11:49:51.511000Z,2026-04-24
FLW_cc23cb3f,24TRS,2026-04-24T11:31:27.987383Z,accepted,2026-04-24T11:31:51.209907Z,2026-04-24T11:47:50.140000Z,2026-04-24
FLW_49239c8b,24TRS,2026-04-24T11:31:28.038125Z,accepted,2026-04-24T11:32:30.155520Z,2026-04-24T11:44:51.331000Z,2026-04-24
FLW_c387043c,24TRS,2026-04-24T11:31:28.095232Z,accepted,2026-04-24T11:32:33.886005Z,2026-04-24T11:46:05.219000Z,2026-04-24
FLW_06eefc67,24TRS,2026-04-24T11:31:28.066842Z,accepted,2026-04-24T11:33:28.334744Z,2026-04-24T11:49:53.530000Z,2026-04-24
FLW_e1557fb7,24TRS,2026-04-24T11:45:43.989023Z,accepted,2026-04-24T11:47:39.423347Z,2026-04-24T11:55:18.795000Z,2026-04-24
FLW_52390efe,24TRS,2026-04-24T12:30:48.240409Z,accepted,2026-04-24T12:31:06.448520Z,2026-04-24T12:36:34.098000Z,2026-04-24
FLW_17de223c,24TRS,2026-04-24T11:25:04.359096Z,accepted,2026-04-24T11:25:59.234385Z,2026-04-24T11:52:21.580000Z,2026-04-24
FLW_b56ecc1f,26TRS,2026-04-24T12:41:11.695399Z,accepted,2026-04-24T12:41:42.402845Z,2026-04-24T13:19:05.937000Z,2026-04-24
FLW_54733633,26TRS,2026-04-24T12:41:12.092034Z,accepted,2026-04-24T12:47:04.575442Z,2026-04-24T13:09:42.244000Z,2026-04-24
FLW_b81c76f6,26TRS,2026-04-24T12:41:12.241682Z,accepted,2026-04-24T12:41:57.336235Z,2026-04-24T13:00:08.026000Z,2026-04-24
FLW_5adfa576,26TRS,2026-04-24T12:41:11.904422Z,accepted,2026-04-24T12:45:52.304121Z,2026-04-24T12:58:08.853000Z,2026-04-24
FLW_796d4986,26TRS,2026-04-24T12:41:11.843698Z,accepted,2026-04-24T12:44:21.392887Z,2026-04-24T12:50:55.725000Z,2026-04-24
FLW_f33588e8,26TRS,2026-04-24T12:41:12.302815Z,accepted,2026-04-24T12:49:01.800442Z,2026-04-24T13:12:47.109000Z,2026-04-24
FLW_30ffaf68,26TRS,2026-04-24T12:41:11.932849Z,accepted,2026-04-24T12:42:02.627884Z,2026-04-24T13:17:29.015000Z,2026-04-24
FLW_fa34543d,26TRS,2026-04-24T12:41:11.757175Z,accepted,2026-04-24T12:45:53.600227Z,2026-04-24T12:59:17.626000Z,2026-04-24
FLW_db011ea5,26TRS,2026-04-24T12:41:12.419432Z,accepted,2026-04-24T12:44:30.721375Z,2026-04-24T13:31:28.931000Z,2026-04-24
FLW_af8724cd,26TRS,2026-04-24T12:41:11.606920Z,accepted,2026-04-24T12:44:50.270560Z,2026-04-24T13:41:14.595000Z,2026-04-24
FLW_66604cee,26TRS,2026-04-24T12:41:12.122259Z,accepted,2026-04-24T12:45:57.357264Z,2026-04-24T13:16:24.399000Z,2026-04-24
FLW_2be799f3,26TRS,2026-04-24T12:41:12.151306Z,accepted,2026-04-24T12:44:53.547225Z,2026-04-24T13:40:30.795000Z,2026-04-24
FLW_316b75d6,26TRS,2026-04-24T12:41:11.637227Z,accepted,2026-04-24T12:42:37.520739Z,2026-04-24T13:32:48.070000Z,2026-04-24
FLW_ad994e72,26TRS,2026-04-24T12:41:11.812872Z,accepted,2026-04-24T12:42:37.833402Z,2026-04-24T12:53:13.448000Z,2026-04-24
FLW_2ba32210,26TRS,2026-04-24T12:41:11.874858Z,accepted,2026-04-24T12:42:38.855612Z,2026-04-24T12:51:41.845000Z,2026-04-24
FLW_da3d3bb2,26TRS,2026-04-24T12:41:11.512803Z,accepted,2026-04-24T12:43:18.240930Z,2026-04-24T12:57:26.992000Z,2026-04-24
FLW_54b5dc7b,26TRS,2026-04-24T12:41:11.544405Z,accepted,2026-04-24T12:46:03.279699Z,2026-04-24T12:53:06.868000Z,2026-04-24
FLW_7df07fda,26TRS,2026-04-24T12:41:12.180846Z,accepted,2026-04-24T12:43:40.516718Z,2026-04-24T12:58:16.042000Z,2026-04-24
FLW_440ce0e7,26TRS,2026-04-24T12:41:11.962648Z,accepted,2026-04-24T12:44:02.335769Z,2026-04-24T12:52:21.312000Z,2026-04-24
FLW_d35e4e93,26TRS,2026-04-24T12:41:12.210185Z,accepted,2026-04-24T12:44:07.875526Z,2026-04-24T12:53:34.743000Z,2026-04-24
FLW_57ad5d93,26TRS,2026-04-24T12:41:12.273160Z,accepted,2026-04-24T12:45:13.623254Z,2026-04-24T12:51:35.033000Z,2026-04-24
FLW_bb4dd489,26TRS,2026-04-24T12:41:11.669250Z,accepted,2026-04-24T12:45:14.137926Z,2026-04-24T12:59:03.653000Z,2026-04-24
FLW_ceb3328c,26TRS,2026-04-24T12:41:11.576695Z,accepted,2026-04-24T12:45:18.089247Z,2026-04-24T13:03:33.225000Z,2026-04-24
FLW_56f7670e,26TRS,2026-04-24T12:41:12.361513Z,accepted,2026-04-24T12:45:44.878031Z,2026-04-24T14:02:46.006000Z,2026-04-24
FLW_e4eca69f,26TRS,2026-04-24T12:41:11.724363Z,accepted,2026-04-24T12:45:50.195150Z,2026-04-24T12:56:42.246000Z,2026-04-24
FLW_230920a7,26TRS,2026-04-24T12:41:11.786758Z,accepted,2026-04-24T12:46:20.602127Z,2026-04-24T12:57:51.508000Z,2026-04-24
FLW_ad14ec1b,26TRS,2026-04-24T12:41:12.032199Z,accepted,2026-04-24T12:46:38.058617Z,2026-04-24T13:00:50.566000Z,2026-04-24
FLW_04a0fa9c,26TRS,2026-04-24T12:41:12.061489Z,accepted,2026-04-24T12:46:39.938006Z,2026-04-24T13:06:14.054000Z,2026-04-24
FLW_bdee6b4f,26TRS,2026-04-24T12:41:11.993820Z,accepted,2026-04-24T12:47:02.916765Z,2026-04-24T13:54:40.633000Z,2026-04-24
FLW_f1951c07,26TRS,2026-04-24T12:41:12.332729Z,accepted,2026-04-24T12:56:04.479181Z,2026-04-24T13:11:05.022000Z,2026-04-24
FLW_2203eada,26TRS,2026-04-24T12:41:11.461119Z,accepted,2026-04-24T12:41:35.792237Z,2026-04-24T12:57:25.137000Z,2026-04-24
FLW_8531b6fd,26TRS,2026-04-24T13:27:56.519951Z,accepted,2026-04-24T13:28:44.535714Z,2026-04-24T13:38:33.338000Z,2026-04-24
FLW_4e157f36,26TRS,2026-04-24T12:41:12.390227Z,accepted,2026-04-24T12:45:26.837304Z,2026-04-24T12:58:42.377000Z,2026-04-24
FLW_2036f288,27TRS,2026-04-27T10:25:18.978909Z,accepted,2026-04-27T10:52:31.855826Z,2026-04-27T11:36:06.631000Z,2026-04-27
FLW_2e046b40,27TRS,2026-04-27T10:45:16.290942Z,accepted,2026-04-27T10:46:54.492771Z,2026-04-27T11:33:50.084000Z,2026-04-27
FLW_b3dbc110,27TRS,2026-04-27T10:45:16.456984Z,accepted,2026-04-27T10:59:56.834966Z,2026-04-27T11:34:25.890000Z,2026-04-27
FLW_037ee80b,27TRS,2026-04-27T10:45:16.084135Z,accepted,2026-04-27T10:48:58.908773Z,2026-04-27T11:33:50.777000Z,2026-04-27
FLW_9d87567c,27TRS,2026-04-27T10:45:16.486717Z,accepted,2026-04-27T10:47:07.828951Z,2026-04-27T11:34:56.195000Z,2026-04-27
FLW_231636f2,27TRS,2026-04-27T10:45:16.732324Z,accepted,2026-04-27T10:50:31.878687Z,2026-04-27T11:37:17.800000Z,2026-04-27
FLW_51110f26,27TRS,2026-04-27T10:45:16.023746Z,accepted,2026-04-27T10:50:04.322156Z,2026-04-27T11:34:37.859000Z,2026-04-27
FLW_56b23bdf,27TRS,2026-04-27T10:45:16.562971Z,accepted,2026-04-27T10:46:17.874258Z,2026-04-27T11:34:31.969000Z,2026-04-27
FLW_21c392a2,27TRS,2026-04-27T10:45:15.970761Z,accepted,2026-04-27T10:50:37.385186Z,2026-04-27T11:36:49.317000Z,2026-04-27
FLW_0d760b56,27TRS,2026-04-27T10:45:16.114671Z,accepted,2026-04-27T10:46:21.355176Z,2026-04-27T11:37:58.634000Z,2026-04-27
FLW_238af964,27TRS,2026-04-27T10:45:16.203860Z,accepted,2026-04-27T10:46:22.511861Z,2026-04-27T10:36:01.437000Z,2026-04-27
FLW_2e21ba7e,27TRS,2026-04-27T10:45:16.319480Z,accepted,2026-04-27T10:46:23.292259Z,2026-04-27T11:37:13.105000Z,2026-04-27
FLW_80b0a835,27TRS,2026-04-27T10:45:16.704508Z,accepted,2026-04-27T10:46:23.597010Z,2026-04-27T11:36:17.849000Z,2026-04-27
FLW_5a74acf2,27TRS,2026-04-27T10:45:16.053511Z,accepted,2026-04-27T10:46:26.771599Z,2026-04-27T11:33:36.015000Z,2026-04-27
FLW_cd737a50,27TRS,2026-04-27T10:45:16.233866Z,accepted,2026-04-27T10:46:37.545786Z,2026-04-27T11:32:56.767000Z,2026-04-27
FLW_27abc89d,27TRS,2026-04-27T10:45:16.262712Z,accepted,2026-04-27T10:50:23.001713Z,2026-04-27T11:35:18.878000Z,2026-04-27
FLW_e8a438ac,27TRS,2026-04-27T10:45:16.760545Z,accepted,2026-04-27T10:47:26.876746Z,2026-04-27T11:36:12.105000Z,2026-04-27
FLW_f93200a6,27TRS,2026-04-27T10:45:16.372944Z,accepted,2026-04-27T10:46:48.214691Z,2026-04-27T11:28:33.405000Z,2026-04-27
FLW_12b959cf,27TRS,2026-04-27T10:45:16.678840Z,accepted,2026-04-27T10:47:01.637893Z,2026-04-27T11:35:32.728000Z,2026-04-27
FLW_475e6ecc,27TRS,2026-04-27T10:45:16.428471Z,accepted,2026-04-27T10:47:11.253390Z,2026-04-27T11:34:09.349000Z,2026-04-27
FLW_b07e9077,27TRS,2026-04-27T10:45:16.146910Z,accepted,2026-04-27T10:47:29.139154Z,2026-04-27T11:36:00.607000Z,2026-04-27
FLW_f9bf43b3,27TRS,2026-04-27T10:45:16.650317Z,accepted,2026-04-27T10:47:35.471082Z,2026-04-27T11:35:26.344000Z,2026-04-27
FLW_dad48ad2,27TRS,2026-04-27T10:45:15.937417Z,accepted,2026-04-27T11:02:01.143272Z,2026-04-27T11:34:55.968000Z,2026-04-27
FLW_f4b991b7,27TRS,2026-04-27T10:45:16.402462Z,accepted,2026-04-27T10:48:32.968882Z,2026-04-27T11:37:21.170000Z,2026-04-27
FLW_6f5c73f6,27TRS,2026-04-27T10:45:16.515888Z,accepted,2026-04-27T10:48:51.296122Z,2026-04-27T11:37:36.581000Z,2026-04-27
FLW_670fa826,27TRS,2026-04-27T10:45:16.347636Z,accepted,2026-04-27T10:49:18.199850Z,2026-04-27T11:37:05.165000Z,2026-04-27
FLW_05377c3f,27TRS,2026-04-27T10:45:16.177345Z,accepted,2026-04-27T10:49:31.233587Z,2026-04-27T11:37:41.429000Z,2026-04-27
FLW_9a7fd6e9,27TRS,2026-04-27T10:45:16.620511Z,accepted,2026-04-27T10:50:51.588120Z,2026-04-27T11:34:50.890000Z,2026-04-27
FLW_575300cd,27TRS,2026-04-27T10:57:48.529658Z,accepted,2026-04-27T11:01:09.168469Z,2026-04-27T11:32:39.872000Z,2026-04-27
FLW_8d7ec06b,27TRS,2026-04-27T10:45:16.592173Z,accepted,2026-04-27T10:46:24.565987Z,2026-04-27T11:35:32.329000Z,2026-04-27
FLW_cc942a17,27TRS,2026-04-27T10:57:48.579789Z,accepted,2026-04-27T10:58:54.518060Z,2026-04-27T11:35:06.532000Z,2026-04-27
FLW_f1c35780,27TRS,2026-04-27T12:54:32.048392Z,accepted,2026-04-27T12:57:11.242667Z,2026-04-27T13:02:56.023000Z,2026-04-27
FLW_47cbcfad,27TRS,2026-04-27T10:45:15.888953Z,accepted,2026-04-27T10:47:30.366186Z,2026-04-27T11:35:26.981000Z,2026-04-27
FLW_2227b438,29TRS,2026-04-27T13:59:02.250974Z,accepted,2026-04-27T13:59:26.645863Z,2026-04-27T14:15:02.221000Z,2026-04-27
FLW_8aca813e,29TRS,2026-04-27T13:59:02.639436Z,accepted,2026-04-27T13:59:27.058648Z,2026-04-27T14:19:35.345000Z,2026-04-27
FLW_117ba3a0,29TRS,2026-04-27T13:59:02.378324Z,accepted,2026-04-27T13:59:28.715404Z,2026-04-27T14:09:20.402000Z,2026-04-27
FLW_0fe3bfb5,29TRS,2026-04-27T13:59:02.469711Z,accepted,2026-04-27T13:59:31.210041Z,2026-04-27T14:16:23.236000Z,2026-04-27
FLW_05fe2f0e,29TRS,2026-04-27T13:59:02.850287Z,accepted,2026-04-27T14:01:17.635181Z,2026-04-27T14:17:55.578000Z,2026-04-27
FLW_533cd64b,29TRS,2026-04-27T13:59:02.699947Z,accepted,2026-04-27T13:59:53.274663Z,2026-04-27T14:08:19.042000Z,2026-04-27
FLW_3cb30766,29TRS,2026-04-27T13:59:02.286620Z,accepted,2026-04-27T13:59:54.803036Z,2026-04-27T14:15:16.317000Z,2026-04-27
FLW_36f38a50,29TRS,2026-04-27T13:59:02.500973Z,accepted,2026-04-27T13:59:56.640246Z,2026-04-27T14:17:39.453000Z,2026-04-27
FLW_9c553491,29TRS,2026-04-27T13:59:02.876597Z,accepted,2026-04-27T14:00:01.053046Z,2026-04-27T14:15:49.241000Z,2026-04-27
FLW_9e5e0a78,29TRS,2026-04-27T13:59:02.411689Z,accepted,2026-04-27T14:00:02.140893Z,2026-04-27T14:19:17.713000Z,2026-04-27
FLW_56adbd3d,29TRS,2026-04-27T13:59:02.790626Z,accepted,2026-04-27T14:00:02.322060Z,2026-04-27T14:19:47.351000Z,2026-04-27
FLW_e5dec67e,29TRS,2026-04-27T13:59:02.556815Z,accepted,2026-04-27T14:00:04.873684Z,2026-04-27T14:10:41.281000Z,2026-04-27
FLW_a666b755,29TRS,2026-04-27T13:59:02.670398Z,accepted,2026-04-27T14:00:06.549664Z,2026-04-27T14:20:50.634000Z,2026-04-27
FLW_55f95ae7,29TRS,2026-04-27T13:59:02.613365Z,accepted,2026-04-27T14:00:11.157156Z,2026-04-27T14:09:38.307000Z,2026-04-27
FLW_d3542c0e,29TRS,2026-04-27T13:59:02.930758Z,accepted,2026-04-27T14:03:18.921767Z,2026-04-27T14:19:40.484000Z,2026-04-27
FLW_93ef5e14,29TRS,2026-04-27T13:59:03.040090Z,accepted,2026-04-27T14:00:27.725428Z,2026-04-27T14:17:07.644000Z,2026-04-27
FLW_4a54302c,29TRS,2026-04-27T13:59:02.984939Z,accepted,2026-04-27T14:00:32.972577Z,2026-04-27T14:09:47.881000Z,2026-04-27
FLW_8a1aabd2,29TRS,2026-04-27T13:59:02.729253Z,accepted,2026-04-27T14:00:54.741128Z,2026-04-27T14:15:01.627000Z,2026-04-27
FLW_f8f1f648,29TRS,2026-04-27T13:59:03.012543Z,accepted,2026-04-27T14:00:57.474794Z,2026-04-27T14:20:54.822000Z,2026-04-27
FLW_fd593fb8,29TRS,2026-04-27T13:59:02.957933Z,accepted,2026-04-27T14:00:59.318339Z,2026-04-27T14:10:58.561000Z,2026-04-27
FLW_a09e9cbd,29TRS,2026-04-27T13:59:03.119105Z,accepted,2026-04-27T14:01:01.290104Z,2026-04-27T14:12:24.910000Z,2026-04-27
FLW_8470e7b6,29TRS,2026-04-27T13:59:02.349782Z,accepted,2026-04-27T14:01:04.478213Z,2026-04-27T14:14:48.143000Z,2026-04-27
FLW_6f40f930,29TRS,2026-04-27T13:59:03.093516Z,accepted,2026-04-27T14:01:04.903195Z,2026-04-27T14:09:49.438000Z,2026-04-27
FLW_1f3e9f7c,29TRS,2026-04-27T13:59:02.902779Z,accepted,2026-04-27T14:01:12.314928Z,2026-04-27T14:15:23.698000Z,2026-04-27
FLW_fd246dc3,29TRS,2026-04-27T13:59:02.125327Z,accepted,2026-04-27T14:01:16.160209Z,2026-04-27T14:09:35.942000Z,2026-04-27
FLW_371b8c97,29TRS,2026-04-27T13:59:02.442180Z,accepted,2026-04-27T14:01:45.625443Z,2026-04-27T14:16:44.238000Z,2026-04-27
FLW_fc880230,29TRS,2026-04-27T13:59:02.207456Z,accepted,2026-04-27T14:01:49.591260Z,2026-04-27T14:19:05.416000Z,2026-04-27
FLW_f386c5e7,29TRS,2026-04-27T13:59:02.821425Z,accepted,2026-04-27T14:24:17.221158Z,2026-04-27T14:32:29.954000Z,2026-04-27
FLW_6c0f1027,29TRS,2026-04-27T13:59:02.528680Z,accepted,2026-04-27T14:00:23.020136Z,2026-04-27T14:15:02.056000Z,2026-04-27
FLW_12ba43b2,29TRS,2026-04-27T13:59:02.583538Z,accepted,2026-04-27T14:03:08.913081Z,2026-04-27T14:19:12.638000Z,2026-04-27
FLW_3f052aff,29TRS,2026-04-27T13:59:03.067208Z,accepted,2026-04-27T14:01:03.692351Z,2026-04-27T14:11:16.105000Z,2026-04-27
FLW_345d7b09,29TRS,2026-04-27T13:59:02.759071Z,accepted,2026-04-27T14:00:35.238625Z,2026-04-27T14:18:03.588000Z,2026-04-27
FLW_e7724b78,29TRS,2026-04-27T13:59:03.148521Z,accepted,2026-04-27T14:00:31.781300Z,2026-04-27T14:11:09.019000Z,2026-04-27
FLW_831831a3,29TRS,2026-04-27T13:10:31.330647Z,accepted,2026-04-27T13:35:31.952373Z,2026-04-27T14:17:31.417000Z,2026-04-27
FLW_65e1aa02,29TRS,2026-04-27T13:59:02.320021Z,accepted,2026-04-27T13:59:22.634504Z,2026-04-27T14:14:10.798000Z,2026-04-27
FLW_b1d15488,37TRS,2026-04-27T10:01:38.065879Z,accepted,2026-04-27T10:49:58.225408Z,2026-04-27T11:09:03.351000Z,2026-04-27
FLW_a24be9bf,37TRS,2026-04-27T10:01:37.842858Z,accepted,2026-04-27T10:50:39.382412Z,2026-04-27T11:06:57.313000Z,2026-04-27
FLW_d05306e4,37TRS,2026-04-27T10:01:37.686208Z,accepted,2026-04-27T10:51:03.994210Z,2026-04-27T11:07:17.672000Z,2026-04-27
FLW_ae7ed22f,37TRS,2026-04-27T10:01:37.795695Z,accepted,2026-04-27T10:46:28.553054Z,2026-04-27T11:06:31.353000Z,2026-04-27
FLW_1064593f,37TRS,2026-04-27T10:01:38.133250Z,accepted,2026-04-27T10:51:26.079935Z,2026-04-27T11:16:28.042000Z,2026-04-27
FLW_114522d3,37TRS,2026-04-27T10:01:37.649086Z,accepted,,,
FLW_bd52a131,37TRS,2026-04-27T10:01:37.962389Z,accepted,2026-04-27T10:48:21.849990Z,2026-04-27T11:08:59.109000Z,2026-04-27
FLW_825bf681,37TRS,2026-04-27T10:01:38.033037Z,accepted,2026-04-27T10:48:28.657516Z,2026-04-27T11:06:52.415000Z,2026-04-27
FLW_1ee1abd8,37TRS,2026-04-27T10:01:38.100394Z,accepted,2026-04-27T10:48:48.263454Z,2026-04-27T11:08:37.244000Z,2026-04-27
FLW_da81d62c,37TRS,2026-04-27T10:01:37.997146Z,accepted,2026-04-27T10:48:49.405219Z,2026-04-27T11:06:08.778000Z,2026-04-27
FLW_02039403,37TRS,2026-04-27T10:01:37.891129Z,accepted,2026-04-27T10:52:36.616181Z,2026-04-27T11:16:38.859000Z,2026-04-27
FLW_39b1d8e9,37TRS,2026-04-27T10:01:37.754601Z,accepted,2026-04-27T10:52:49.147133Z,2026-04-27T11:13:50.048000Z,2026-04-27
FLW_9f05851e,37TRS,2026-04-27T10:01:37.927718Z,accepted,2026-04-27T10:52:50.846230Z,2026-04-27T11:24:01.790000Z,2026-04-27
FLW_97d174c1,37TRS,2026-04-27T10:03:02.198522Z,accepted,2026-04-30T10:35:56.327650Z,2026-04-30T10:36:43.688000Z,2026-04-30
FLW_3974ff38,37TRS,2026-04-27T10:03:01.872635Z,accepted,2026-04-27T10:15:34.430167Z,2026-04-27T10:19:48.607000Z,2026-04-27
FLW_574a4cb1,37TRS,2026-04-27T12:13:54.886322Z,accepted,2026-04-27T20:29:14.278445Z,2026-04-27T20:51:20.800000Z,2026-04-27
FLW_fceaa611,37TRS,2026-04-27T12:09:39.348468Z,accepted,2026-04-27T12:10:56.787491Z,2026-04-27T12:28:25.161000Z,2026-04-27
FLW_f59f0de3,37TRS,2026-04-27T12:09:39.290814Z,accepted,2026-04-27T12:13:15.383018Z,2026-04-27T12:24:19.289000Z,2026-04-27
FLW_0b4b891b,37TRS,2026-04-27T10:58:36.937859Z,accepted,2026-04-27T11:01:03.487090Z,2026-04-27T11:09:47.926000Z,2026-04-27
FLW_095dfa9d,37TRS,2026-04-27T12:10:51.992327Z,accepted,2026-04-27T12:13:50.629739Z,2026-04-27T12:25:07.756000Z,2026-04-27
FLW_3cf44414,37TRS,2026-04-27T11:08:26.944109Z,accepted,2026-04-27T11:15:07.347466Z,2026-04-27T11:26:07.996000Z,2026-04-27
FLW_2ae64fe3,37TRS,2026-04-27T11:08:26.807787Z,accepted,2026-04-27T11:14:09.500405Z,2026-04-27T11:25:13.435000Z,2026-04-27
FLW_93906606,37TRS,2026-04-27T11:08:26.859373Z,accepted,2026-04-27T11:15:19.932671Z,2026-04-27T11:36:05.605000Z,2026-04-27
FLW_08de1c37,37TRS,2026-04-27T11:11:24.021179Z,accepted,2026-04-27T11:13:22.263523Z,2026-04-27T11:22:52.192000Z,2026-04-27
FLW_c77e75c6,37TRS,2026-04-27T11:20:00.344186Z,accepted,2026-04-27T11:21:01.829859Z,2026-04-27T11:42:17.469000Z,2026-04-27
FLW_4ee23cf4,37TRS,2026-04-27T11:19:37.293113Z,accepted,2026-04-27T11:28:09.713538Z,2026-04-27T11:38:08.462000Z,2026-04-27
FLW_34ede9b0,37TRS,2026-04-27T11:16:44.464333Z,accepted,2026-04-27T11:17:32.590900Z,2026-04-28T00:25:30.929000Z,2026-04-27
FLW_b62b93d9,37TRS,2026-04-27T11:40:50.166751Z,accepted,2026-04-27T11:42:41.461273Z,2026-04-27T11:57:36.725000Z,2026-04-27
FLW_3542e168,37TRS,2026-04-29T16:38:20.436378Z,accepted,,,
FLW_4c26fa26,37TRS,2026-04-27T11:51:32.702107Z,accepted,2026-04-27T11:51:52.143704Z,2026-04-27T12:01:00.736000Z,2026-04-27
FLW_65d5ada2,37TRS,2026-04-27T11:50:56.679907Z,accepted,2026-04-27T11:51:59.504767Z,2026-04-27T12:12:02.232000Z,2026-04-27
FLW_f6d123a9,37TRS,2026-04-27T11:55:47.054531Z,accepted,2026-04-27T11:57:04.614875Z,2026-04-27T12:08:33.497000Z,2026-04-27
FLW_a0929f59,37TRS,2026-04-27T11:59:52.320730Z,accepted,2026-04-27T12:00:42.613268Z,,
FLW_1bcb1c1a,37TRS,2026-04-27T10:01:37.720940Z,accepted,2026-04-27T10:48:59.415150Z,2026-04-27T11:09:27.754000Z,2026-04-27
FLW_d7b27232,37TRS,2026-04-27T11:08:26.914419Z,accepted,2026-04-27T11:09:37.439244Z,2026-04-27T11:20:29.943000Z,2026-04-27
FLW_7b69f2db,38TRS,2026-04-27T09:02:14.244549Z,accepted,2026-04-27T09:06:01.404159Z,2026-04-27T11:52:59.194000Z,2026-04-27
FLW_56d541ef,38TRS,2026-04-27T09:08:35.005516Z,accepted,2026-04-27T09:13:18.203381Z,2026-04-27T11:52:54.281000Z,2026-04-27
FLW_2c037db4,38TRS,2026-04-27T09:08:34.970474Z,accepted,2026-04-27T09:11:12.476591Z,2026-04-27T11:52:59.509000Z,2026-04-27
FLW_f40ab252,38TRS,2026-04-27T09:20:04.444309Z,accepted,2026-04-27T09:23:49.630509Z,2026-04-27T11:53:12.759000Z,2026-04-27
FLW_a7ec4aea,38TRS,2026-04-27T10:00:25.604865Z,accepted,2026-04-27T10:03:04.116785Z,2026-04-27T11:53:59.735000Z,2026-04-27
FLW_83cd58cd,38TRS,2026-04-27T09:23:06.221258Z,accepted,2026-04-27T09:25:09.284851Z,2026-04-27T11:53:06.575000Z,2026-04-27
FLW_0798f300,38TRS,2026-04-27T09:34:25.536100Z,accepted,2026-04-27T09:37:31.071391Z,2026-04-27T11:53:07.988000Z,2026-04-27
FLW_b0bc9f7e,38TRS,2026-04-27T10:02:42.816732Z,accepted,2026-04-27T10:07:02.817975Z,2026-04-27T11:52:59.877000Z,2026-04-27
FLW_44120a50,38TRS,2026-04-27T09:45:46.876814Z,accepted,2026-04-27T09:46:29.438510Z,2026-04-27T11:53:03.298000Z,2026-04-27
FLW_3ad240aa,38TRS,2026-04-27T10:48:51.945020Z,accepted,2026-04-27T10:51:20.466720Z,2026-04-27T11:52:02.593000Z,2026-04-27
FLW_a34da3cd,39TRS,2026-04-28T13:36:53.958643Z,accepted,2026-04-28T13:38:35.008219Z,2026-04-28T14:06:50.957000Z,2026-04-28
FLW_e120e064,39TRS,2026-04-28T13:36:53.893703Z,accepted,2026-04-28T13:40:53.562249Z,,
FLW_4ca0bd7c,39TRS,2026-04-28T14:34:54.048832Z,accepted,2026-04-28T14:37:02.662580Z,2026-04-28T14:50:57.871000Z,2026-04-28
FLW_c94aeb91,39TRS,2026-04-28T13:34:48.261384Z,accepted,2026-04-28T13:38:39.089287Z,2026-04-28T13:52:10.939000Z,2026-04-28
FLW_84cbfa5d,39TRS,2026-04-28T15:12:47.106187Z,accepted,2026-04-28T15:14:43.445104Z,2026-04-28T15:27:34.534000Z,2026-04-29
FLW_d2a60e1d,39TRS,2026-04-28T15:25:50.736732Z,accepted,2026-04-28T15:28:26.484903Z,2026-04-28T15:48:58.500000Z,2026-04-28
FLW_2c868520,39TRS,2026-04-28T14:28:16.180382Z,accepted,2026-04-28T14:29:01.651064Z,2026-04-28T14:39:32.960000Z,2026-04-28
FLW_7aba1619,39TRS,2026-04-28T18:29:50.070820Z,accepted,2026-04-28T19:09:10.197577Z,2026-04-28T19:21:26.400000Z,2026-04-28
FLW_ea1cef04,39TRS,2026-04-28T11:48:00.649272Z,accepted,2026-04-28T12:02:47.872157Z,2026-04-28T12:51:58.203000Z,2026-04-28
FLW_2884bcc0,39TRS,2026-04-28T11:17:25.512239Z,accepted,2026-04-28T11:20:34.881429Z,2026-04-28T11:49:24.564000Z,2026-04-28
FLW_edb046fa,39TRS,2026-04-28T11:17:25.547517Z,accepted,2026-04-28T11:21:36.466132Z,2026-04-28T11:34:10.598000Z,2026-04-28
FLW_205868fc,39TRS,2026-04-28T11:17:25.397571Z,accepted,2026-04-28T11:22:51.603481Z,2026-04-28T14:15:13.625000Z,2026-04-28
FLW_ee269367,39TRS,2026-04-28T11:17:25.425661Z,accepted,2026-04-28T11:23:17.489058Z,2026-04-28T13:51:43.642000Z,2026-04-28
FLW_44090be2,39TRS,2026-04-28T11:17:25.483334Z,accepted,2026-04-28T11:34:36.144226Z,2026-04-28T11:47:50.012000Z,2026-04-28
FLW_39a7cb7d,39TRS,2026-04-28T12:39:05.287552Z,accepted,2026-04-28T12:55:59.574887Z,2026-04-28T13:34:34.866000Z,2026-04-28
FLW_f79d242b,39TRS,2026-04-28T11:17:25.454804Z,accepted,2026-04-28T11:18:04.834552Z,2026-04-28T11:50:16.074000Z,2026-04-28
FLW_a417660e,39TRS,2026-04-28T11:17:25.352669Z,accepted,2026-04-28T11:18:24.556084Z,2026-04-28T11:47:26.981000Z,2026-04-28
FLW_62ec6a14,39TRS,2026-04-28T11:22:46.753513Z,accepted,2026-04-28T11:23:23.713224Z,2026-04-28T11:39:24.176000Z,2026-04-28
FLW_f3ec8776,39TRS,2026-04-28T12:52:52.823378Z,accepted,2026-04-28T12:55:27.223829Z,2026-04-28T13:36:19.689000Z,2026-04-28
FLW_7e019db4,39TRS,2026-04-28T11:25:53.348615Z,accepted,2026-04-28T11:28:29.970953Z,2026-04-28T11:39:54.502000Z,2026-04-28
FLW_dcb211b2,39TRS,2026-04-28T11:28:51.086192Z,accepted,2026-04-28T11:29:13.565961Z,2026-04-28T11:57:56.624000Z,2026-04-28
FLW_aef10065,39TRS,2026-04-28T11:28:20.735528Z,accepted,2026-04-28T11:29:37.134622Z,2026-04-28T11:49:06.756000Z,2026-04-28
FLW_42676225,39TRS,2026-04-28T11:30:05.015400Z,accepted,2026-04-28T11:33:24.760322Z,2026-04-28T13:31:17.085000Z,2026-04-28
FLW_371cc644,39TRS,2026-04-28T11:30:59.085628Z,accepted,2026-04-28T11:40:51.894988Z,2026-04-28T12:11:17.553000Z,2026-04-28
FLW_5ce5e9dd,39TRS,2026-04-28T11:31:41.029756Z,accepted,2026-04-28T11:32:47.899395Z,2026-04-28T11:43:06.783000Z,2026-04-28
FLW_e4339152,39TRS,2026-04-28T11:31:19.406765Z,accepted,2026-04-28T11:37:30.182073Z,2026-04-28T11:50:54.539000Z,2026-04-28
FLW_92a6865d,39TRS,2026-04-28T11:36:27.999706Z,accepted,2026-04-28T11:37:20.688495Z,2026-04-28T11:52:16.332000Z,2026-04-28
FLW_380567ad,39TRS,2026-04-28T11:36:28.077582Z,accepted,2026-04-28T11:38:26.562571Z,2026-04-28T12:50:40.743000Z,2026-04-28
FLW_ca168d16,39TRS,2026-04-28T11:41:37.308119Z,accepted,2026-04-28T11:43:33.640095Z,2026-04-28T12:02:33.670000Z,2026-04-28
FLW_6c19e32a,39TRS,2026-04-28T11:42:50.111610Z,accepted,2026-04-28T11:44:39.959254Z,2026-04-28T12:43:12.772000Z,2026-04-28
FLW_b6b3442f,39TRS,2026-04-28T11:36:28.047178Z,accepted,2026-04-28T11:38:36.997224Z,2026-04-28T12:09:56.006000Z,2026-04-28
FLW_b601b098,28TRS,2026-04-28T17:05:21.635041Z,accepted,2026-04-28T17:10:12.625063Z,2026-04-28T17:17:53.106000Z,2026-04-28
FLW_442c4a17,28TRS,2026-04-28T17:30:06.009855Z,accepted,2026-04-28T17:31:25.133059Z,2026-04-28T17:40:06.067000Z,2026-04-28
FLW_d5da5e8a,28TRS,2026-04-28T19:32:07.132163Z,accepted,2026-04-28T19:32:42.697157Z,2026-04-28T19:42:46.540000Z,2026-04-28
FLW_970f78c0,28TRS,2026-04-28T10:07:36.012977Z,accepted,2026-04-28T10:26:01.286790Z,2026-04-28T12:41:26.818000Z,2026-04-28
FLW_862c7388,28TRS,2026-04-28T12:08:32.290446Z,accepted,2026-04-28T12:13:21.922442Z,2026-04-28T12:45:02.395000Z,2026-04-28
FLW_aa0af80b,28TRS,2026-04-28T12:08:32.320581Z,accepted,2026-04-28T12:16:08.444902Z,2026-04-28T12:40:45.798000Z,2026-04-28
FLW_dffaa987,28TRS,2026-04-28T12:08:32.147241Z,accepted,2026-04-28T12:11:37.778029Z,2026-04-28T12:41:18.867000Z,2026-04-28
FLW_999f9d8a,28TRS,2026-04-28T12:08:32.599270Z,accepted,2026-04-28T12:09:34.268680Z,2026-04-28T12:44:08.660000Z,2026-04-28
FLW_f4b5e02b,28TRS,2026-04-28T12:08:32.201767Z,accepted,2026-04-28T12:16:11.929497Z,2026-04-28T12:45:52.097000Z,2026-04-28
FLW_d02e20f1,28TRS,2026-04-28T12:08:32.628951Z,accepted,2026-04-28T12:11:48.636011Z,2026-04-28T12:44:03.011000Z,2026-04-28
FLW_0f7bd0fd,28TRS,2026-04-28T12:08:32.261892Z,accepted,2026-04-28T12:13:23.255828Z,2026-04-28T12:42:23.978000Z,2026-04-28
FLW_b6077402,28TRS,2026-04-28T12:08:32.772098Z,accepted,2026-04-28T12:34:25.290373Z,2026-04-28T12:44:12.630000Z,2026-04-28
FLW_0e994230,28TRS,2026-04-28T12:08:32.912041Z,accepted,2026-04-28T12:10:23.051415Z,2026-04-28T12:29:18.129000Z,2026-04-28
FLW_21a4ce3c,28TRS,2026-04-28T12:08:32.687919Z,accepted,2026-04-28T12:10:23.225795Z,2026-04-28T12:45:07.187000Z,2026-04-28
FLW_3622f116,28TRS,2026-04-28T12:08:32.232536Z,accepted,2026-04-28T12:10:23.381803Z,2026-04-28T12:40:08.426000Z,2026-04-28
FLW_772e7209,28TRS,2026-04-28T12:08:32.828572Z,accepted,2026-04-28T12:13:33.080090Z,2026-04-28T12:41:05.317000Z,2026-04-28
FLW_cd1a3d37,28TRS,2026-04-28T12:08:32.799551Z,accepted,2026-04-28T12:10:41.396044Z,2026-04-28T12:44:48.235000Z,2026-04-28
FLW_455b19ef,28TRS,2026-04-28T12:08:32.448253Z,accepted,2026-04-28T12:10:55.043304Z,2026-04-28T12:43:15.494000Z,2026-04-28
FLW_81bd273e,28TRS,2026-04-28T12:08:32.477620Z,accepted,2026-04-28T12:14:18.410970Z,2026-04-28T12:42:37.929000Z,2026-04-28
FLW_b0ed4a20,28TRS,2026-04-28T12:08:32.941802Z,accepted,2026-04-28T12:14:21.343821Z,2026-04-28T12:45:25.248000Z,2026-04-28
FLW_d39fb4b6,28TRS,2026-04-28T12:08:32.858787Z,accepted,2026-04-28T12:11:26.542728Z,2026-04-28T12:41:53.990000Z,2026-04-28
FLW_b9ce2803,28TRS,2026-04-28T12:08:32.388077Z,accepted,2026-04-28T12:11:51.089264Z,2026-04-28T12:42:20.440000Z,2026-04-28
FLW_3d52e03e,28TRS,2026-04-28T12:08:32.714173Z,accepted,2026-04-28T12:13:36.278213Z,2026-04-28T13:03:50.063000Z,2026-04-28
FLW_a639cca9,28TRS,2026-04-28T12:08:32.742747Z,accepted,2026-04-28T12:15:35.021663Z,2026-04-28T12:47:08.906000Z,2026-04-28
FLW_ccec8a04,28TRS,2026-04-28T12:08:32.174415Z,accepted,2026-04-28T12:12:13.774941Z,2026-04-28T12:42:29.905000Z,2026-04-28
FLW_3a0a3f47,28TRS,2026-04-28T12:08:32.569038Z,accepted,2026-04-28T12:13:06.081449Z,2026-04-28T12:41:53.299000Z,2026-04-28
FLW_67938e1a,28TRS,2026-04-28T12:08:32.418285Z,accepted,2026-04-28T12:13:18.448061Z,2026-04-28T12:43:57.747000Z,2026-04-28
FLW_f46048de,28TRS,2026-04-28T12:08:32.507659Z,accepted,2026-04-28T12:13:36.313049Z,2026-04-28T12:41:50.420000Z,2026-04-28
FLW_b3f2248f,28TRS,2026-04-28T12:08:32.538412Z,accepted,2026-04-28T12:13:56.709567Z,2026-04-28T12:43:12.259000Z,2026-04-28
FLW_6b7239c6,28TRS,2026-04-28T12:08:32.886895Z,accepted,2026-04-28T12:13:58.042190Z,2026-04-28T12:46:46.426000Z,2026-04-28
FLW_47717a41,28TRS,2026-04-28T12:08:32.351758Z,accepted,2026-04-28T12:15:49.987178Z,2026-04-28T12:43:55.070000Z,2026-04-28
FLW_6b1cc827,28TRS,2026-04-28T12:08:32.659786Z,accepted,2026-04-28T12:15:55.766572Z,2026-04-28T12:41:59.652000Z,2026-04-28
FLW_0304d265,28TRS,2026-04-28T12:08:32.084616Z,accepted,2026-04-28T12:10:31.830926Z,2026-04-28T12:39:07.216000Z,2026-04-28
FLW_fa79936d,28TRS,2026-04-28T12:08:32.117104Z,accepted,2026-04-28T12:15:59.012310Z,2026-04-28T12:41:35.082000Z,2026-04-28
FLW_c52585ce,30TRS,2026-04-28T13:39:31.494194Z,accepted,2026-04-28T13:44:33.199646Z,2026-04-28T14:22:48.845000Z,2026-04-28
FLW_5c641beb,30TRS,2026-04-28T13:39:31.582717Z,accepted,2026-04-28T13:52:25.474846Z,2026-04-28T14:18:54.276000Z,2026-04-28
FLW_cc7c4e61,30TRS,2026-04-28T13:39:31.522742Z,accepted,2026-04-28T13:45:08.230983Z,2026-04-28T14:18:08.521000Z,2026-04-28
FLW_67e5b1be,30TRS,2026-04-28T13:39:31.725902Z,accepted,2026-04-28T13:43:57.778740Z,2026-04-28T14:19:26.332000Z,2026-04-28
FLW_eb082221,30TRS,2026-04-28T13:39:31.980569Z,accepted,2026-04-28T13:41:53.253239Z,2026-04-28T14:21:08.817000Z,2026-04-28
FLW_e2bad3d1,30TRS,2026-04-28T13:39:31.696667Z,accepted,2026-04-28T13:41:56.087476Z,2026-04-28T14:19:41.603000Z,2026-04-28
FLW_7306bec5,30TRS,2026-04-28T13:39:31.873904Z,accepted,2026-04-28T13:42:33.878682Z,2026-04-28T14:25:15.400000Z,2026-04-28
FLW_73b3796e,30TRS,2026-04-28T13:39:31.840727Z,accepted,2026-04-28T13:44:56.436127Z,2026-04-28T14:22:07.108000Z,2026-04-28
FLW_3e636228,30TRS,2026-04-28T13:39:31.639233Z,accepted,2026-04-28T13:43:38.090442Z,2026-04-28T14:19:31.350000Z,2026-04-28
FLW_dd7b2ca4,30TRS,2026-04-28T13:39:31.754496Z,accepted,2026-04-28T13:44:50.883753Z,2026-04-28T14:19:22.705000Z,2026-04-28
FLW_23e3fda9,30TRS,2026-04-28T13:39:31.782778Z,accepted,2026-04-28T13:45:18.728119Z,2026-04-28T14:25:02.285000Z,2026-04-28
FLW_b6570ec4,30TRS,2026-04-28T13:39:31.927646Z,accepted,2026-04-28T13:47:30.481848Z,2026-04-28T14:19:41.012000Z,2026-04-28
FLW_2cde028f,30TRS,2026-04-28T13:39:31.952692Z,accepted,2026-04-28T13:56:44.903075Z,2026-04-28T14:10:57.073000Z,2026-04-28
FLW_de39902e,30TRS,2026-04-28T13:39:31.901877Z,accepted,2026-04-28T13:55:12.110733Z,2026-04-28T14:23:54.603000Z,2026-04-28
FLW_43af5547,30TRS,2026-04-28T13:39:32.009028Z,accepted,2026-04-28T14:11:04.378734Z,2026-04-28T14:20:48.795000Z,2026-04-28
FLW_70c8b0c8,30TRS,2026-04-28T13:39:32.065726Z,accepted,2026-04-28T13:41:42.224891Z,2026-04-28T14:21:32.753000Z,2026-04-28
FLW_48f7c6e7,30TRS,2026-04-28T13:39:32.154626Z,accepted,2026-04-28T13:42:06.126020Z,2026-04-28T14:26:05.232000Z,2026-04-28
FLW_d2c21abe,30TRS,2026-04-28T13:39:32.121171Z,accepted,2026-04-28T14:03:10.408596Z,2026-04-28T14:25:41.326000Z,2026-04-28
FLW_2a26504b,30TRS,2026-04-28T13:39:32.183086Z,accepted,2026-04-28T13:47:01.932682Z,2026-04-28T14:20:54.377000Z,2026-04-28
FLW_dc78de20,30TRS,2026-04-28T13:39:32.210643Z,accepted,2026-04-28T13:47:41.081430Z,2026-04-28T14:22:44.024000Z,2026-04-28
FLW_9b6a8dca,30TRS,2026-04-28T13:39:31.465541Z,accepted,2026-04-28T13:40:50.370284Z,2026-04-28T14:11:57.695000Z,2026-04-28
FLW_1f4a0a27,30TRS,2026-04-28T13:39:31.667829Z,accepted,2026-04-28T13:42:06.191103Z,2026-04-28T14:22:38.792000Z,2026-04-28
FLW_c744b108,30TRS,2026-04-28T13:39:31.552129Z,accepted,2026-04-28T13:42:55.462778Z,2026-04-28T14:23:56.326000Z,2026-04-28
FLW_cce1b21f,30TRS,2026-04-28T13:39:31.810708Z,accepted,2026-04-28T13:41:38.719011Z,2026-04-28T14:21:45.289000Z,2026-04-28
FLW_489a641f,30TRS,2026-04-28T13:39:31.437548Z,accepted,2026-04-28T13:43:15.372763Z,2026-04-28T14:19:41.152000Z,2026-04-28
FLW_87c850f0,30TRS,2026-04-28T13:39:31.610271Z,accepted,2026-04-28T13:43:38.141651Z,2026-04-28T14:12:27.823000Z,2026-04-28
FLW_ec19b833,30TRS,2026-04-28T13:39:31.409360Z,accepted,2026-04-28T13:56:05.301060Z,2026-04-28T14:03:42.569000Z,2026-04-28
FLW_09e2699c,30TRS,2026-04-28T13:39:32.038111Z,accepted,2026-04-28T13:41:20.568220Z,2026-04-28T14:17:55.409000Z,2026-04-28
FLW_72ba96ae,30TRS,2026-04-28T13:39:31.378606Z,accepted,2026-04-28T13:43:33.895471Z,2026-04-28T14:19:07.761000Z,2026-04-28
FLW_21b3ab5a,30TRS,2026-04-28T13:39:32.093541Z,accepted,2026-04-28T13:55:12.541401Z,2026-04-28T14:30:33.859000Z,2026-04-28
FLW_00cc6cd0,30TRS,2026-04-28T14:24:59.901473Z,accepted,2026-04-28T14:34:44.840218Z,2026-04-28T14:41:15.019000Z,2026-04-28
FLW_013fc6f1,30TRS,2026-04-28T12:28:57.574124Z,accepted,2026-04-28T13:41:19.601789Z,2026-04-28T14:21:11.159000Z,2026-04-28
FLW_a5149d82,30TRS,2026-04-28T12:28:57.621435Z,accepted,2026-04-28T13:41:25.659273Z,2026-04-28T14:36:20.210000Z,2026-04-28
FLW_b2f267f1,30TRS,2026-04-28T12:28:57.653829Z,accepted,2026-04-28T13:42:26.997698Z,2026-04-28T14:36:25.786000Z,2026-04-28
FLW_fa24ca25,30TRS,2026-04-28T12:28:57.686938Z,accepted,2026-04-28T14:02:36.732869Z,2026-04-28T14:12:41.203000Z,2026-04-28
FLW_804c6405,31TRS,2026-04-29T11:14:40.946175Z,accepted,2026-04-29T11:16:45.253807Z,2026-04-29T12:46:25.213000Z,2026-04-29
FLW_f12b70fa,31TRS,2026-04-29T11:14:41.036263Z,accepted,2026-04-29T11:18:13.891194Z,2026-04-29T12:43:08.949000Z,2026-04-29
FLW_039f8599,31TRS,2026-04-29T11:14:40.886895Z,accepted,2026-04-29T11:18:31.081872Z,2026-04-29T12:41:05.618000Z,2026-04-29
FLW_ce01ca85,31TRS,2026-04-29T11:14:40.833196Z,accepted,2026-04-29T11:18:40.853927Z,2026-04-29T12:39:14.250000Z,2026-04-29
FLW_a594cabc,31TRS,2026-04-29T11:14:40.774425Z,accepted,2026-04-29T11:15:59.717708Z,2026-04-29T12:43:22.602000Z,2026-04-29
FLW_7af57540,31TRS,2026-04-29T11:14:41.099920Z,accepted,2026-04-29T11:21:49.101272Z,2026-04-29T12:46:43.929000Z,2026-04-29
FLW_98b6ec91,31TRS,2026-04-29T11:14:40.745868Z,accepted,2026-04-29T11:16:12.909914Z,2026-04-29T12:37:49.850000Z,2026-04-29
FLW_8d77fe95,31TRS,2026-04-29T11:14:41.301650Z,accepted,2026-04-29T11:16:14.740751Z,2026-04-29T12:44:25.195000Z,2026-04-29
FLW_d0c6ab73,31TRS,2026-04-29T11:14:41.355717Z,accepted,2026-04-29T11:15:21.189935Z,2026-04-29T12:37:37.246000Z,2026-04-29
FLW_e8487dc1,31TRS,2026-04-29T11:14:40.800963Z,accepted,2026-04-29T11:16:31.726057Z,2026-04-29T12:38:30.117000Z,2026-04-29
FLW_54da23a0,31TRS,2026-04-29T11:14:41.218646Z,accepted,2026-04-29T11:16:34.787221Z,2026-04-29T12:44:24.832000Z,2026-04-29
FLW_59961813,31TRS,2026-04-29T11:14:40.976196Z,accepted,2026-04-29T11:17:22.531154Z,2026-04-29T12:42:18.272000Z,2026-04-29
FLW_26d1fc5f,31TRS,2026-04-29T11:14:41.156673Z,accepted,2026-04-29T11:17:24.199331Z,2026-04-29T12:44:35.823000Z,2026-04-29
FLW_9feacdd9,31TRS,2026-04-29T11:14:41.005864Z,accepted,2026-04-29T11:17:30.091553Z,2026-04-29T12:45:09.268000Z,2026-04-29
FLW_6ad63fa2,31TRS,2026-04-29T11:14:40.918364Z,accepted,2026-04-29T11:17:40.108219Z,2026-04-29T12:44:14.023000Z,2026-04-29
FLW_7c889d8a,31TRS,2026-04-29T11:14:41.187240Z,accepted,2026-04-29T11:17:43.621218Z,2026-04-29T13:53:25.271000Z,2026-04-29
FLW_52737083,31TRS,2026-04-29T11:14:41.275501Z,accepted,2026-04-29T11:17:56.696496Z,2026-04-29T13:00:59.656000Z,2026-04-29
FLW_7da99fac,31TRS,2026-04-29T11:14:41.126595Z,accepted,2026-04-29T11:18:02.050356Z,2026-04-29T12:43:34.466000Z,2026-04-29
FLW_ee4a6c06,31TRS,2026-04-29T11:14:40.859527Z,accepted,2026-04-29T11:18:10.846253Z,2026-04-29T12:38:15.797000Z,2026-04-29
FLW_2f73dd70,31TRS,2026-04-29T11:14:41.068499Z,accepted,2026-04-29T11:23:14.932819Z,2026-04-29T12:45:42.057000Z,2026-04-29
FLW_954d2aa1,31TRS,2026-04-29T11:14:41.331297Z,accepted,2026-04-29T11:25:46.155805Z,2026-04-29T12:50:09.939000Z,2026-04-29
FLW_12690c10,31TRS,2026-04-29T11:14:41.248358Z,accepted,2026-04-29T11:27:15.813130Z,2026-04-29T12:44:13.906000Z,2026-04-29
FLW_ce121323,31TRS,2026-04-29T11:39:15.012609Z,accepted,2026-04-29T11:39:32.233910Z,2026-04-29T12:46:37.298000Z,2026-04-29
FLW_c3d7c6c6,31TRS,2026-04-29T11:20:11.728930Z,accepted,2026-04-29T11:20:57.117547Z,2026-04-29T12:40:51.679000Z,2026-04-29
FLW_a4b81501,31TRS,2026-04-29T10:05:39.809754Z,accepted,2026-04-29T10:08:00.404916Z,2026-04-29T12:44:16.307000Z,2026-04-29
FLW_f966b17c,31TRS,2026-04-29T10:05:39.844414Z,accepted,2026-04-29T10:09:02.563969Z,2026-04-29T12:43:28.975000Z,2026-04-29
FLW_f6a5f19f,31TRS,2026-04-29T10:05:39.880455Z,accepted,2026-04-29T10:09:23.654238Z,2026-04-29T13:01:29.926000Z,2026-04-29
FLW_4ca44d16,31TRS,2026-04-29T11:37:05.982621Z,accepted,2026-04-29T11:38:58.979301Z,2026-04-29T12:46:02.544000Z,2026-04-29
FLW_c63c8c3f,31TRS,2026-04-29T11:41:22.779033Z,accepted,2026-04-29T11:42:15.732183Z,2026-04-29T12:42:29.798000Z,2026-04-29
FLW_0602c1e5,31TRS,2026-04-29T11:48:13.363503Z,accepted,2026-04-29T11:49:43.627298Z,2026-04-29T12:45:27.280000Z,2026-04-29
FLW_3cdeed3b,31TRS,2026-04-29T11:51:28.658231Z,accepted,2026-04-29T11:51:49.524520Z,2026-04-29T12:43:48.176000Z,2026-04-29
FLW_5303e7ea,31TRS,2026-04-29T11:53:30.346381Z,accepted,2026-04-29T12:04:47.254058Z,2026-04-29T12:45:37.070000Z,2026-04-29
FLW_ae67380a,31TRS,2026-04-29T12:07:19.872961Z,accepted,2026-04-29T12:07:55.421209Z,2026-04-29T12:46:55.003000Z,2026-04-29
FLW_ae32c793,31TRS,2026-04-29T12:19:29.934711Z,accepted,2026-04-29T12:19:57.993152Z,2026-04-29T12:45:16.169000Z,2026-04-29
FLW_fd7c2721,32TRS,2026-04-30T13:21:55.541224Z,accepted,2026-04-30T14:10:55.221993Z,,
FLW_4912df15,32TRS,2026-04-30T15:25:41.102236Z,accepted,2026-04-30T15:28:20.848431Z,2026-04-30T15:33:46.320000Z,2026-04-30
FLW_793dc80e,32TRS,2026-04-30T14:51:13.753815Z,accepted,2026-04-30T14:51:35.012623Z,2026-04-30T15:00:01.830000Z,2026-04-30
FLW_b5ab8aba,32TRS,2026-04-30T14:55:57.510565Z,accepted,2026-04-30T14:56:49.009546Z,2026-04-30T15:01:50.960000Z,2026-04-30
FLW_15b4f061,32TRS,2026-04-30T11:17:56.297660Z,accepted,2026-04-30T11:59:18.498081Z,2026-04-30T12:33:48.462000Z,2026-04-30
FLW_51b04754,32TRS,2026-04-30T11:17:56.249523Z,accepted,2026-04-30T12:05:52.649060Z,2026-04-30T12:29:18.400000Z,2026-04-30
FLW_780aceb4,32TRS,2026-04-30T11:53:03.774761Z,accepted,2026-04-30T11:53:38.271218Z,2026-04-30T12:34:01.296000Z,2026-04-30
FLW_70d30ba1,32TRS,2026-04-30T11:53:03.864579Z,accepted,2026-04-30T11:59:02.326406Z,2026-04-30T12:34:02.980000Z,2026-04-30
FLW_be76b43e,32TRS,2026-04-30T11:53:03.448062Z,accepted,2026-04-30T11:59:23.690337Z,2026-04-30T12:35:31.797000Z,2026-04-30
FLW_00ec6871,32TRS,2026-04-30T11:53:03.734408Z,accepted,2026-04-30T11:59:26.916054Z,2026-04-30T13:04:21.364000Z,2026-04-30
FLW_95873ee0,32TRS,2026-04-30T11:53:03.389715Z,accepted,2026-04-30T12:00:12.976363Z,2026-04-30T12:33:41.468000Z,2026-04-30
FLW_4d04adcf,32TRS,2026-04-30T11:53:03.416872Z,accepted,2026-04-30T11:55:46.642978Z,2026-04-30T12:34:26.216000Z,2026-04-30
FLW_b77afe4f,32TRS,2026-04-30T11:53:03.359643Z,accepted,2026-04-30T12:04:22.253335Z,2026-04-30T12:29:57.079000Z,2026-04-30
FLW_6cbedf26,32TRS,2026-04-30T11:53:03.979065Z,accepted,2026-04-30T11:56:08.699447Z,2026-04-30T12:33:24.326000Z,2026-04-30
FLW_f5d4de3b,32TRS,2026-04-30T11:53:03.892672Z,accepted,2026-04-30T11:56:15.558827Z,2026-04-30T12:34:36.853000Z,2026-04-30
FLW_b6727b79,32TRS,2026-04-30T11:53:03.807554Z,accepted,2026-04-30T11:57:19.926152Z,2026-04-30T12:36:03.048000Z,2026-04-30
FLW_40c3e6d7,32TRS,2026-04-30T11:53:03.951126Z,accepted,2026-04-30T11:57:27.115229Z,2026-04-30T12:36:12.984000Z,2026-04-30
FLW_84d3c00e,32TRS,2026-04-30T11:53:03.627819Z,accepted,2026-04-30T11:57:31.944557Z,2026-04-30T13:08:36.091000Z,2026-04-30
FLW_2fad04b9,32TRS,2026-04-30T11:53:03.328963Z,accepted,2026-04-30T11:57:40.676312Z,2026-04-30T12:33:11.977000Z,2026-04-30
FLW_d8319271,32TRS,2026-04-30T11:53:04.007379Z,accepted,2026-04-30T11:57:50.379744Z,2026-04-30T12:34:20.143000Z,2026-04-30
FLW_86fa7218,32TRS,2026-04-30T11:53:03.692594Z,accepted,2026-04-30T11:57:50.687407Z,2026-04-30T12:35:26.975000Z,2026-04-30
FLW_d0c5e2b9,32TRS,2026-04-30T11:53:03.568550Z,accepted,2026-04-30T11:58:24.449199Z,2026-04-30T12:34:13.978000Z,2026-04-30
FLW_598ceb5f,32TRS,2026-04-30T11:53:03.660279Z,accepted,2026-04-30T11:58:25.445207Z,2026-04-30T12:34:50.567000Z,2026-04-30
FLW_be1c51a3,32TRS,2026-04-30T11:53:03.836410Z,accepted,2026-04-30T11:58:51.161360Z,2026-04-30T12:36:01.560000Z,2026-04-30
FLW_619d891e,32TRS,2026-04-30T11:53:03.601202Z,accepted,2026-04-30T11:58:52.462328Z,2026-04-30T12:25:04.041000Z,2026-04-30
FLW_381e7dd3,32TRS,2026-04-30T11:53:03.296174Z,accepted,2026-04-30T11:58:55.098364Z,2026-04-30T12:30:29.625000Z,2026-04-30
FLW_83f0145e,32TRS,2026-04-30T11:53:03.507514Z,accepted,2026-04-30T11:58:58.892771Z,2026-04-30T12:24:40.387000Z,2026-04-30
FLW_dfd92ee6,32TRS,2026-04-30T11:53:03.538578Z,accepted,2026-04-30T12:06:02.371238Z,2026-04-30T12:35:58.648000Z,2026-04-30
FLW_5cd02dff,32TRS,2026-04-30T11:53:03.478786Z,accepted,2026-04-30T12:06:27.813179Z,2026-04-30T12:36:12.150000Z,2026-04-30
FLW_fdf77158,32TRS,2026-04-30T11:53:03.922858Z,accepted,2026-04-30T13:16:40.814611Z,2026-04-30T14:07:20.112000Z,2026-04-30
FLW_9b2e621d,32TRS,2026-04-30T11:57:17.950557Z,accepted,2026-04-30T11:57:39.902292Z,2026-04-30T12:34:10.029000Z,2026-04-30
FLW_7aeee96c,32TRS,2026-04-30T11:57:58.747303Z,accepted,2026-04-30T12:03:41.677777Z,2026-04-30T12:37:15.343000Z,2026-04-30
FLW_9dcad3aa,32TRS,2026-04-30T12:01:54.660841Z,accepted,2026-04-30T12:02:10.750215Z,2026-04-30T12:35:01.355000Z,2026-04-30
FLW_fd50dfd3,32TRS,2026-04-30T12:01:54.610063Z,accepted,2026-04-30T12:02:47.238717Z,2026-04-30T12:33:39.323000Z,2026-04-30
FLW_95f151fe,32TRS,2026-04-30T12:10:05.845781Z,accepted,2026-04-30T12:19:13.088185Z,2026-04-30T12:32:30.225000Z,2026-04-30
FLW_9d04565a,40TRS,2026-04-29T14:09:34.379603Z,accepted,2026-04-29T14:14:33.167488Z,2026-04-29T14:23:23.768000Z,2026-04-29
FLW_1a80cfa7,40TRS,2026-04-29T11:06:39.947173Z,accepted,2026-04-29T11:12:15.414192Z,2026-04-29T11:32:50.362000Z,2026-04-29
FLW_637ec870,40TRS,2026-04-29T11:06:40.096770Z,accepted,2026-04-29T11:12:31.542732Z,2026-04-29T11:34:14.071000Z,2026-04-29
FLW_0a500bce,40TRS,2026-04-29T11:06:39.898760Z,accepted,2026-04-29T11:12:43.841237Z,2026-04-29T11:33:34.351000Z,2026-04-29
FLW_f645dfe7,40TRS,2026-04-29T11:06:39.797407Z,accepted,2026-04-29T11:12:54.545834Z,2026-04-29T11:25:32.755000Z,2026-04-29
FLW_3a24a429,40TRS,2026-04-29T11:06:40.019264Z,accepted,2026-04-29T11:12:55.213120Z,2026-04-29T11:54:18.803000Z,2026-04-29
FLW_ad7c3bc8,40TRS,2026-04-29T11:06:39.701594Z,accepted,2026-04-29T11:15:14.251717Z,2026-04-29T11:37:07.945000Z,2026-04-29
FLW_24b114b6,40TRS,2026-04-29T11:06:40.169897Z,accepted,2026-04-29T11:08:35.933820Z,2026-04-29T11:30:43.990000Z,2026-04-29
FLW_f014e571,40TRS,2026-04-29T11:06:40.134692Z,accepted,2026-04-29T11:09:00.780123Z,2026-04-29T11:30:41.576000Z,2026-04-29
FLW_b2c20644,40TRS,2026-04-29T11:06:39.760575Z,accepted,2026-04-29T11:09:41.797986Z,2026-04-29T11:36:22.039000Z,2026-04-29
FLW_76378b74,40TRS,2026-04-29T11:06:39.865723Z,accepted,2026-04-29T11:10:04.246577Z,2026-04-29T12:30:48.008000Z,2026-04-29
FLW_3f838155,40TRS,2026-04-29T11:06:39.833412Z,accepted,2026-04-29T11:10:15.877860Z,2026-04-29T11:25:12.012000Z,2026-04-29
FLW_d7af9b38,40TRS,2026-04-29T11:06:39.980963Z,accepted,2026-04-29T11:10:34.286220Z,2026-04-29T11:35:01.679000Z,2026-04-29
FLW_185c0ad3,40TRS,2026-04-29T11:06:40.205027Z,accepted,2026-04-29T11:12:09.182775Z,2026-04-29T11:36:10.441000Z,2026-04-29
FLW_9c1ff495,40TRS,2026-04-29T11:06:40.058643Z,accepted,2026-04-29T13:54:10.450165Z,2026-04-29T14:01:53.009000Z,2026-04-29
FLW_98b31d4d,40TRS,2026-04-29T11:18:15.626584Z,accepted,2026-04-29T11:21:00.337275Z,2026-04-29T11:36:11.887000Z,2026-04-29
FLW_a0384c0c,40TRS,2026-04-29T11:18:15.579471Z,accepted,2026-04-29T11:24:15.495882Z,2026-04-29T12:27:08.858000Z,2026-04-29
FLW_7a38a10b,40TRS,2026-04-29T14:13:22.959930Z,accepted,2026-04-29T14:14:34.844754Z,2026-04-29T14:25:05.054000Z,2026-04-29
FLW_e1813b6e,40TRS,2026-04-29T14:21:31.290930Z,accepted,2026-04-29T14:22:25.437374Z,2026-04-29T14:35:27.911000Z,2026-04-29
FLW_4f746562,40TRS,2026-04-29T11:26:14.768129Z,accepted,2026-04-29T11:28:34.236920Z,2026-04-29T11:47:22.361000Z,2026-04-29
FLW_675a5955,40TRS,2026-04-29T11:26:14.714821Z,accepted,2026-04-29T11:34:31.646219Z,2026-04-29T12:42:45.909000Z,2026-04-29
FLW_5b6329af,40TRS,2026-04-29T11:27:22.405698Z,accepted,2026-04-29T11:29:04.974375Z,2026-04-29T11:39:12.426000Z,2026-04-29
FLW_911441dd,40TRS,2026-04-29T11:27:22.372674Z,accepted,2026-04-29T11:29:18.036799Z,2026-04-29T12:32:58.119000Z,2026-04-29
FLW_d63c4033,40TRS,2026-04-29T11:44:25.300950Z,accepted,2026-04-29T11:45:03.821170Z,2026-04-29T12:00:35.976000Z,2026-04-29
FLW_45fc59ba,40TRS,2026-04-29T11:44:25.264134Z,accepted,2026-04-29T11:45:17.867022Z,2026-04-29T12:04:44.045000Z,2026-04-29
FLW_b4445c22,40TRS,2026-04-29T11:44:25.199723Z,accepted,2026-04-29T11:45:47.893257Z,2026-04-29T12:04:22.131000Z,2026-04-29
FLW_5861699e,40TRS,2026-04-29T11:44:25.233451Z,accepted,2026-04-29T11:46:10.344411Z,2026-04-29T12:04:45.118000Z,2026-04-29
FLW_15c451d5,40TRS,2026-04-29T11:44:25.332155Z,accepted,2026-04-29T11:49:26.448710Z,2026-04-29T12:48:27.897000Z,2026-04-29
FLW_ea249b57,40TRS,2026-04-29T11:46:05.070233Z,accepted,2026-04-29T11:48:09.742196Z,2026-04-29T12:28:29.611000Z,2026-04-29
FLW_945e4dc2,40TRS,2026-04-29T12:02:30.189517Z,accepted,2026-04-29T12:08:52.149901Z,2026-04-29T12:22:31.875000Z,2026-04-29
FLW_b878bf3e,40TRS,2026-04-29T12:28:36.678618Z,accepted,2026-04-29T12:30:37.334354Z,2026-04-29T12:43:54.326000Z,2026-04-29
FLW_ed4bd0a9,41TRS,2026-04-30T14:40:23.687713Z,accepted,2026-04-30T14:44:47.115733Z,2026-04-30T14:48:28.378000Z,2026-04-30
FLW_5a214356,41TRS,2026-04-30T16:37:56.812866Z,accepted,2026-04-30T16:51:28.224237Z,2026-04-30T17:32:30.792000Z,2026-05-03
FLW_f504e9c4,41TRS,2026-04-30T14:39:15.208572Z,accepted,2026-04-30T14:39:44.675910Z,2026-04-30T14:46:12.958000Z,2026-04-30
FLW_d7ea0191,41TRS,2026-04-30T13:23:51.812857Z,accepted,2026-04-30T13:31:44.543117Z,2026-04-30T13:52:14.208000Z,2026-04-30
FLW_71626718,41TRS,2026-04-30T13:23:51.849769Z,accepted,2026-04-30T13:28:07.774375Z,2026-04-30T13:42:54.326000Z,2026-04-30
FLW_61fe91e6,41TRS,2026-04-30T13:23:51.884883Z,accepted,2026-04-30T13:29:27.675041Z,2026-04-30T13:47:37.682000Z,2026-04-30
FLW_e42c96b7,41TRS,2026-04-30T13:39:40.466074Z,accepted,2026-04-30T13:43:06.394597Z,2026-04-30T14:08:05.229000Z,2026-04-30
FLW_2b75de6f,41TRS,2026-04-30T11:18:51.392469Z,accepted,2026-04-30T11:23:42.846793Z,2026-04-30T11:42:30.716000Z,2026-04-30
FLW_ef649930,41TRS,2026-04-30T11:18:51.466591Z,accepted,2026-04-30T11:24:07.729722Z,2026-04-30T11:48:02.436000Z,2026-04-30
FLW_fa2722a4,41TRS,2026-04-30T11:18:51.228878Z,accepted,2026-04-30T11:24:50.215701Z,2026-04-30T11:42:48.643000Z,2026-04-30
FLW_b365c634,41TRS,2026-04-30T11:18:51.327124Z,accepted,2026-04-30T11:26:06.343509Z,2026-04-30T11:56:07.666000Z,2026-04-30
FLW_3dbe41bf,41TRS,2026-04-30T11:18:51.530650Z,accepted,2026-04-30T11:26:50.498893Z,2026-04-30T11:45:29.143000Z,2026-04-30
FLW_4f76bc06,41TRS,2026-04-30T11:18:51.499666Z,accepted,2026-04-30T11:28:06.359414Z,2026-04-30T11:45:40.530000Z,2026-04-30
FLW_0ceec23f,41TRS,2026-04-30T11:18:51.294895Z,accepted,2026-04-30T11:28:23.161181Z,2026-04-30T11:52:23.375000Z,2026-04-30
FLW_c449c512,41TRS,2026-04-30T11:18:51.262548Z,accepted,2026-04-30T11:28:47.996201Z,2026-04-30T11:50:54.591000Z,2026-04-30
FLW_c1f04567,41TRS,2026-04-30T11:18:51.561948Z,accepted,2026-04-30T11:34:58.469278Z,2026-04-30T12:23:00.487000Z,2026-04-30
FLW_d2524ba4,41TRS,2026-04-30T11:18:51.160914Z,accepted,2026-04-30T11:38:44.817355Z,2026-04-30T11:47:12.551000Z,2026-04-30
FLW_f7b8dfd6,41TRS,2026-04-30T11:18:51.192389Z,accepted,2026-04-30T11:21:15.591000Z,2026-04-30T11:41:55.079000Z,2026-04-30
FLW_06c61292,41TRS,2026-04-30T11:18:51.360308Z,accepted,2026-04-30T11:21:33.359659Z,2026-04-30T11:39:41.865000Z,2026-04-30
FLW_864df51a,41TRS,2026-04-30T11:18:51.427225Z,accepted,2026-04-30T11:22:12.759501Z,2026-04-30T11:44:52.286000Z,2026-04-30
FLW_f46066a6,41TRS,2026-04-30T11:18:51.126386Z,accepted,2026-04-30T11:23:08.177726Z,2026-04-30T11:35:40.628000Z,2026-04-30
FLW_ba8c47a4,41TRS,2026-04-30T11:30:47.655771Z,accepted,2026-04-30T11:40:13.147128Z,2026-04-30T11:48:37.281000Z,2026-04-30
FLW_7ecb9f93,41TRS,2026-04-30T11:32:05.404826Z,accepted,2026-04-30T11:33:10.476239Z,2026-04-30T12:15:01.508000Z,2026-04-30
FLW_7c1fbefc,41TRS,2026-04-30T11:32:05.435560Z,accepted,2026-04-30T11:34:54.801767Z,2026-04-30T11:45:55.057000Z,2026-04-30
FLW_202c6d16,41TRS,2026-04-30T11:32:05.466435Z,accepted,2026-04-30T11:35:04.138924Z,2026-04-30T11:48:58.250000Z,2026-04-30
FLW_7b575355,41TRS,2026-04-30T11:32:05.370729Z,accepted,2026-04-30T11:40:18.037809Z,2026-04-30T11:50:23.588000Z,2026-04-30
FLW_eac764b4,41TRS,2026-04-30T11:33:44.758203Z,accepted,2026-04-30T11:43:09.977361Z,2026-04-30T12:00:42.100000Z,2026-04-30
FLW_e34a84b4,41TRS,2026-04-30T11:40:25.870651Z,accepted,2026-04-30T11:43:12.073887Z,2026-04-30T12:23:03.520000Z,2026-04-30
FLW_258d533f,41TRS,2026-04-30T11:40:25.829531Z,accepted,2026-04-30T11:57:39.861074Z,2026-04-30T12:23:00.850000Z,2026-04-30
FLW_03947847,41TRS,2026-04-30T11:49:09.051314Z,accepted,2026-04-30T11:51:24.552835Z,2026-04-30T12:53:57.658000Z,2026-04-30
FLW_d5543a0a,41TRS,2026-04-30T11:51:21.332571Z,accepted,2026-04-30T11:53:08.009919Z,2026-04-30T12:08:41.392000Z,2026-04-30
FLW_c0b8e816,42TRS,2026-04-29T08:47:55.864677Z,accepted,2026-04-29T09:03:53.240804Z,2026-04-29T12:01:00.244000Z,2026-04-29
FLW_6ac0970a,42TRS,2026-04-29T08:47:55.996610Z,accepted,2026-04-29T09:05:36.918233Z,2026-04-29T12:01:22.643000Z,2026-04-29
FLW_e40ac40a,42TRS,2026-04-29T08:47:55.960470Z,accepted,2026-04-29T08:58:25.312327Z,2026-04-29T12:01:09.141000Z,2026-04-29
FLW_ebb002cb,42TRS,2026-04-29T08:47:55.925900Z,accepted,2026-04-29T09:02:45.155193Z,2026-04-29T12:06:29.778000Z,2026-04-29
FLW_8c682b6a,42TRS,2026-04-29T08:47:56.033055Z,accepted,2026-04-29T09:22:00.865230Z,2026-04-29T12:01:32.140000Z,2026-04-29
FLW_5ede8d21,42TRS,2026-04-29T08:49:43.250274Z,accepted,2026-04-29T08:54:52.534481Z,2026-04-29T12:01:30.690000Z,2026-04-29
FLW_60e47316,42TRS,2026-04-29T09:00:04.387256Z,accepted,2026-04-29T09:01:29.027132Z,2026-04-29T12:01:28.111000Z,2026-04-29
FLW_e89848d1,42TRS,2026-04-29T09:17:55.014261Z,accepted,2026-04-29T09:18:19.491344Z,2026-04-29T12:01:14.830000Z,2026-04-29
FLW_b1e04f69,42TRS,2026-04-29T09:27:28.873747Z,accepted,2026-04-29T09:30:44.329027Z,2026-04-29T12:01:27.390000Z,2026-04-29
FLW_2752b546,42TRS,2026-04-29T09:29:37.378144Z,accepted,2026-04-29T09:31:02.349681Z,2026-04-29T12:00:57.886000Z,2026-04-29
FLW_8927ed64,42TRS,2026-04-29T09:38:37.829170Z,accepted,2026-04-29T09:38:56.575963Z,2026-04-29T12:05:29.638000Z,2026-04-29
FLW_44645285,42TRS,2026-04-29T09:34:38.271343Z,accepted,2026-04-29T09:42:43.748066Z,2026-04-29T12:01:50.176000Z,2026-04-29
FLW_eb99aeec,42TRS,2026-04-29T09:36:14.614966Z,accepted,2026-04-29T09:39:24.121075Z,2026-04-29T12:07:47.459000Z,2026-04-29
FLW_5e61202d,42TRS,2026-04-29T13:00:41.942763Z,accepted,2026-04-29T13:20:40.508493Z,2026-04-29T13:24:31.804000Z,2026-04-29
FLW_9e0412d1,42TRS,2026-04-29T09:40:56.257743Z,accepted,2026-04-29T09:42:13.643150Z,2026-04-29T12:01:13.221000Z,2026-04-29
FLW_637f240f,42TRS,2026-04-29T13:19:32.190340Z,accepted,2026-04-29T13:19:52.659796Z,2026-04-29T13:25:33.195000Z,2026-04-29
FLW_7871960a,42TRS,2026-04-29T09:36:14.578387Z,accepted,2026-04-29T09:45:06.575066Z,2026-04-29T12:01:18.243000Z,2026-04-29
FLW_6a879b6a,42TRS,2026-04-29T10:04:27.037936Z,accepted,2026-04-29T10:05:11.978489Z,2026-04-29T12:01:19.350000Z,2026-04-29
FLW_abf06f7b,42TRS,2026-04-29T09:53:13.309773Z,accepted,2026-04-29T09:56:26.363047Z,2026-04-29T12:01:40.886000Z,2026-04-29
FLW_36a054b1,42TRS,2026-04-29T09:57:07.505756Z,accepted,2026-04-29T09:57:47.519361Z,2026-04-29T12:01:19.623000Z,2026-04-29
FLW_72944e8e,42TRS,2026-04-29T09:59:37.737649Z,accepted,2026-04-29T10:01:02.090937Z,2026-04-29T12:01:25.137000Z,2026-04-29
FLW_0b43ab0a,42TRS,2026-04-29T11:32:22.359485Z,accepted,2026-04-29T11:33:05.559507Z,2026-04-29T12:01:38.877000Z,2026-04-29
FLW_c41f3312,42TRS,2026-04-29T11:45:29.469648Z,accepted,2026-04-29T11:47:27.595162Z,2026-04-29T12:01:17.161000Z,2026-04-29
FLW_6c45eed9,42TRS,2026-04-29T11:49:27.273605Z,accepted,2026-04-29T11:49:57.201276Z,2026-04-29T12:01:23.161000Z,2026-04-29
FLW_d0dd8a68,42TRS,2026-04-29T09:25:37.612362Z,accepted,2026-04-29T09:28:10.449232Z,2026-04-29T12:01:16.925000Z,2026-04-29
FLW_38d0c7cf,42TRS,2026-04-29T12:05:08.898922Z,accepted,2026-04-29T12:07:39.752116Z,2026-04-29T12:34:33.216000Z,2026-04-29
FLW_1133ec73,42TRS,2026-04-29T12:36:08.494070Z,accepted,2026-04-29T12:37:25.568127Z,2026-04-29T12:45:53.557000Z,2026-04-29
FLW_4f8d40c6,42TRS,2026-04-29T12:39:35.087104Z,accepted,2026-04-29T12:47:13.317354Z,2026-04-29T13:06:09.791000Z,2026-04-29
FLW_1652be94,43TRS,2026-04-30T09:02:16.525713Z,accepted,2026-04-30T09:07:10.075628Z,2026-04-30T11:52:57.534000Z,2026-04-30
FLW_a3dc57b6,43TRS,2026-04-30T09:02:16.591102Z,accepted,2026-04-30T09:28:20.419632Z,2026-04-30T11:53:10.647000Z,2026-04-30
FLW_468d18a5,43TRS,2026-04-30T09:02:16.658885Z,accepted,2026-04-30T09:14:42.698340Z,2026-04-30T11:47:40.182000Z,2026-04-30
FLW_e10500a6,43TRS,2026-05-04T13:58:23.329304Z,accepted,2026-05-04T14:07:24.084100Z,2026-05-04T14:18:41.668000Z,2026-05-04
FLW_fadbd424,43TRS,2026-04-30T08:45:54.065255Z,accepted,2026-04-30T08:46:45.667484Z,2026-04-30T11:52:20.265000Z,2026-04-30
FLW_050978ff,43TRS,2026-04-30T08:45:53.941636Z,accepted,2026-04-30T08:46:51.821343Z,2026-04-30T11:52:30.448000Z,2026-04-30
FLW_7b5c1d45,43TRS,2026-04-30T08:45:54.033497Z,accepted,2026-04-30T08:47:17.359296Z,2026-04-30T11:54:53.701000Z,2026-04-30
FLW_6cbeb157,43TRS,2026-04-30T08:45:53.976852Z,accepted,2026-04-30T08:48:36.506814Z,2026-04-30T11:53:07.969000Z,2026-04-30
FLW_0c0d0a38,43TRS,2026-04-30T08:45:53.884869Z,accepted,2026-04-30T08:48:42.538588Z,2026-04-30T11:53:07.937000Z,2026-04-30
FLW_31f5c524,43TRS,2026-04-30T09:02:16.628744Z,accepted,2026-04-30T09:04:57.196218Z,2026-04-30T11:52:26.018000Z,2026-04-30
FLW_2228e2f7,43TRS,2026-04-30T09:02:16.557856Z,accepted,2026-04-30T09:04:48.263114Z,2026-04-30T11:54:25.873000Z,2026-04-30
FLW_c4bcac1c,43TRS,2026-04-30T09:02:16.477139Z,accepted,2026-04-30T11:46:48.225294Z,2026-04-30T11:53:51.807000Z,2026-04-30
FLW_ef9513d8,43TRS,2026-04-30T09:08:48.106345Z,accepted,2026-04-30T09:09:47.635575Z,2026-04-30T11:52:14.907000Z,2026-04-30
FLW_b921f81b,43TRS,2026-04-30T09:10:44.396156Z,accepted,2026-04-30T09:11:09.469054Z,2026-04-30T11:52:37.133000Z,2026-04-30
FLW_ef186547,43TRS,2026-04-30T09:11:24.446876Z,accepted,2026-04-30T09:12:18.444602Z,2026-04-30T11:52:48.796000Z,2026-04-30
FLW_12298ddf,43TRS,2026-04-30T09:11:39.185417Z,accepted,2026-04-30T09:12:24.952924Z,2026-04-30T11:52:25.178000Z,2026-04-30
FLW_8216f72f,43TRS,2026-04-30T09:13:41.947249Z,accepted,2026-04-30T09:14:54.928797Z,2026-04-30T11:54:43.223000Z,2026-04-30
FLW_740f1f30,43TRS,2026-04-30T09:14:05.461603Z,accepted,2026-04-30T09:18:38.757200Z,2026-04-30T11:52:03.379000Z,2026-04-30
FLW_8762cfda,43TRS,2026-04-30T09:14:36.929939Z,accepted,2026-04-30T09:16:26.973480Z,2026-04-30T11:53:22.507000Z,2026-04-30
FLW_51ad97be,43TRS,2026-04-30T09:18:31.111338Z,accepted,2026-04-30T09:19:14.122485Z,2026-04-30T12:02:51.404000Z,2026-04-30
FLW_e45e3450,43TRS,2026-04-30T09:21:13.369563Z,accepted,2026-04-30T09:22:44.091186Z,2026-04-30T11:53:02.755000Z,2026-04-30
FLW_9ada51f8,43TRS,2026-04-30T09:23:34.352114Z,accepted,2026-04-30T09:24:24.818599Z,2026-04-30T11:53:19.507000Z,2026-04-30
FLW_37e7642a,43TRS,2026-04-30T09:23:05.801377Z,accepted,2026-04-30T09:23:51.540376Z,2026-04-30T11:52:05.176000Z,2026-04-30
FLW_b4632f89,43TRS,2026-04-30T09:27:09.978480Z,accepted,2026-04-30T09:28:07.596780Z,2026-04-30T11:52:24.103000Z,2026-04-30
FLW_8c8d5b4f,43TRS,2026-04-30T09:28:47.194460Z,accepted,2026-04-30T09:29:11.679927Z,2026-04-30T11:52:43.826000Z,2026-04-30
FLW_78e51910,43TRS,2026-04-30T09:29:30.482572Z,accepted,2026-04-30T09:32:39.425025Z,2026-04-30T11:52:34.326000Z,2026-04-30
FLW_28a8eec7,43TRS,2026-04-30T09:35:04.952261Z,accepted,2026-04-30T09:37:23.859428Z,2026-04-30T11:56:47.076000Z,2026-04-30
FLW_42a5a6b0,43TRS,2026-04-30T09:36:52.689101Z,accepted,2026-04-30T09:39:20.974785Z,2026-04-30T11:52:15.439000Z,2026-04-30
FLW_2ae251a1,43TRS,2026-04-30T09:44:18.397567Z,accepted,2026-04-30T09:44:36.988670Z,2026-04-30T11:52:11.429000Z,2026-04-30
FLW_dbaa0aed,43TRS,2026-04-30T09:45:03.569897Z,accepted,2026-04-30T09:54:22.043359Z,2026-04-30T23:54:46.975000Z,2026-04-30
FLW_9d60f670,43TRS,2026-04-30T09:58:16.295456Z,accepted,2026-04-30T09:58:43.995067Z,2026-04-30T11:53:39.487000Z,2026-04-30
FLW_3d2f2ef1,43TRS,2026-04-30T10:28:27.880639Z,accepted,2026-04-30T10:28:55.905005Z,2026-04-30T11:53:54.970000Z,2026-04-30
FLW_544e94e6,43TRS,2026-04-30T11:17:08.553035Z,accepted,2026-04-30T11:17:29.331269Z,2026-04-30T11:55:01.506000Z,2026-04-30
FLW_3e68100e,43TRS,2026-04-30T11:29:10.010503Z,accepted,2026-04-30T11:31:18.153917Z,2026-04-30T12:04:12.676000Z,2026-04-30
FLW_e6fbcbf8,43TRS,2026-04-30T11:33:16.802808Z,accepted,2026-04-30T11:34:42.827152Z,2026-04-30T11:58:06.004000Z,2026-04-30
FLW_7d9f40ad,43TRS,2026-04-30T11:43:09.794709Z,accepted,2026-04-30T11:47:22.972102Z,2026-04-30T12:03:41.929000Z,2026-04-30
FLW_52359c96,43TRS,2026-04-30T11:45:01.565234Z,accepted,2026-04-30T11:48:04.260204Z,2026-04-30T11:54:16.327000Z,2026-04-30
FLW_8c8f35a2,43TRS,2026-04-30T11:46:15.843688Z,accepted,2026-04-30T11:49:22.562029Z,2026-04-30T12:03:08.643000Z,2026-04-30
FLW_4c361a9b,45TRS,2026-05-05T09:20:38.510086Z,accepted,2026-05-05T09:25:42.209220Z,2026-05-05T11:41:21.399000Z,2026-05-05
FLW_0e686427,45TRS,2026-05-05T09:28:04.362547Z,accepted,2026-05-05T09:28:58.649727Z,2026-05-05T11:41:23.513000Z,2026-05-05
FLW_c7415c40,45TRS,2026-05-05T09:28:04.400355Z,accepted,2026-05-05T09:29:35.939723Z,2026-05-05T11:41:27.518000Z,2026-05-05
FLW_86c6ec49,45TRS,2026-05-05T09:39:09.128842Z,accepted,2026-05-05T09:40:16.543774Z,2026-05-05T11:41:27.535000Z,2026-05-05
FLW_9830944f,45TRS,2026-05-05T09:39:09.160064Z,accepted,2026-05-05T09:40:20.910288Z,2026-05-05T11:43:08.798000Z,2026-05-05
FLW_08341feb,45TRS,2026-05-05T09:39:09.079845Z,accepted,2026-05-05T09:40:11.589876Z,2026-05-05T11:41:25.213000Z,2026-05-05
FLW_b56134e8,45TRS,2026-05-05T09:51:46.522922Z,accepted,2026-05-05T09:54:24.397949Z,2026-05-05T11:42:11.128000Z,2026-05-05
FLW_7c6156a6,45TRS,2026-05-05T09:57:05.437116Z,accepted,2026-05-05T10:05:46.496550Z,2026-05-05T11:41:45.479000Z,2026-05-05
FLW_eb1e0ff5,45TRS,2026-05-05T10:06:23.867600Z,accepted,2026-05-05T10:08:17.544292Z,2026-05-05T11:41:34.128000Z,2026-05-05
FLW_69c00df1,45TRS,2026-05-05T10:06:23.814914Z,accepted,2026-05-05T10:08:47.488025Z,2026-05-05T11:44:42.676000Z,2026-05-05
FLW_be8332e7,45TRS,2026-05-05T10:08:10.544524Z,accepted,2026-05-05T10:11:16.083551Z,2026-05-05T11:41:51.893000Z,2026-05-05
FLW_8a29a333,45TRS,2026-05-05T10:12:15.629048Z,accepted,2026-05-05T10:13:31.820308Z,2026-05-05T11:41:42.454000Z,2026-05-05
FLW_18b85c49,45TRS,2026-05-05T10:17:55.645054Z,accepted,2026-05-05T10:23:08.652343Z,2026-05-05T11:41:44.433000Z,2026-05-05
FLW_0c61dfa0,45TRS,2026-05-05T10:19:34.678988Z,accepted,2026-05-05T10:20:14.689192Z,2026-05-05T11:41:22.474000Z,2026-05-05
FLW_abd51493,45TRS,2026-05-05T10:19:00.444669Z,accepted,2026-05-05T10:20:17.053077Z,2026-05-05T11:37:36.854000Z,2026-05-05
FLW_5c3f532b,45TRS,2026-05-05T10:23:05.742726Z,accepted,2026-05-05T10:24:41.705307Z,2026-05-05T11:41:18.579000Z,2026-05-05
FLW_e2964c24,45TRS,2026-05-05T10:37:56.664050Z,accepted,2026-05-05T10:40:33.459729Z,2026-05-05T11:54:17.899000Z,2026-05-05
FLW_b62b34ea,45TRS,2026-05-05T10:55:25.615364Z,accepted,2026-05-05T10:55:51.220998Z,2026-05-05T11:41:51.079000Z,2026-05-05
FLW_66184c81,45TRS,2026-05-05T10:55:25.649105Z,accepted,2026-05-05T10:55:52.115809Z,2026-05-05T11:43:20.472000Z,2026-05-05
FLW_e5c0c250,45TRS,2026-05-05T10:58:01.825125Z,accepted,2026-05-05T11:00:16.377918Z,2026-05-05T11:47:22.939000Z,2026-05-05
FLW_c598865e,45TRS,2026-05-05T10:58:01.944938Z,accepted,2026-05-05T11:00:24.246178Z,2026-05-05T11:52:00.099000Z,2026-05-05
FLW_81b59acd,45TRS,2026-05-05T11:13:09.473826Z,accepted,2026-05-05T11:16:22.587113Z,2026-05-05T11:41:30.057000Z,2026-05-05
FLW_1b3d01c8,45TRS,2026-05-05T11:13:43.623624Z,accepted,2026-05-05T11:24:33.039482Z,2026-05-05T11:43:52.743000Z,2026-05-05
FLW_e8629049,45TRS,2026-05-05T13:25:55.925789Z,accepted,2026-05-05T13:27:32.865179Z,2026-05-05T21:53:54.786000Z,2026-05-05
FLW_40206737,45TRS,2026-05-05T11:15:31.988655Z,accepted,2026-05-05T11:17:07.892980Z,2026-05-05T11:41:35.152000Z,2026-05-05
FLW_e72728d3,45TRS,2026-05-05T11:15:31.949506Z,accepted,2026-05-05T11:18:25.639895Z,2026-05-05T11:41:27.582000Z,2026-05-05
FLW_1e96def6,45TRS,2026-05-05T11:23:34.811958Z,accepted,2026-05-05T11:26:50.092346Z,2026-05-05T11:41:44.189000Z,2026-05-05
FLW_1a190306,45TRS,2026-05-05T11:25:36.294943Z,accepted,2026-05-05T11:27:28.048924Z,2026-05-05T11:42:24.463000Z,2026-05-05
FLW_d570f3b4,45TRS,2026-05-05T11:29:39.089179Z,accepted,2026-05-05T11:30:37.352510Z,2026-05-05T11:41:31.442000Z,2026-05-05
FLW_43cfbf88,45TRS,2026-05-05T10:10:40.378590Z,accepted,2026-05-05T10:12:46.447122Z,2026-05-05T11:39:53.441000Z,2026-05-05
FLW_f05030d1,45TRS,2026-05-05T11:44:45.725689Z,accepted,2026-05-05T11:45:35.507124Z,2026-05-05T12:21:28.376000Z,2026-05-05
FLW_5b83532f,45TRS,2026-05-05T12:07:14.029239Z,accepted,2026-05-05T12:11:36.107923Z,2026-05-05T12:23:18.833000Z,2026-05-05
FLW_436a99ac,45TRS,2026-05-05T10:42:27.618301Z,accepted,2026-05-05T10:42:55.171005Z,2026-05-05T11:52:01.536000Z,2026-05-05
FLW_87f69eac,44TRS,2026-05-04T08:51:03.170133Z,accepted,2026-05-04T08:57:31.274295Z,2026-05-04T11:12:07.338000Z,2026-05-04
FLW_0dbcc61b,44TRS,2026-05-04T08:51:03.415196Z,accepted,2026-05-04T08:55:05.753228Z,2026-05-04T11:11:51.095000Z,2026-05-04
FLW_f30fbddc,44TRS,2026-05-04T08:51:03.310374Z,accepted,2026-05-04T08:54:00.708597Z,2026-05-04T11:11:58.453000Z,2026-05-04
FLW_6ca2edf1,44TRS,2026-05-04T08:51:03.350576Z,accepted,2026-05-04T08:54:48.158075Z,2026-05-04T11:11:53.630000Z,2026-05-04
FLW_2ab48ed6,44TRS,2026-05-04T08:51:03.382579Z,accepted,2026-05-04T08:53:55.955780Z,2026-05-04T11:08:56.551000Z,2026-05-04
FLW_6e2ef204,44TRS,2026-05-04T08:51:03.266516Z,accepted,2026-05-04T08:53:18.723877Z,2026-05-04T11:12:03.302000Z,2026-05-04
FLW_06e26323,44TRS,2026-05-04T08:51:03.228767Z,accepted,2026-05-04T08:56:41.471172Z,2026-05-04T11:11:54.200000Z,2026-05-04
FLW_bbb0e7ec,44TRS,2026-05-05T09:11:25.300335Z,accepted,2026-05-05T09:11:54.941894Z,2026-05-05T11:52:13.048000Z,2026-05-05
FLW_5380bd79,44TRS,2026-05-04T09:13:54.088621Z,accepted,2026-05-04T09:14:55.584167Z,2026-05-04T11:11:54.703000Z,2026-05-04
FLW_f67bd421,44TRS,2026-05-04T09:39:09.574243Z,accepted,2026-05-04T09:39:34.696611Z,2026-05-04T11:12:03.003000Z,2026-05-04
FLW_3345fce0,44TRS,2026-05-04T09:39:09.524919Z,accepted,2026-05-04T11:00:27.302648Z,2026-05-04T11:12:44.232000Z,2026-05-04
FLW_803a6028,44TRS,2026-05-04T09:53:58.538167Z,accepted,2026-05-04T09:54:50.513344Z,2026-05-04T11:14:29.606000Z,2026-05-04
FLW_f45260a5,44TRS,2026-05-04T10:31:09.777562Z,accepted,2026-05-04T10:39:45.581769Z,2026-05-04T11:18:15.529000Z,2026-05-04
FLW_b49b6cd3,44TRS,2026-05-04T11:09:05.165834Z,accepted,2026-05-04T11:12:50.875586Z,2026-05-04T11:26:16.428000Z,2026-05-04
FLW_142999c3,44TRS,2026-05-04T11:09:05.226764Z,accepted,2026-05-04T11:12:14.118842Z,2026-05-04T11:26:38.033000Z,2026-05-04
FLW_8198e984,46TRS,2026-05-06T10:46:08.366508Z,accepted,2026-05-06T10:47:27.094242Z,2026-05-06T12:20:16.364000Z,2026-05-06
FLW_b7ddc568,46TRS,2026-05-06T10:55:32.623617Z,accepted,2026-05-06T10:55:59.687668Z,2026-05-06T12:20:07.147000Z,2026-05-06
FLW_7fe5a3bc,46TRS,2026-05-06T11:09:44.770433Z,accepted,2026-05-06T11:10:10.163538Z,2026-05-06T12:30:50.716000Z,2026-05-06
FLW_cd6c40ad,46TRS,2026-05-06T10:53:24.620582Z,accepted,2026-05-06T10:54:37.040677Z,2026-05-06T12:20:23.350000Z,2026-05-06
FLW_5cc1d500,46TRS,2026-05-06T11:21:08.921810Z,accepted,2026-05-06T11:22:29.223959Z,2026-05-06T12:20:12.137000Z,2026-05-06
FLW_6326e31d,46TRS,2026-05-06T11:24:53.312505Z,accepted,2026-05-06T11:32:42.321862Z,2026-05-06T12:20:14.230000Z,2026-05-06
FLW_5b944136,46TRS,2026-05-06T08:17:35.351950Z,accepted,2026-05-06T08:19:03.985884Z,,
FLW_743f20ce,46TRS,2026-05-06T11:24:53.278125Z,accepted,2026-05-06T11:29:15.056110Z,2026-05-06T12:20:50.204000Z,2026-05-06
FLW_da3b5d72,46TRS,2026-05-06T08:27:56.846342Z,accepted,2026-05-06T08:29:13.691180Z,2026-05-06T12:24:28.387000Z,2026-05-06
FLW_644513fb,46TRS,2026-05-06T11:34:35.034719Z,accepted,2026-05-06T11:54:12.838493Z,2026-05-06T12:25:19.036000Z,2026-05-06
FLW_85bdacad,46TRS,2026-05-06T11:42:13.393098Z,accepted,2026-05-06T11:46:30.804133Z,2026-05-06T12:20:14.147000Z,2026-05-06
FLW_1836fbce,46TRS,2026-05-06T08:55:31.980912Z,accepted,2026-05-06T08:56:33.380866Z,2026-05-06T12:20:24.611000Z,2026-05-06
FLW_03045326,46TRS,2026-05-06T08:55:32.032460Z,accepted,2026-05-06T08:57:32.369897Z,2026-05-06T12:20:36.642000Z,2026-05-06
FLW_18fcf121,46TRS,2026-05-06T11:42:13.326074Z,accepted,2026-05-06T11:43:48.130494Z,2026-05-06T12:20:55.487000Z,2026-05-06
FLW_7f27eea0,46TRS,2026-05-06T08:56:12.479758Z,accepted,2026-05-06T08:58:31.689228Z,2026-05-06T12:23:18.199000Z,2026-05-06
FLW_fdd85602,46TRS,2026-05-06T11:42:13.362598Z,accepted,2026-05-06T11:45:04.803714Z,,
FLW_ff61627c,46TRS,2026-05-06T08:58:02.564108Z,accepted,,,
FLW_56938702,46TRS,2026-05-06T11:48:29.558543Z,accepted,2026-05-06T12:04:01.615811Z,2026-05-06T12:20:44.582000Z,2026-05-06
FLW_b48d24b5,46TRS,2026-05-06T09:30:59.009800Z,accepted,2026-05-06T09:32:05.644996Z,2026-05-06T12:24:34.206000Z,2026-05-06
FLW_59b47d95,46TRS,2026-05-06T12:07:25.855210Z,accepted,2026-05-06T12:09:06.746853Z,2026-05-06T12:21:45.451000Z,2026-05-06
FLW_3d5bec22,46TRS,2026-05-06T13:12:28.359564Z,accepted,2026-05-06T13:18:21.213292Z,2026-05-06T13:28:19.196000Z,2026-05-06
FLW_813127c2,46TRS,2026-05-06T10:04:58.696688Z,accepted,2026-05-06T10:09:54.793972Z,2026-05-06T12:21:49.625000Z,2026-05-06
FLW_f765fcf5,46TRS,2026-05-06T10:11:23.930315Z,accepted,2026-05-06T10:12:53.699013Z,2026-05-06T12:20:15.932000Z,2026-05-06
FLW_e825cff5,46TRS,2026-05-06T10:21:24.639897Z,accepted,2026-05-06T10:22:41.201267Z,2026-05-06T12:29:47.192000Z,2026-05-06
FLW_5a701fc6,46TRS,2026-05-06T10:23:11.582810Z,accepted,2026-05-06T10:24:59.310146Z,2026-05-06T12:20:40.112000Z,2026-05-06
FLW_9dada7df,46TRS,2026-05-06T10:37:50.909455Z,accepted,2026-05-06T10:47:04.021160Z,,
FLW_2b924411,47TRS,2026-05-07T10:41:18.017912Z,accepted,2026-05-07T10:42:05.071525Z,2026-05-07T11:29:07.968000Z,2026-05-07
FLW_9c3c685a,47TRS,2026-05-12T12:32:23.916041Z,accepted,2026-05-12T12:33:48.505852Z,2026-05-12T12:41:51.375000Z,2026-05-12
FLW_3b852f4b,47TRS,2026-05-07T09:57:40.405842Z,accepted,2026-05-07T09:57:55.301227Z,2026-05-07T11:27:40.582000Z,2026-05-07
FLW_a07359f7,47TRS,2026-05-07T10:19:44.839098Z,accepted,2026-05-07T10:20:18.786373Z,2026-05-07T11:26:37.213000Z,2026-05-07
FLW_19a29f31,47TRS,2026-05-07T10:19:44.899385Z,accepted,2026-05-07T10:20:21.443861Z,2026-05-07T11:26:44.917000Z,2026-05-07
FLW_8d66e82d,47TRS,2026-05-07T10:19:44.805465Z,accepted,2026-05-07T10:20:55.920508Z,2026-05-07T11:30:58.746000Z,2026-05-07
FLW_fe2e3ba4,47TRS,2026-05-07T10:19:44.869625Z,accepted,2026-05-07T10:22:09.675448Z,2026-05-07T11:27:33.976000Z,2026-05-07
FLW_881f0329,47TRS,2026-05-07T10:19:44.748022Z,accepted,2026-05-07T10:53:08.672576Z,2026-05-07T11:29:30.039000Z,2026-05-07
FLW_57c86922,47TRS,2026-05-07T10:26:54.089520Z,accepted,2026-05-07T10:28:47.578323Z,2026-05-07T11:27:53.661000Z,2026-05-07
FLW_6806bf22,47TRS,2026-05-07T10:33:53.078764Z,accepted,2026-05-07T10:34:08.344592Z,2026-05-07T11:29:01.100000Z,2026-05-07
FLW_14c7e5ea,47TRS,2026-05-07T10:25:05.722956Z,accepted,2026-05-07T10:26:32.682927Z,2026-05-07T11:40:00.883000Z,2026-05-07
FLW_a22f4d72,47TRS,2026-05-07T10:37:34.857293Z,accepted,2026-05-07T10:38:49.818347Z,2026-05-07T11:26:30.525000Z,2026-05-07
FLW_0b8154d7,47TRS,2026-05-07T10:38:22.712334Z,accepted,2026-05-07T10:39:00.730369Z,2026-05-07T11:29:29.571000Z,2026-05-07
FLW_f79a32c9,47TRS,2026-05-07T10:39:39.009540Z,accepted,2026-05-07T10:40:07.136844Z,2026-05-07T11:27:02.963000Z,2026-05-07
FLW_3921788d,47TRS,2026-05-07T10:57:36.594932Z,accepted,2026-05-07T10:58:24.325158Z,2026-05-07T11:27:11.541000Z,2026-05-07
FLW_87b4d9fa,47TRS,2026-05-07T10:58:16.036335Z,accepted,2026-05-07T10:58:52.483876Z,2026-05-07T11:26:56.401000Z,2026-05-07
FLW_97d8735d,47TRS,2026-05-07T11:00:34.541606Z,accepted,2026-05-07T11:19:15.369189Z,2026-05-07T11:35:10.330000Z,2026-05-07
FLW_a47f309e,47TRS,2026-05-07T11:00:34.508933Z,accepted,2026-05-07T11:00:58.521511Z,2026-05-07T11:30:40.310000Z,2026-05-07
FLW_c33f7d81,47TRS,2026-05-07T11:01:38.981248Z,accepted,2026-05-07T11:03:38.734541Z,2026-05-07T11:29:18.257000Z,2026-05-07
FLW_4ae14ed8,47TRS,2026-05-07T11:07:20.004571Z,accepted,2026-05-07T11:07:44.164439Z,2026-05-07T11:27:41.142000Z,2026-05-07
FLW_79ff252b,47TRS,2026-05-07T11:16:57.080945Z,accepted,2026-05-07T11:18:59.104254Z,2026-05-07T11:29:24.219000Z,2026-05-07
FLW_5f317649,47TRS,2026-05-07T11:16:57.049546Z,accepted,2026-05-07T11:21:43.745157Z,2026-05-07T11:31:15.032000Z,2026-05-07
FLW_5fcda91a,47TRS,2026-05-07T10:25:05.687638Z,accepted,2026-05-07T11:14:11.901748Z,2026-05-07T11:29:53.195000Z,2026-05-07
FLW_88614c75,47TRS,2026-05-07T11:23:06.052361Z,accepted,2026-05-07T11:24:38.877236Z,2026-05-07T11:35:22.653000Z,2026-05-07
FLW_19123cd9,47TRS,2026-05-07T11:29:47.355583Z,accepted,2026-05-07T11:30:34.577133Z,2026-05-07T12:07:18.867000Z,2026-05-07
FLW_edebfc14,47TRS,2026-05-07T11:33:46.442374Z,accepted,2026-05-07T11:34:14.122345Z,2026-05-07T11:39:35.429000Z,2026-05-07
FLW_6d4ea084,47TRS,2026-05-07T11:38:46.346076Z,accepted,2026-05-07T11:39:14.496594Z,2026-05-07T11:49:38.036000Z,2026-05-07
FLW_00838e2d,47TRS,2026-05-07T11:43:01.336604Z,accepted,2026-05-07T11:57:15.672595Z,2026-05-07T12:10:34.360000Z,2026-05-07
FLW_584f70b4,47TRS,2026-05-07T11:55:33.844266Z,accepted,2026-05-07T11:56:14.701169Z,2026-05-07T12:28:13.532000Z,2026-05-07
FLW_7fc347d7,47TRS,2026-05-07T12:28:50.255303Z,accepted,2026-05-07T12:29:32.513208Z,2026-05-07T12:35:01.726000Z,2026-05-07
FLW_561aa0df,47TRS,2026-05-07T11:53:55.520906Z,accepted,2026-05-07T11:54:31.880880Z,2026-05-07T12:02:52.787000Z,2026-05-07
FLW_c65811a2,48TRS,2026-05-08T10:12:06.731904Z,accepted,2026-05-08T10:12:54.072946Z,2026-05-08T13:25:09.189000Z,2026-05-08
FLW_132bc4bf,48TRS,2026-05-08T10:12:07.092842Z,accepted,2026-05-08T10:15:11.372244Z,2026-05-08T13:26:35.453000Z,2026-05-08
FLW_c4c0af27,48TRS,2026-05-08T10:12:07.023760Z,accepted,2026-05-08T10:15:34.142341Z,2026-05-08T13:26:18.673000Z,2026-05-08
FLW_81f12db4,48TRS,2026-05-08T10:12:06.841525Z,accepted,2026-05-08T10:18:07.252060Z,2026-05-08T13:25:00.171000Z,2026-05-08
FLW_9e806faa,48TRS,2026-05-08T10:12:06.782352Z,accepted,2026-05-08T10:21:44.867637Z,2026-05-08T13:25:01.919000Z,2026-05-08
FLW_6c708882,48TRS,2026-05-08T10:12:06.871217Z,accepted,2026-05-08T10:31:03.982893Z,2026-05-08T13:24:45.372000Z,2026-05-08
FLW_88f465ec,48TRS,2026-05-08T10:12:06.812079Z,accepted,2026-05-08T10:31:43.558077Z,2026-05-08T13:25:01.439000Z,2026-05-08
FLW_c4f690b8,48TRS,2026-05-08T10:12:06.961901Z,accepted,2026-05-08T10:39:45.909499Z,2026-05-08T13:24:57.085000Z,2026-05-08
FLW_72833608,48TRS,2026-05-08T10:12:07.054085Z,accepted,2026-05-08T10:41:44.074482Z,2026-05-08T13:25:10.821000Z,2026-05-08
FLW_1a72e723,48TRS,2026-05-08T10:12:06.991352Z,accepted,2026-05-08T10:48:06.707030Z,2026-05-08T13:24:52.174000Z,2026-05-08
FLW_20a6a003,48TRS,2026-05-08T10:12:06.932444Z,accepted,2026-05-08T10:49:42.077313Z,2026-05-08T13:24:55.557000Z,2026-05-08
FLW_7f93b8af,48TRS,2026-05-08T10:12:06.902667Z,accepted,2026-05-08T13:16:16.776045Z,2026-05-08T13:25:33.594000Z,2026-05-08
FLW_8b2c4d8e,48TRS,2026-05-08T10:16:01.986875Z,accepted,2026-05-08T10:16:29.479407Z,2026-05-08T13:25:11.583000Z,2026-05-08
FLW_9ce0a6e8,48TRS,2026-05-08T10:26:03.109353Z,accepted,2026-05-08T10:26:45.248212Z,2026-05-08T13:25:01.254000Z,2026-05-08
FLW_f6370d40,48TRS,2026-05-08T10:28:48.344102Z,accepted,2026-05-08T10:29:05.901850Z,2026-05-08T13:26:31.701000Z,2026-05-08
FLW_5ba8a162,48TRS,2026-05-08T10:31:47.869855Z,accepted,2026-05-08T10:33:43.458792Z,2026-05-08T13:25:03.349000Z,2026-05-08
FLW_24694082,48TRS,2026-05-08T10:32:44.301372Z,accepted,2026-05-08T10:33:49.282010Z,2026-05-08T13:27:43.506000Z,2026-05-08
FLW_2a5f8fce,48TRS,2026-05-08T10:40:01.882457Z,accepted,2026-05-08T10:46:14.606216Z,2026-05-08T13:25:56.137000Z,2026-05-08
FLW_849708c8,48TRS,2026-05-08T10:49:06.228139Z,accepted,2026-05-08T10:49:52.808772Z,2026-05-08T13:27:30.393000Z,2026-05-08
FLW_550b4b4c,48TRS,2026-05-08T10:54:17.934844Z,accepted,2026-05-08T10:54:53.143450Z,2026-05-08T13:33:47.774000Z,2026-05-08
FLW_2c90c973,2ABT2CB1,2026-05-07T22:27:42.070813Z,accepted,2026-05-08T05:14:28.145960Z,2026-05-08T05:18:41.171000Z,2026-05-08
FLW_ab1b5a6d,2ABT2CB1,2026-05-07T22:27:41.397663Z,accepted,2026-05-08T07:15:37.994934Z,2026-05-08T07:29:58.795000Z,2026-05-08
FLW_2b90032b,2ABT2CB1,2026-05-07T22:27:41.758827Z,accepted,2026-05-08T01:37:49.027149Z,2026-05-08T07:23:22.910000Z,2026-05-08
FLW_178faaca,2ABT2CB1,2026-05-07T22:27:42.279866Z,accepted,2026-05-08T10:54:26.045317Z,2026-05-08T10:59:56.661000Z,2026-05-08
FLW_d2cd94a8,2ABT2CB1,2026-05-07T22:27:41.840465Z,accepted,2026-05-08T11:07:04.822964Z,2026-05-08T13:10:53.048000Z,2026-05-08
FLW_77eb4dea,2ABT2CB1,2026-05-07T22:27:41.364293Z,accepted,2026-06-01T18:49:12.780847Z,,
FLW_1da29649,2ABT2CB1,2026-05-07T22:27:41.562172Z,accepted,2026-05-08T09:06:18.019129Z,2026-05-08T09:14:47.670000Z,2026-05-08
FLW_4bcfd1c0,2ABT2CB1,2026-05-07T22:27:41.193728Z,accepted,2026-05-14T12:15:50.668124Z,,
FLW_7b3db8a6,2ABT2CB1,2026-05-07T22:27:41.137495Z,accepted,2026-05-15T10:28:19.189711Z,,
FLW_f1ba4469,2ABT2CB1,2026-05-07T22:27:41.673743Z,accepted,2026-05-11T04:04:26.088755Z,,
FLW_8f6a54b8,2ABT2CB1,2026-05-07T22:27:41.812484Z,accepted,2026-05-11T07:41:17.863638Z,,
FLW_6b1c440a,2ABT2CB1,2026-05-07T22:27:42.108627Z,accepted,2026-05-13T23:26:49.243410Z,2026-05-13T23:33:47.759000Z,2026-05-13
FLW_18de0524,2ABT2CB1,2026-05-07T22:27:42.443407Z,accepted,2026-05-08T20:16:39.348735Z,2026-05-08T20:33:37.656000Z,2026-05-08
FLW_2348240e,2ABT2CB1,2026-05-07T22:27:41.022622Z,accepted,2026-05-07T22:28:30.786041Z,2026-05-07T22:38:46.314000Z,2026-05-08
FLW_09b3006a,2ABT2CB1,2026-05-07T22:27:41.506931Z,accepted,2026-05-07T22:28:57.778403Z,2026-05-07T22:42:23.338000Z,2026-05-08
FLW_3828edd9,2ABT2CB1,2026-05-07T22:27:41.954484Z,accepted,2026-05-07T22:30:05.888127Z,2026-05-08T16:40:23.961000Z,2026-05-08
FLW_6eca3d07,2ABT2CB1,2026-05-07T22:27:41.249299Z,accepted,2026-05-07T22:30:06.972608Z,2026-05-07T22:36:46.386000Z,2026-05-08
FLW_ea230fd5,2ABT2CB1,2026-05-07T22:27:41.276030Z,accepted,2026-05-08T11:49:48.878472Z,2026-05-09T22:33:04.025000Z,2026-05-11
FLW_9bb6b86e,2ABT2CB1,2026-05-07T22:27:41.079733Z,accepted,2026-05-07T22:56:39.236142Z,2026-05-07T23:27:32.070000Z,2026-05-08
FLW_18c0502a,2ABT2CB1,2026-05-07T22:27:41.535375Z,accepted,2026-05-08T02:10:58.010156Z,2026-05-08T02:20:26.295000Z,2026-05-08
FLW_4277b4af,2ABT2CB1,2026-05-07T22:27:41.868081Z,accepted,2026-05-08T08:50:30.215076Z,2026-05-09T13:54:11.497000Z,2026-05-09
FLW_5a343771,2ABT2CB1,2026-05-07T22:27:41.221840Z,accepted,2026-05-08T15:05:34.849830Z,2026-06-01T12:17:55.951000Z,2026-06-01
FLW_ec17a0c3,2ABT2CB1,2026-05-07T22:27:41.453174Z,accepted,2026-05-08T10:12:43.307650Z,2026-05-08T19:56:28.542000Z,2026-05-08
FLW_6ffebd59,2ABT2CB1,2026-05-07T22:27:41.303572Z,accepted,2026-05-08T15:21:19.619718Z,2026-05-08T15:31:55.328000Z,2026-05-08
FLW_a0149218,2ABT2CB1,2026-05-07T22:27:42.145757Z,accepted,2026-05-08T07:29:04.630104Z,2026-05-08T09:46:50.494000Z,2026-05-08
FLW_91061dbb,2ABT2CB1,2026-05-07T22:27:41.479648Z,accepted,2026-05-08T13:34:56.287611Z,2026-05-08T18:53:35.625000Z,2026-05-08
FLW_873152f2,2ABT2CB1,2026-05-07T22:27:41.730452Z,accepted,2026-05-08T09:05:20.866972Z,2026-05-08T09:15:40.832000Z,2026-05-08
FLW_c3a0922e,2ABT2CB1,2026-05-07T22:27:41.898234Z,accepted,2026-05-08T16:09:24.559200Z,2026-05-08T16:18:25.836000Z,2026-05-08
FLW_3c2886de,2ABT2CB1,2026-05-07T22:27:41.784893Z,accepted,2026-05-08T05:37:39.468363Z,2026-05-08T05:36:10.910000Z,2026-05-08
FLW_1dcc47c4,2ABT2CB1,2026-05-07T22:27:40.905928Z,accepted,2026-05-08T09:32:48.217684Z,2026-05-08T09:41:09.146000Z,2026-05-08
FLW_18a574fd,2ABT2CB1,2026-05-07T22:27:41.331731Z,accepted,2026-05-08T07:37:24.316354Z,2026-05-08T07:38:02.805000Z,2026-05-08
FLW_ca1e2956,2ABT2CB1,2026-05-07T22:27:41.165959Z,accepted,2026-05-08T06:43:16.173664Z,2026-05-08T06:50:55.018000Z,2026-05-08
FLW_7ffe230d,2ABT2CB1,2026-05-07T22:27:41.052306Z,accepted,2026-05-08T04:56:11.794166Z,2026-05-08T05:00:53.908000Z,2026-05-08
FLW_f02666a1,2ABT2CB1,2026-05-07T22:27:42.211299Z,accepted,2026-05-08T06:22:37.870549Z,2026-05-08T06:38:53.874000Z,2026-05-08
FLW_a726cbc2,2ABT2CB1,2026-05-07T22:27:41.981470Z,accepted,2026-05-08T08:21:36.943933Z,2026-05-08T08:30:35.158000Z,2026-05-08
FLW_d67dafe8,2ABT2CB1,2026-05-07T22:27:41.617802Z,accepted,2026-05-08T09:25:29.206111Z,2026-05-09T09:37:28.013000Z,2026-05-09
FLW_75f0384d,2ABT2CB1,2026-05-07T22:27:41.108541Z,accepted,2026-05-08T16:35:52.924747Z,2026-05-09T11:51:11.647000Z,2026-05-09
FLW_931410b0,2ABT2CB1,2026-05-07T22:27:42.604264Z,sms_delivered,,,
FLW_012bbe13,2ABT2CB1,2026-05-07T22:27:42.659673Z,sms_delivered,,,
FLW_256276fc,2ABT2CB1,2026-05-07T22:27:42.713535Z,sms_delivered,,,
FLW_60582c12,2ABT2CB1,2026-05-07T22:27:42.793542Z,accepted,2026-05-07T22:29:11.155554Z,2026-05-07T22:36:41.728000Z,2026-05-09
FLW_1058ff63,2ABT2CB1,2026-05-07T22:27:42.687392Z,accepted,2026-05-07T22:36:59.963646Z,2026-05-08T08:33:47.953000Z,2026-05-08
FLW_173cf6bf,2ABT2CB1,2026-05-07T22:27:42.820768Z,accepted,2026-05-09T11:03:26.120218Z,2026-05-09T19:46:26.527000Z,2026-05-09
FLW_04638569,2ABT2CB1,2026-05-07T22:27:42.524068Z,accepted,2026-05-07T22:42:32.330208Z,2026-05-09T13:52:58.838000Z,2026-05-09
FLW_d531f494,2ABT2CB1,2026-05-07T22:27:42.307374Z,accepted,2026-05-09T12:00:22.224106Z,,
FLW_0ed829c6,2ABT2CB1,2026-05-07T22:27:42.390871Z,accepted,2026-05-08T06:47:31.062210Z,2026-05-19T15:51:47.649000Z,2026-05-19
FLW_b229fe27,2ABT2CB1,2026-05-07T22:27:42.741229Z,accepted,2026-05-09T12:20:37.751433Z,2026-05-09T14:35:14.201000Z,2026-05-14
FLW_d9c3f63a,2ABT2CB1,2026-05-07T22:27:42.632746Z,accepted,2026-06-30T18:07:17.479900Z,,
FLW_205282df,2ABT2CB1,2026-05-07T22:27:42.550381Z,accepted,2026-05-11T20:42:21.898217Z,2026-06-01T19:56:38.722000Z,2026-06-14
FLW_8b806aeb,2ABT2CB1,2026-05-07T22:27:42.767335Z,sms_delivered,,2026-05-08T09:55:13.227000Z,2026-05-08
FLW_35825d23,2ABT2CB1,2026-05-07T22:27:42.577615Z,accepted,2026-06-21T19:13:55.156773Z,,
FLW_3ef36e74,2ABT2CB1,2026-05-07T22:27:42.471476Z,accepted,2026-05-08T19:11:26.004893Z,2026-05-08T19:22:03.266000Z,2026-05-08
FLW_fd4e034e,2ABT2CB1,2026-05-07T22:27:42.417352Z,accepted,2026-06-11T22:04:39.249249Z,,
FLW_b247626c,2ABT2CB1,2026-05-07T22:27:42.334898Z,accepted,2026-05-08T07:14:13.977140Z,2026-05-08T07:46:15.380000Z,2026-05-08
FLW_97b25d75,2ABT2CB1,2026-05-07T22:27:42.497670Z,accepted,2026-05-08T08:20:42.342530Z,2026-05-08T20:52:50.695000Z,2026-05-08
FLW_e631c605,2ABT2CB1,2026-05-07T22:27:42.362433Z,accepted,2026-05-08T16:52:06.210602Z,2026-05-08T17:17:04.939000Z,2026-05-08
FLW_d1cc70ad,2ABT2CB1,2026-05-07T22:27:41.701628Z,accepted,2026-05-08T05:21:48.971314Z,2026-05-08T05:45:35.430000Z,2026-05-08
FLW_3d8cb006,2ABT2CB1,2026-05-07T22:27:42.176878Z,accepted,2026-05-08T07:17:58.540035Z,2026-05-08T07:35:20.089000Z,2026-05-08
FLW_efa86ab7,2ABT2CB1,2026-05-07T22:27:40.955044Z,accepted,2026-05-07T22:28:16.857113Z,2026-05-09T10:35:18.795000Z,2026-05-09
FLW_a7031a5e,2ABT2CB1,2026-05-07T22:27:41.645231Z,accepted,2026-05-08T05:59:30.992813Z,2026-05-08T09:22:26.711000Z,2026-05-08
FLW_608b35cd,2ABT2CB1,2026-05-07T22:27:40.985594Z,accepted,2026-05-07T23:29:00.213000Z,2026-05-07T23:47:48.036000Z,2026-05-08
FLW_13ba66a7,2ABT2CB1,2026-05-07T22:27:42.037598Z,accepted,2026-05-08T07:43:17.814143Z,2026-05-08T07:49:35.488000Z,2026-05-10
FLW_4a51f62f,2ABT2CB1,2026-05-07T22:27:41.926154Z,accepted,2026-05-07T22:28:46.347022Z,2026-05-07T23:00:32.929000Z,2026-05-08
FLW_652cba89,2ABT2CB1,2026-05-07T22:27:41.589686Z,accepted,2026-05-08T07:53:03.759107Z,2026-05-08T16:46:13.144000Z,2026-05-08
FLW_1e9c0fa9,2ABT2CB1,2026-05-07T22:27:42.246284Z,accepted,2026-05-08T08:43:06.921591Z,,
FLW_75422923,2ABT2CB1,2026-05-07T22:27:41.425374Z,accepted,2026-05-07T22:42:10.119142Z,2026-05-07T22:49:11.784000Z,2026-05-08
FLW_74eb66b6,2ABT2EA1,2026-05-08T10:20:34.867066Z,accepted,2026-05-09T08:45:22.258854Z,2026-05-09T12:08:59.878000Z,2026-05-09
FLW_255fa592,2ABT2EA1,2026-05-08T10:20:35.379985Z,accepted,2026-05-14T12:43:48.228127Z,,
FLW_26bd1918,2ABT2EA1,2026-05-08T10:20:34.893688Z,accepted,2026-05-15T09:38:19.570169Z,2026-05-26T11:28:03.194000Z,2026-05-26
FLW_9dcc10f9,2ABT2EA1,2026-05-08T10:20:34.831231Z,accepted,2026-05-11T20:24:55.971437Z,2026-05-15T20:51:11.720000Z,2026-05-15
FLW_502b4e31,2ABT2EA1,2026-05-08T10:20:34.922041Z,accepted,2026-05-09T11:22:31.296658Z,2026-05-09T19:31:22.486000Z,2026-05-09
FLW_fd220ad7,2ABT2EA1,2026-05-08T10:20:34.731146Z,accepted,2026-05-08T11:12:29.115708Z,2026-05-08T11:24:21.143000Z,2026-05-08
FLW_301885c0,2ABT2EA1,2026-05-08T10:20:35.352355Z,accepted,2026-05-09T12:33:55.610134Z,2026-05-11T08:43:37.945000Z,2026-05-11
FLW_8ab6fc31,2ABT2EA1,2026-05-08T10:20:35.095716Z,accepted,2026-05-12T12:41:55.692202Z,,
FLW_3005d1c3,2ABT2EA1,2026-05-14T08:16:31.906905Z,accepted,2026-05-14T11:45:20.836403Z,2026-05-14T12:22:54.564000Z,2026-05-14
FLW_79e0f668,2ABT2EA1,2026-05-14T15:27:37.383314Z,accepted,,,
FLW_47ea1265,2ABT2EA1,2026-05-15T12:03:11.550935Z,accepted,2026-05-15T12:05:34.032243Z,2026-05-15T12:12:22.254000Z,2026-05-15
FLW_4cfdaffb,2ABT2EA1,2026-05-08T10:20:35.127174Z,accepted,2026-05-09T17:10:50.595178Z,2026-05-09T17:25:51.094000Z,2026-05-09
FLW_1e97efe2,2ABT2EA1,2026-05-08T10:20:34.791135Z,accepted,2026-05-09T04:33:23.317803Z,2026-05-12T08:13:31.600000Z,2026-05-12
FLW_c11bda03,2ABT2EA1,2026-05-08T10:20:34.643268Z,accepted,2026-05-08T12:57:08.976550Z,2026-05-08T16:56:54.600000Z,2026-05-08
FLW_1e0438af,2ABT2EA1,2026-05-08T10:20:34.977675Z,accepted,2026-05-08T10:27:37.911821Z,2026-05-08T10:42:30.716000Z,2026-05-11
FLW_37e7d184,2ABT2EA1,2026-05-08T10:20:35.212433Z,accepted,2026-05-08T10:42:19.536430Z,2026-05-08T10:54:50.162000Z,2026-05-08
FLW_642a0652,2ABT2EA1,2026-05-08T10:20:34.673681Z,accepted,2026-05-08T10:55:53.764633Z,2026-05-08T17:34:30.271000Z,2026-05-08
FLW_b900c041,2ABT2EA1,2026-05-08T10:20:35.297604Z,accepted,2026-05-08T11:04:19.828956Z,2026-05-08T12:04:24.135000Z,2026-05-08
FLW_a5eda77e,2ABT2EA1,2026-05-08T10:20:35.183742Z,accepted,2026-05-11T08:38:06.372420Z,,
FLW_a1e6a164,2ABT2EA1,2026-05-08T10:20:35.006785Z,accepted,2026-05-08T14:29:54.317178Z,2026-05-08T16:18:00.051000Z,2026-05-08
FLW_81068640,2ABT2EA1,2026-05-08T10:20:35.240021Z,accepted,2026-05-11T08:44:02.225300Z,,
FLW_4b077c2a,2ABT2EA1,2026-05-08T10:20:35.268552Z,accepted,2026-05-08T17:21:49.600107Z,2026-05-12T13:15:22.757000Z,2026-05-12
FLW_e1c8e0e7,2ABT2EA1,2026-05-08T10:20:34.610104Z,accepted,2026-05-14T15:31:21.954181Z,2026-05-14T16:48:46.759000Z,2026-05-14
FLW_77b7419d,2ABT2EA1,2026-05-08T10:20:35.038022Z,accepted,2026-05-08T18:33:13.568292Z,2026-05-08T18:38:14.868000Z,2026-05-08
FLW_5ccc828e,2ABT2EA1,2026-05-08T10:20:35.155187Z,accepted,2026-05-13T18:05:44.153293Z,2026-05-13T19:15:12.609000Z,2026-05-13
FLW_be78e1db,2ABT2EA1,2026-05-08T10:20:34.949718Z,accepted,2026-05-12T11:06:46.953658Z,2026-05-12T11:18:31.843000Z,2026-05-12
FLW_a92d1bfc,2ABT2EA1,2026-05-08T10:20:34.704596Z,accepted,2026-05-14T13:47:29.297889Z,,
FLW_8c09b63c,2ABT2EA1,2026-05-08T10:24:05.688723Z,accepted,2026-05-08T13:41:18.215411Z,2026-05-08T14:17:55.598000Z,2026-05-08
FLW_cd3574a4,2ABT2EA1,2026-05-08T10:24:05.436509Z,accepted,2026-05-12T13:21:43.801045Z,2026-05-12T13:36:54.682000Z,2026-05-12
FLW_8b89b797,2ABT2EA1,2026-05-08T10:24:05.601142Z,accepted,2026-05-09T05:29:17.838785Z,2026-05-09T05:40:19.974000Z,2026-05-09
FLW_617e3aab,2ABT2EA1,2026-05-08T10:24:05.479304Z,accepted,2026-05-08T11:10:54.679715Z,2026-05-08T21:45:55.780000Z,2026-05-14
FLW_946aa223,2ABT2EA1,2026-05-08T10:24:05.801850Z,accepted,2026-05-08T11:30:19.395560Z,2026-05-08T11:50:49.484000Z,2026-05-09
FLW_55f57e00,2ABT2EA1,2026-05-08T10:24:05.287558Z,accepted,2026-05-08T11:47:08.794265Z,2026-05-08T12:03:33.191000Z,2026-05-08
FLW_d0741399,2ABT2EA1,2026-05-08T10:24:05.317139Z,accepted,2026-05-09T05:48:50.130501Z,2026-05-12T14:53:49.322000Z,2026-05-12
FLW_4041a450,2ABT2EA1,2026-05-08T10:24:05.829952Z,accepted,2026-05-09T06:00:02.425288Z,2026-05-11T07:18:00.580000Z,2026-05-11
FLW_a04e4bbe,2ABT2EA1,2026-05-08T10:24:05.573644Z,accepted,2026-05-12T09:27:56.297578Z,2026-05-12T09:37:01.516000Z,2026-05-12
FLW_4979e068,2ABT2EA1,2026-05-08T10:24:05.717585Z,accepted,2026-05-08T10:42:05.761797Z,2026-05-08T10:59:29.551000Z,2026-05-09
FLW_9ee153ae,2ABT2EA1,2026-05-08T10:24:05.631133Z,accepted,2026-05-08T18:20:42.987367Z,2026-05-14T14:57:32.064000Z,2026-05-14
FLW_1f84f561,2ABT2EA1,2026-05-08T10:24:05.517130Z,accepted,2026-05-09T16:20:57.713367Z,2026-05-09T16:31:37.722000Z,2026-05-09
FLW_74b63c98,2ABT2EA1,2026-05-08T10:24:05.857469Z,accepted,2026-05-10T15:15:59.051964Z,2026-05-13T15:49:08.630000Z,2026-05-13
FLW_e2f7fc9c,2ABT2EA1,2026-05-08T10:24:05.349243Z,accepted,2026-05-12T10:47:19.241355Z,,
FLW_2d0bdeaf,2ABT2EA1,2026-05-08T10:24:05.773715Z,accepted,2026-05-10T18:50:27.066237Z,2026-05-15T12:51:22.503000Z,2026-05-15
FLW_1d06b6f7,2ABT2EA1,2026-05-08T10:24:05.408208Z,accepted,2026-05-08T20:09:55.000818Z,2026-05-08T20:28:07.378000Z,2026-05-08
FLW_30d84c9b,2ABT2EA1,2026-05-08T10:24:05.241115Z,accepted,2026-05-09T18:58:52.901155Z,,
FLW_6e5cc4c8,2ABT2EA1,2026-05-08T10:24:05.545502Z,accepted,2026-07-09T23:46:05.178593Z,,
FLW_63803745,2ABT2CB2,2026-05-11T09:59:32.488567Z,accepted,2026-05-12T07:03:05.518530Z,2026-05-12T07:09:36.710000Z,2026-05-12
FLW_85370bed,2ABT2CB2,2026-05-11T09:59:32.637876Z,accepted,2026-05-11T18:03:25.211850Z,2026-05-11T19:38:53.862000Z,2026-05-11
FLW_20678b06,2ABT2CB2,2026-05-11T09:59:32.604734Z,accepted,2026-05-11T10:20:14.566224Z,2026-05-11T10:31:53.348000Z,2026-05-11
FLW_37e07c6a,2ABT2CB2,2026-05-11T09:59:32.783552Z,accepted,2026-05-11T15:50:45.451188Z,2026-05-11T16:03:23.628000Z,2026-05-11
FLW_c276c9c0,2ABT2CB2,2026-05-11T09:59:32.810834Z,accepted,2026-05-11T10:48:16.101175Z,2026-05-11T11:13:50.744000Z,2026-05-11
FLW_f40a39c5,2ABT2CB2,2026-05-11T09:59:32.921096Z,accepted,2026-05-11T18:05:05.062507Z,2026-05-13T09:41:44.316000Z,2026-05-13
FLW_c728f7b6,2ABT2CB2,2026-05-11T09:59:32.696598Z,accepted,2026-05-11T10:52:54.286626Z,2026-05-11T11:54:44.222000Z,2026-05-11
FLW_611ae857,2ABT2CB2,2026-05-11T09:59:32.867070Z,accepted,2026-05-11T11:28:43.021747Z,2026-05-11T12:05:20.091000Z,2026-05-11
FLW_1a0b2a93,2ABT2CB2,2026-05-11T09:59:32.725681Z,accepted,2026-05-11T11:50:39.064168Z,2026-05-11T12:28:58.685000Z,2026-05-12
FLW_af56bee8,2ABT2CB2,2026-05-11T09:59:32.975060Z,accepted,2026-05-11T13:04:52.170186Z,2026-05-11T13:24:29.893000Z,2026-05-11
FLW_af441674,2ABT2CB2,2026-05-11T09:59:32.839046Z,accepted,2026-05-11T13:25:26.514332Z,2026-05-11T13:35:20.065000Z,2026-05-11
FLW_355c006f,2ABT2CB2,2026-05-11T09:59:32.893530Z,accepted,2026-05-11T13:38:26.630159Z,2026-05-11T13:43:05.068000Z,2026-05-11
FLW_a21b809a,2ABT2CB2,2026-05-11T09:59:32.755516Z,accepted,2026-05-11T19:48:27.835107Z,2026-05-18T20:16:46.179000Z,2026-05-18
FLW_a7062d23,2ABT2CB2,2026-05-11T09:59:33.037037Z,accepted,2026-05-11T16:12:51.109703Z,2026-05-11T22:09:14.401000Z,2026-05-11
FLW_daecb508,2ABT2CB2,2026-05-11T09:59:33.095578Z,accepted,2026-05-11T21:13:04.090686Z,2026-05-11T21:28:18.400000Z,2026-05-11
FLW_2fead802,2ABT2CB2,2026-05-11T09:59:33.065565Z,accepted,2026-05-13T15:11:38.237361Z,2026-05-13T15:17:43.659000Z,2026-05-13
FLW_7d7e1d82,2ABT2CB2,2026-05-11T09:59:33.156895Z,accepted,2026-05-11T11:08:54.812543Z,2026-05-11T11:21:43.957000Z,2026-05-11
FLW_004310c6,2ABT2CB2,2026-05-11T09:59:33.123750Z,accepted,2026-05-13T16:34:34.652330Z,2026-05-13T16:40:44.448000Z,2026-05-13
FLW_9f1ddd7f,2ABT2CB2,2026-05-11T09:59:33.262885Z,accepted,2026-05-11T12:08:22.601910Z,2026-05-11T12:15:44.874000Z,2026-05-11
FLW_92b5507d,2ABT2CB2,2026-05-11T09:59:33.318389Z,accepted,2026-05-11T13:06:45.255096Z,2026-05-11T13:26:17.402000Z,2026-05-11
FLW_6c0d2dd5,2ABT2CB2,2026-05-11T09:59:33.348422Z,accepted,2026-05-11T14:33:14.948065Z,2026-05-11T14:41:16.243000Z,2026-05-11
FLW_00ec5ac0,2ABT2CB2,2026-05-11T09:59:33.404273Z,accepted,2026-07-11T22:25:50.237549Z,,
FLW_2629a8c0,2ABT2CB2,2026-05-11T09:59:33.431858Z,accepted,2026-05-12T09:54:47.429765Z,2026-05-12T11:28:28.527000Z,2026-05-12
FLW_3e2375c2,2ABT2CB2,2026-05-11T09:59:33.210346Z,accepted,2026-05-11T10:00:18.733086Z,2026-05-11T10:05:48.905000Z,2026-05-11
FLW_8297ec1a,2ABT2CB2,2026-05-11T09:59:33.002468Z,accepted,2026-05-11T10:01:02.182977Z,2026-05-11T10:17:12.663000Z,2026-05-11
FLW_c773011d,2ABT2CB2,2026-05-11T09:59:32.569960Z,accepted,2026-05-11T10:05:46.899283Z,2026-05-11T13:35:10.936000Z,2026-05-11
FLW_19a690ec,2ABT2CB2,2026-05-26T08:40:41.215731Z,accepted,,,
FLW_3c575494,2ABT2CB2,2026-05-11T09:59:33.237073Z,accepted,2026-05-11T10:03:25.263657Z,2026-05-11T10:12:02.532000Z,2026-05-11
FLW_f39d2ace,2ABT2CB2,2026-05-26T08:26:54.320614Z,accepted,,,
FLW_4908a005,2ABT2CB2,2026-05-11T09:59:33.183485Z,accepted,2026-05-11T11:11:46.548802Z,2026-05-11T11:24:52.447000Z,2026-05-11
FLW_5b17e134,2ABT2CB2,2026-05-11T09:59:32.947818Z,accepted,2026-05-11T12:13:50.475905Z,2026-05-11T12:34:28.661000Z,2026-05-11
FLW_caa7f9e0,2ABT2CB2,2026-05-11T13:19:31.235331Z,accepted,2026-05-12T07:18:35.332227Z,2026-05-12T07:25:33.990000Z,2026-05-12
FLW_2e2f9fa2,2ABT2CB2,2026-05-11T09:59:32.668555Z,accepted,2026-05-12T07:31:07.267053Z,2026-05-15T11:47:45.878000Z,2026-05-15
FLW_b084405e,2ABT2CB2,2026-05-11T13:19:30.853687Z,accepted,2026-05-11T16:41:32.443643Z,2026-05-11T16:54:21.303000Z,2026-05-11
FLW_62a2e906,2ABT2CB2,2026-05-11T13:19:30.510764Z,accepted,2026-05-26T09:20:09.995210Z,2026-05-26T09:29:40.609000Z,2026-05-26
FLW_2ec252a7,2ABT2CB2,2026-05-11T13:19:31.350964Z,accepted,2026-06-07T14:30:37.675087Z,2026-06-07T14:40:20.564000Z,2026-06-08
FLW_832d4055,2ABT2CB2,2026-05-11T13:19:31.265474Z,sms_delivered,,,
FLW_1478c558,2ABT2CB2,2026-05-11T13:19:31.378472Z,sms_delivered,,,
FLW_c94c71d9,2ABT2CB2,2026-05-11T13:19:30.992556Z,accepted,2026-05-22T22:10:39.044401Z,2026-05-26T17:08:32.417000Z,2026-05-26
FLW_488699d1,2ABT2CB2,2026-05-11T13:19:30.909663Z,accepted,2026-05-12T21:24:06.231452Z,,
FLW_d5159232,2ABT2CB2,2026-05-11T13:19:30.743697Z,accepted,2026-05-11T13:41:57.788770Z,2026-05-12T10:02:38.670000Z,2026-05-12
FLW_988405bd,2ABT2CB2,2026-05-11T13:19:30.935947Z,accepted,2026-05-11T13:39:02.915775Z,2026-05-18T11:09:58.850000Z,2026-05-18
FLW_8f7c7c6d,2ABT2CB2,2026-05-11T13:19:31.116155Z,accepted,2026-05-11T13:23:13.409775Z,2026-05-11T13:29:20.117000Z,2026-05-11
FLW_5e0576ef,2ABT2CB2,2026-05-11T13:19:30.688729Z,accepted,2026-05-11T13:29:05.805220Z,2026-05-11T13:42:18.080000Z,2026-05-11
FLW_8c343ea7,2ABT2CB2,2026-05-11T13:19:30.476577Z,accepted,2026-05-11T13:46:13.394417Z,2026-05-11T13:53:35.267000Z,2026-05-11
FLW_7f7a21af,2ABT2CB2,2026-05-11T13:19:31.323121Z,accepted,2026-05-11T13:41:52.686403Z,2026-05-11T13:52:08.871000Z,2026-05-11
FLW_fd3b16d8,2ABT2CB2,2026-05-11T13:19:30.659385Z,accepted,2026-05-11T20:59:43.020227Z,,
FLW_e077e899,2ABT2CB2,2026-05-11T13:19:30.560358Z,accepted,2026-05-14T15:16:53.052876Z,2026-05-26T16:37:49.612000Z,2026-05-27
FLW_d692ca52,2ABT2CB2,2026-05-11T13:19:31.146911Z,accepted,2026-05-11T14:02:03.868563Z,2026-05-12T20:01:10.003000Z,2026-05-12
FLW_1bff41c4,2ABT2CB2,2026-05-11T13:19:31.175741Z,accepted,2026-05-27T18:12:16.136148Z,2026-05-27T18:31:32.295000Z,2026-05-27
FLW_1992b043,2ABT2CB2,2026-05-11T13:19:30.881200Z,accepted,2026-05-11T15:23:09.822995Z,2026-05-11T15:56:01.619000Z,2026-05-11
FLW_89a64e78,2ABT2CB2,2026-05-11T13:19:31.085259Z,accepted,2026-05-11T15:56:14.187605Z,2026-05-12T08:04:15.528000Z,2026-05-12
FLW_bb892e3b,2ABT2CB2,2026-05-11T13:19:30.800076Z,accepted,2026-05-11T17:25:26.667267Z,2026-05-11T17:29:24.021000Z,2026-05-11
FLW_c49322dc,2ABT2CB2,2026-05-11T13:19:31.293512Z,accepted,2026-05-30T18:34:09.668230Z,2026-05-30T18:44:30.763000Z,2026-05-30
FLW_dde445fe,2ABT2CB2,2026-05-11T13:19:31.054342Z,accepted,2026-05-23T08:55:52.729232Z,,
FLW_4122b15f,2ABT2CB2,2026-05-11T13:19:30.772174Z,accepted,2026-05-11T17:42:13.552048Z,2026-05-11T17:48:25.972000Z,2026-05-11
FLW_51aac58f,2ABT2CB2,2026-05-11T13:19:30.964675Z,accepted,2026-05-11T18:22:22.573144Z,2026-05-11T18:44:20.977000Z,2026-05-11
FLW_6e292c23,2ABT2CB2,2026-05-11T13:19:31.023873Z,accepted,2026-05-12T05:34:09.051478Z,2026-05-12T05:46:25.347000Z,2026-05-12
FLW_d31fdc5e,2ABT2CB2,2026-05-11T13:19:30.628700Z,accepted,2026-06-01T16:32:24.229779Z,2026-06-01T16:42:45.651000Z,2026-06-01
FLW_81ebaada,2ABT2CB2,2026-05-11T13:19:31.406435Z,accepted,2026-05-14T19:50:30.294497Z,2026-05-14T20:17:45.380000Z,2026-05-14
FLW_d59ffa27,2ABT2CB2,2026-05-11T13:19:30.599396Z,accepted,2026-05-25T16:31:13.901880Z,2026-06-03T13:02:46.932000Z,2026-06-03
FLW_9ff7d772,2ABT2CB2,2026-05-11T13:19:30.826516Z,accepted,2026-05-24T17:59:54.206373Z,2026-06-01T18:06:42.466000Z,2026-06-01
FLW_62c0b19d,2ABT2CB2,2026-05-11T09:59:33.377517Z,accepted,2026-05-11T16:18:07.050574Z,2026-05-11T21:25:34.371000Z,2026-05-11
FLW_c43647c4,2ABT2CB2,2026-05-11T13:19:31.206235Z,accepted,2026-05-18T07:41:22.887728Z,2026-05-18T07:50:41.011000Z,2026-05-20
FLW_fceaa611,2ABT2EA2,2026-05-20T08:54:38.169589Z,accepted,2026-05-20T20:02:16.062055Z,2026-05-20T20:30:43.927000Z,2026-05-20
FLW_1bcb1c1a,2ABT2EA2,2026-05-12T17:04:33.140869Z,accepted,2026-05-13T15:39:45.273022Z,2026-05-13T16:06:09.154000Z,2026-05-13
FLW_574a4cb1,2ABT2EA2,2026-05-12T17:04:33.751400Z,accepted,2026-05-14T17:07:46.138659Z,,
FLW_ae7ed22f,2ABT2EA2,2026-05-12T17:04:33.342368Z,accepted,2026-05-12T17:09:13.867150Z,2026-05-12T17:28:45.079000Z,2026-05-12
FLW_b1d15488,2ABT2EA2,2026-05-12T17:04:33.548519Z,accepted,2026-05-12T17:11:05.419719Z,2026-05-13T17:37:17.489000Z,2026-05-13
FLW_1ee1abd8,2ABT2EA2,2026-05-12T17:04:33.579351Z,accepted,2026-05-12T17:16:39.165741Z,2026-05-12T17:28:04.500000Z,2026-05-12
FLW_d05306e4,2ABT2EA2,2026-05-12T17:04:33.083818Z,accepted,2026-05-12T18:19:49.203917Z,2026-05-12T18:32:40.853000Z,2026-05-14
FLW_bd52a131,2ABT2EA2,2026-05-12T17:04:33.461132Z,accepted,2026-05-13T15:26:12.628995Z,2026-05-16T16:17:03.057000Z,2026-05-18
FLW_02039403,2ABT2EA2,2026-05-12T17:04:33.401904Z,accepted,2026-05-12T17:36:24.122621Z,2026-05-12T18:35:27.082000Z,2026-05-12
FLW_f59f0de3,2ABT2EA2,2026-05-12T17:04:33.780200Z,accepted,2026-05-13T06:09:24.492983Z,2026-05-13T06:16:47.262000Z,2026-05-13
FLW_65d5ada2,2ABT2EA2,2026-05-12T17:04:33.693632Z,accepted,2026-05-13T05:53:12.361856Z,2026-05-13T06:14:32.234000Z,2026-05-13
FLW_a24be9bf,2ABT2EA2,2026-05-12T17:04:33.372456Z,accepted,2026-05-12T17:08:48.411251Z,2026-05-12T17:15:47.325000Z,2026-05-12
FLW_331f2fac,2ABT2EA2,2026-05-12T17:08:04.903044Z,accepted,2026-05-12T19:15:05.659183Z,2026-05-12T19:33:47.213000Z,2026-05-12
FLW_1064593f,2ABT2EA2,2026-05-12T17:04:33.607802Z,accepted,2026-05-12T17:41:28.934444Z,2026-05-12T18:06:31.132000Z,2026-05-12
FLW_7c56c3a4,2ABT2EA2,2026-05-12T17:08:05.644563Z,accepted,2026-05-12T18:38:08.100154Z,2026-05-14T15:45:27.803000Z,2026-05-14
FLW_3ed75330,2ABT2EA2,2026-05-12T17:08:05.173540Z,accepted,2026-05-13T06:21:00.729156Z,2026-05-13T06:29:42.265000Z,2026-05-18
FLW_6b698f0b,2ABT2EA2,2026-05-12T17:08:05.445713Z,accepted,2026-05-13T16:08:01.342503Z,2026-05-13T16:19:20.984000Z,2026-05-13
FLW_cd53c000,2ABT2EA2,2026-05-12T17:08:05.111252Z,sms_delivered,,,
FLW_23b3cea3,2ABT2EA2,2026-05-12T17:08:05.387902Z,accepted,2026-05-21T13:25:52.640319Z,2026-05-21T13:37:44.883000Z,2026-05-21
FLW_d75081c7,2ABT2EA2,2026-05-12T17:08:05.417693Z,accepted,2026-05-12T17:44:16.026000Z,2026-05-13T21:42:03.036000Z,2026-05-13
FLW_ff1ca530,2ABT2EA2,2026-05-12T17:08:05.585983Z,accepted,2026-05-12T17:13:48.935646Z,2026-05-12T17:25:10.381000Z,2026-05-12
FLW_cbe45068,2ABT2EA2,2026-05-12T17:08:05.018290Z,accepted,2026-05-12T17:17:22.768170Z,2026-05-12T17:30:28.228000Z,2026-05-12
FLW_eeec0952,2ABT2EA2,2026-05-12T17:08:04.985505Z,accepted,2026-05-12T17:18:40.192166Z,2026-05-12T17:30:53.591000Z,2026-05-12
FLW_2cee0812,2ABT2EA2,2026-05-12T17:08:05.269713Z,accepted,2026-05-13T04:33:56.837112Z,2026-05-13T04:43:43.171000Z,2026-05-14
FLW_0270a290,2ABT2EA2,2026-05-12T17:08:04.954863Z,accepted,2026-05-12T17:59:26.872082Z,2026-05-13T04:28:54.594000Z,
FLW_3974ff38,2ABT2EA2,2026-05-12T17:08:05.079685Z,accepted,2026-05-12T18:08:07.763933Z,2026-05-12T18:53:30.100000Z,2026-05-12
FLW_9e368f31,2ABT2EA2,2026-05-12T17:08:05.558392Z,accepted,2026-05-13T10:21:56.711648Z,2026-05-13T14:21:45.390000Z,2026-05-13
FLW_252b2ed8,2ABT2EA2,2026-05-12T17:08:05.049351Z,accepted,2026-05-12T19:21:47.926392Z,2026-05-12T19:32:41.399000Z,2026-05-12
FLW_2e2677c4,2ABT2EA2,2026-05-12T17:08:05.358559Z,accepted,2026-05-12T19:51:19.285754Z,2026-05-12T20:03:20.542000Z,2026-05-14
FLW_45aec05b,2ABT2EA2,2026-05-12T17:08:05.143662Z,accepted,2026-05-12T19:53:34.951763Z,2026-05-12T20:07:36.609000Z,2026-05-12
FLW_3114cc82,2ABT2EA2,2026-05-12T17:08:05.329939Z,accepted,2026-05-13T19:04:14.574801Z,2026-05-13T19:15:02.903000Z,2026-05-13
FLW_97d174c1,2ABT2EA2,2026-05-12T17:08:05.502637Z,accepted,2026-05-15T16:03:02.101917Z,2026-05-15T16:11:00.744000Z,2026-05-16
FLW_d7b0c2c0,2ABT2EA2,2026-05-12T17:08:05.299489Z,accepted,2026-05-13T06:34:16.415188Z,2026-05-13T07:18:01.135000Z,2026-05-13
FLW_2c1ba0e4,2ABT2EA2,2026-05-12T17:08:05.474260Z,accepted,2026-05-14T13:54:51.582879Z,2026-05-16T08:56:59Z,2026-06-16
FLW_992c7568,2ABT2EA2,2026-05-12T17:08:05.207039Z,accepted,2026-05-13T07:17:31.038217Z,2026-05-13T20:07:08.826000Z,2026-05-22
FLW_fb9a36cf,2ABT2EA2,2026-05-12T17:08:05.615149Z,accepted,2026-05-18T10:28:29.160411Z,2026-05-18T10:35:58.493000Z,2026-05-18
FLW_d16071ff,2ABT2EA2,2026-05-14T08:15:43.657437Z,accepted,2026-05-14T08:33:32.864062Z,2026-05-14T08:51:24.672000Z,2026-05-14
FLW_ffbc946d,2ABT2EA2,2026-05-12T17:08:05.238416Z,accepted,2026-05-13T15:31:44.669043Z,2026-05-13T16:03:23.004000Z,2026-05-13
FLW_3cf44414,2ABT2EA2,2026-05-12T17:04:33.637156Z,accepted,2026-05-12T17:14:08.903093Z,2026-05-12T17:26:25.155000Z,2026-05-12
FLW_08de1c37,2ABT2EA2,2026-05-14T08:15:43.766420Z,accepted,2026-05-18T11:55:34.628778Z,2026-05-18T12:02:16.899000Z,2026-05-20
FLW_0b4b891b,2ABT2EA2,2026-05-14T15:26:50.721527Z,accepted,2026-05-14T15:36:46.805316Z,2026-05-14T15:44:28.722000Z,2026-05-14
FLW_f6d123a9,2ABT2EA2,2026-05-14T15:26:50.772061Z,accepted,2026-05-14T20:27:01.296535Z,,
FLW_c77e75c6,2ABT2EA2,2026-05-14T16:21:55.020709Z,sms_delivered,,,
FLW_34ede9b0,2ABT2EA2,2026-05-14T15:26:50.676336Z,accepted,2026-05-14T18:05:55.963523Z,2026-05-15T07:12:09.714000Z,2026-05-14
FLW_47ea1265,2ABT2EA2,2026-05-15T12:05:09.613208Z,accepted,2026-05-15T12:47:45.813907Z,2026-05-15T12:48:20.858000Z,2026-05-15
FLW_737baab1,2ABT2EA2,2026-05-15T09:04:21.132624Z,accepted,2026-05-15T09:05:05.102826Z,2026-05-15T09:12:17.695000Z,2026-05-15
FLW_a0929f59,2ABT2EA2,2026-05-12T17:04:33.723205Z,accepted,2026-05-12T17:08:41.034229Z,2026-05-15T04:49:06.690000Z,2026-05-15
FLW_9f05851e,2ABT2EA2,2026-05-12T17:04:33.431425Z,accepted,2026-05-13T16:18:54.985708Z,2026-05-13T16:26:42.914000Z,2026-05-13
FLW_825bf681,2ABT2EA2,2026-05-12T17:04:33.519533Z,accepted,2026-05-12T20:17:44.595866Z,2026-05-12T20:39:17.797000Z,2026-05-12
FLW_39b1d8e9,2ABT2EA2,2026-05-12T17:04:33.172401Z,accepted,2026-05-12T17:13:59.873409Z,2026-05-12T17:21:55.560000Z,2026-05-12
FLW_da81d62c,2ABT2EA2,2026-05-12T17:04:33.490944Z,accepted,2026-05-13T13:35:56.175920Z,2026-05-18T19:03:17.806000Z,2026-06-17
FLW_6c19e32a,2ABT2EA2,2026-05-13T16:09:26.182261Z,accepted,2026-05-13T16:13:14.726613Z,,
FLW_4c26fa26,2ABT2EA2,2026-05-12T17:04:33.664390Z,accepted,2026-05-13T16:17:56.620552Z,2026-05-15T09:41:55.954000Z,2026-05-18
FLW_f38add9c,2ABT2EA2,2026-05-15T15:22:18.227649Z,accepted,2026-05-15T15:36:33.023434Z,2026-05-15T15:44:26.539000Z,2026-05-15
FLW_114522d3,2ABT2EA2,2026-05-12T17:04:33.033323Z,accepted,2026-05-12T17:23:11.685526Z,2026-05-20T20:14:01.108000Z,2026-05-20
FLW_095dfa9d,2ABT2EA2,2026-05-21T10:51:56.740979Z,accepted,2026-05-21T11:20:33.261737Z,2026-05-21T11:33:26.556000Z,2026-05-21
FLW_48e470e3,2ABT2EA2,2026-05-12T17:08:05.529639Z,accepted,2026-05-12T17:10:20.907992Z,2026-05-12T17:15:28.818000Z,2026-05-12
FLW_c744b108,2ABT2CB3,2026-05-16T11:51:36.225044Z,accepted,2026-05-16T21:17:06.174419Z,2026-05-16T21:35:39.783000Z,2026-05-16
FLW_cce1b21f,2ABT2CB3,2026-05-16T11:51:36.491359Z,accepted,2026-05-16T13:39:53.272523Z,2026-05-16T16:06:09.714000Z,2026-05-16
FLW_09e2699c,2ABT2CB3,2026-05-16T11:51:36.713587Z,accepted,2026-05-16T14:36:07.054862Z,2026-05-16T14:47:26.384000Z,2026-05-16
FLW_43af5547,2ABT2CB3,2026-05-16T11:51:36.687589Z,accepted,2026-05-18T19:41:00.883372Z,2026-05-18T19:51:24.274000Z,2026-05-18
FLW_fa24ca25,2ABT2CB3,2026-05-16T11:51:35.988526Z,accepted,2026-05-16T15:56:14.571008Z,2026-05-16T16:16:03.573000Z,2026-05-16
FLW_67e5b1be,2ABT2CB3,2026-05-16T11:51:36.402850Z,accepted,2026-05-16T20:31:35.849819Z,2026-05-16T20:53:39.283000Z,2026-05-16
FLW_2a26504b,2ABT2CB3,2026-05-16T11:51:36.857920Z,sms_delivered,,,
FLW_dc78de20,2ABT2CB3,2026-05-16T11:51:36.913296Z,accepted,2026-05-16T17:14:11.872108Z,2026-05-16T18:02:23.975000Z,2026-05-16
FLW_ec19b833,2ABT2CB3,2026-05-16T11:51:36.056276Z,accepted,2026-05-16T11:53:11.597005Z,2026-05-16T12:56:44.469000Z,2026-05-16
FLW_87c850f0,2ABT2CB3,2026-05-16T11:51:36.286628Z,accepted,2026-05-16T12:07:33.633923Z,2026-05-16T14:30:14.444000Z,2026-05-16
FLW_6b7239c6,2ABT2CB3,2026-05-18T15:37:35.316140Z,accepted,2026-05-18T15:39:34.825520Z,2026-05-19T18:52:24.190000Z,
FLW_23e3fda9,2ABT2CB3,2026-05-16T11:51:36.462294Z,accepted,2026-05-16T12:52:12.972766Z,2026-05-16T13:10:22.306000Z,2026-05-16
FLW_a5149d82,2ABT2CB3,2026-05-16T11:51:35.925515Z,accepted,2026-05-16T15:50:43.898009Z,2026-05-16T16:24:04.512000Z,2026-05-16
FLW_b6077402,2ABT2CB3,2026-05-15T20:10:14.336038Z,accepted,2026-05-20T08:38:42.303695Z,,
FLW_b601b098,2ABT2CB3,2026-05-15T20:10:14.610835Z,accepted,2026-05-25T17:00:40.479226Z,2026-06-01T17:12:09.968000Z,
FLW_d5da5e8a,2ABT2CB3,2026-05-15T20:10:14.580820Z,accepted,2026-05-25T16:33:24.427538Z,2026-05-25T16:42:23.105000Z,2026-05-25
FLW_cd1a3d37,2ABT2CB3,2026-05-15T20:10:14.363552Z,accepted,2026-05-16T05:35:47.303363Z,2026-05-16T05:48:34.228000Z,2026-05-16
FLW_81bd273e,2ABT2CB3,2026-05-15T20:10:14.070813Z,accepted,2026-05-17T16:29:42.543666Z,2026-05-17T16:35:21.210000Z,2026-05-17
FLW_455b19ef,2ABT2CB3,2026-05-15T20:10:14.037245Z,accepted,2026-05-15T20:13:31.029227Z,2026-05-15T20:41:05.719000Z,2026-05-15
FLW_3d52e03e,2ABT2CB3,2026-05-15T20:10:14.545890Z,accepted,2026-05-15T21:15:40.137885Z,2026-05-22T17:42:49.262000Z,2026-05-23
FLW_0e994230,2ABT2CB3,2026-05-15T20:10:14.472904Z,sms_not_delivered,,,
FLW_b0ed4a20,2ABT2CB3,2026-05-15T20:10:14.507807Z,sms_delivered,,,
FLW_999f9d8a,2ABT2CB3,2026-05-15T20:10:14.193919Z,accepted,2026-05-26T12:33:40.370988Z,2026-05-27T11:27:34.131000Z,2026-05-29
FLW_ccec8a04,2ABT2CB3,2026-05-15T20:10:13.736607Z,accepted,2026-05-15T20:51:11.106813Z,2026-05-15T22:03:48.084000Z,2026-05-15
FLW_aa0af80b,2ABT2CB3,2026-05-15T20:10:13.900638Z,accepted,2026-05-15T20:11:07.583449Z,2026-05-15T20:17:35.673000Z,2026-05-15
FLW_47717a41,2ABT2CB3,2026-05-15T20:10:13.942604Z,accepted,2026-05-15T20:17:22.435079Z,2026-05-15T20:35:00.217000Z,2026-05-15
FLW_970f78c0,2ABT2CB3,2026-05-15T20:10:13.606085Z,accepted,2026-05-15T20:13:03.688120Z,2026-05-15T20:32:26.410000Z,2026-05-15
FLW_f46048de,2ABT2CB3,2026-05-15T20:10:14.104652Z,accepted,2026-05-15T20:20:18.565571Z,2026-05-15T20:28:43.588000Z,2026-05-15
FLW_3a0a3f47,2ABT2CB3,2026-05-15T20:10:14.165596Z,accepted,2026-05-15T20:24:21.211104Z,2026-05-15T20:34:26.980000Z,2026-05-15
FLW_0f7bd0fd,2ABT2CB3,2026-05-15T20:10:13.823175Z,accepted,2026-05-15T20:30:40.499944Z,2026-05-15T20:51:06.794000Z,2026-05-15
FLW_67938e1a,2ABT2CB3,2026-05-15T20:10:14.001866Z,accepted,2026-05-15T20:33:17.913948Z,2026-05-15T20:45:14.505000Z,2026-05-15
FLW_f4b5e02b,2ABT2CB3,2026-05-15T20:10:13.764928Z,accepted,2026-05-15T20:41:48.550865Z,2026-05-15T21:03:48.866000Z,2026-05-15
FLW_b9ce2803,2ABT2CB3,2026-05-15T20:10:13.972519Z,accepted,2026-05-16T05:19:20.077378Z,2026-05-16T05:30:22.341000Z,2026-05-16
FLW_d02e20f1,2ABT2CB3,2026-05-15T20:10:14.222338Z,accepted,2026-05-15T21:24:29.466582Z,2026-05-15T21:32:30.405000Z,2026-05-17
FLW_fa79936d,2ABT2CB3,2026-05-15T20:10:13.678573Z,accepted,2026-05-15T20:39:20.665374Z,2026-05-15T20:59:37.743000Z,2026-05-15
FLW_a639cca9,2ABT2CB3,2026-05-15T20:10:14.307896Z,accepted,2026-05-15T20:51:28.399069Z,2026-05-15T21:03:12.215000Z,2026-05-15
FLW_3622f116,2ABT2CB3,2026-05-15T20:10:13.793337Z,accepted,2026-05-15T20:58:02.668681Z,2026-05-15T21:14:44.417000Z,2026-05-15
FLW_442c4a17,2ABT2CB3,2026-05-15T20:10:14.638557Z,accepted,2026-05-25T19:18:32.531084Z,2026-05-25T19:35:47.939000Z,2026-05-26
FLW_862c7388,2ABT2CB3,2026-05-15T20:10:13.860041Z,accepted,2026-05-16T05:23:14.169746Z,2026-05-16T06:50:47.887000Z,2026-05-16
FLW_0304d265,2ABT2CB3,2026-05-15T20:10:13.650322Z,accepted,2026-05-15T21:44:07.933238Z,2026-05-15T21:53:48.412000Z,2026-05-15
FLW_dffaa987,2ABT2CB3,2026-05-15T20:10:13.706892Z,accepted,2026-05-15T21:47:41.297812Z,2026-05-15T21:55:46.152000Z,2026-05-15
FLW_21a4ce3c,2ABT2CB3,2026-05-15T20:10:14.279517Z,accepted,2026-05-16T05:53:13.674307Z,2026-05-16T06:00:12.446000Z,2026-05-20
FLW_b3f2248f,2ABT2CB3,2026-05-15T20:10:14.137495Z,accepted,2026-05-18T15:52:25.103095Z,2026-05-18T16:00:05.479000Z,2026-05-18
FLW_73b3796e,2ABT2CB3,2026-05-16T11:51:36.519260Z,accepted,2026-05-16T17:33:40.929226Z,2026-05-16T17:37:59.604000Z,2026-05-16
FLW_6b1cc827,2ABT2CB3,2026-05-15T20:10:14.250417Z,accepted,2026-05-16T06:20:19.470832Z,2026-05-16T06:36:03.279000Z,2026-05-16
FLW_772e7209,2ABT2CB3,2026-05-15T20:10:14.390803Z,accepted,2026-05-16T20:31:34.767638Z,2026-05-16T20:40:41.490000Z,2026-05-16
FLW_d39fb4b6,2ABT2CB3,2026-05-15T20:10:14.417180Z,accepted,2026-05-19T08:18:45.128871Z,,
FLW_457d5c5e,2ABT2CB3,2026-05-16T19:08:41.567612Z,accepted,2026-05-16T19:11:33.828399Z,2026-05-17T15:21:36.235000Z,2026-05-17
FLW_21b3ab5a,2ABT2CB3,2026-05-16T11:51:36.771425Z,accepted,2026-05-16T21:53:53.079133Z,2026-05-16T22:15:23.878000Z,2026-05-18
FLW_1f4a0a27,2ABT2CB3,2026-05-16T11:51:36.343443Z,accepted,2026-05-16T13:37:24.624316Z,2026-05-16T13:46:34.198000Z,2026-05-16
FLW_cc7c4e61,2ABT2CB3,2026-05-16T11:51:36.188647Z,accepted,2026-05-25T19:34:43.063345Z,,
FLW_eb082221,2ABT2CB3,2026-05-16T11:51:36.659277Z,accepted,2026-05-16T12:51:46.817409Z,2026-05-16T14:07:19.449000Z,2026-05-16
FLW_b6570ec4,2ABT2CB3,2026-05-16T11:51:36.603456Z,accepted,2026-05-17T00:03:48.143146Z,2026-05-17T00:12:35.774000Z,2026-05-17
FLW_5c641beb,2ABT2CB3,2026-05-16T11:51:36.254608Z,accepted,2026-05-16T12:31:33.355011Z,2026-05-18T19:57:23.394000Z,2026-05-18
FLW_b2f267f1,2ABT2CB3,2026-05-16T11:51:35.956479Z,accepted,2026-05-16T11:59:03.762721Z,2026-05-16T14:30:36.344000Z,2026-05-16
FLW_00cc6cd0,2ABT2CB3,2026-05-16T11:51:36.885599Z,sms_delivered,,,
FLW_e2bad3d1,2ABT2CB3,2026-05-16T11:51:36.373162Z,accepted,2026-05-16T12:00:36.198044Z,2026-05-16T12:09:48.728000Z,2026-05-16
FLW_70c8b0c8,2ABT2CB3,2026-05-16T11:51:36.742500Z,accepted,2026-05-16T11:58:46.652523Z,2026-05-16T12:50:07.386000Z,2026-05-16
FLW_2cde028f,2ABT2CB3,2026-05-16T11:51:36.632794Z,accepted,2026-05-16T12:06:24.028282Z,2026-05-16T12:33:51.655000Z,2026-05-16
FLW_72ba96ae,2ABT2CB3,2026-05-16T11:51:36.023774Z,accepted,2026-05-17T00:02:49.741160Z,2026-05-17T15:09:45.215000Z,2026-05-17
FLW_d2c21abe,2ABT2CB3,2026-05-16T11:51:36.802108Z,accepted,2026-05-16T17:19:20.893025Z,2026-05-19T16:55:28.506000Z,2026-05-19
FLW_9b6a8dca,2ABT2CB3,2026-05-16T11:51:36.116291Z,accepted,2026-05-17T16:05:57.694897Z,2026-05-17T16:32:53.505000Z,2026-05-17
FLW_dd7b2ca4,2ABT2CB3,2026-05-16T11:51:36.433115Z,accepted,2026-05-21T21:51:40.440195Z,2026-05-21T22:18:38.658000Z,2026-05-21
FLW_48f7c6e7,2ABT2CB3,2026-05-16T11:51:36.829458Z,accepted,2026-05-16T12:47:11.112528Z,2026-05-17T05:52:23.091000Z,2026-05-17
FLW_de39902e,2ABT2CB3,2026-05-16T11:51:36.574807Z,accepted,2026-05-16T12:42:43.931055Z,2026-05-16T13:12:07.612000Z,2026-05-17
FLW_3e636228,2ABT2CB3,2026-05-16T11:51:36.315854Z,accepted,2026-05-16T20:40:02.531123Z,2026-05-16T21:00:05.730000Z,2026-05-16
FLW_c52585ce,2ABT2CB3,2026-05-16T11:51:36.146798Z,accepted,2026-05-16T12:33:10.165678Z,2026-05-16T13:03:25.786000Z,2026-05-16
FLW_013fc6f1,2ABT2CB3,2026-05-16T11:51:35.873155Z,accepted,2026-05-16T16:16:54.746643Z,2026-05-16T16:29:11.214000Z,2026-05-16
FLW_7306bec5,2ABT2CB3,2026-05-16T11:51:36.546396Z,accepted,2026-05-16T18:52:49.978122Z,2026-05-16T19:10:27.478000Z,2026-05-16
FLW_489a641f,2ABT2CB3,2026-05-16T11:51:36.086396Z,accepted,2026-05-16T12:39:56.912574Z,2026-05-16T13:31:39.066000Z,2026-05-16
FLW_1a80cfa7,2ABT2EA3,2026-05-15T15:28:54.881190Z,accepted,2026-05-15T22:34:13.953231Z,2026-05-16T21:43:03.184000Z,2026-05-16
FLW_2228e2f7,2ABT2EA3,2026-05-15T15:15:53.220605Z,accepted,2026-06-01T10:18:30.101167Z,2026-06-01T10:37:01.760000Z,2026-06-01
FLW_28a8eec7,2ABT2EA3,2026-05-15T15:15:53.785186Z,sms_delivered,,,
FLW_468d18a5,2ABT2EA3,2026-05-15T15:15:53.308796Z,accepted,,,
FLW_8762cfda,2ABT2EA3,2026-05-15T15:15:53.338095Z,accepted,,,
FLW_8c8f35a2,2ABT2EA3,2026-05-15T15:15:54.074339Z,sms_delivered,,,
FLW_12298ddf,2ABT2EA3,2026-05-15T15:15:53.606489Z,accepted,2026-05-21T15:20:13.522101Z,2026-05-21T15:24:00.561000Z,2026-05-21
FLW_7b5c1d45,2ABT2EA3,2026-05-15T15:15:53.101266Z,accepted,2026-05-15T15:22:28.871910Z,2026-05-20T05:56:43.628000Z,
FLW_37e7642a,2ABT2EA3,2026-05-15T15:15:53.726016Z,accepted,2026-05-15T15:22:01.108390Z,2026-05-15T15:29:30.672000Z,2026-05-15
FLW_e10500a6,2ABT2EA3,2026-05-15T15:15:54.134783Z,accepted,2026-05-18T13:48:11.314810Z,2026-06-01T20:32:11.099000Z,2026-06-02
FLW_3e68100e,2ABT2EA3,2026-05-15T15:15:53.988471Z,accepted,2026-05-15T15:26:45.795231Z,2026-05-18T18:51:31.955000Z,
FLW_ef9513d8,2ABT2EA3,2026-05-15T15:15:53.425370Z,accepted,2026-05-15T15:28:07.945009Z,2026-05-15T17:17:29.332000Z,2026-05-18
FLW_050978ff,2ABT2EA3,2026-05-15T15:15:53.042706Z,accepted,2026-05-15T15:34:32.584047Z,2026-05-15T15:45:13.676000Z,2026-05-15
FLW_8c8d5b4f,2ABT2EA3,2026-05-15T15:15:53.754771Z,accepted,2026-05-15T15:28:29.276780Z,2026-05-15T16:16:43.347000Z,2026-05-15
FLW_dbaa0aed,2ABT2EA3,2026-05-15T15:15:53.875250Z,accepted,2026-05-15T15:29:15.375037Z,2026-05-16T03:39:14.234000Z,2026-05-15
FLW_52359c96,2ABT2EA3,2026-05-15T15:15:54.104907Z,accepted,2026-05-19T14:27:28.347832Z,2026-05-20T19:08:31.475000Z,2026-05-20
FLW_b921f81b,2ABT2EA3,2026-05-15T15:15:53.576661Z,accepted,2026-05-15T15:50:09.725641Z,2026-05-20T17:55:17.625000Z,2026-05-20
FLW_1652be94,2ABT2EA3,2026-05-15T15:15:53.190454Z,accepted,2026-05-15T15:45:12.982315Z,,
FLW_3d2f2ef1,2ABT2EA3,2026-05-15T15:15:53.933273Z,accepted,2026-05-15T15:49:46.182232Z,2026-05-15T16:29:50.393000Z,2026-05-15
FLW_544e94e6,2ABT2EA3,2026-05-15T15:15:53.960461Z,accepted,2026-05-15T15:54:30.624582Z,2026-05-15T16:00:38.759000Z,2026-05-15
FLW_78e51910,2ABT2EA3,2026-05-15T15:15:53.546581Z,accepted,2026-05-15T16:04:59.001270Z,2026-05-15T17:36:47.299000Z,2026-05-15
FLW_0c0d0a38,2ABT2EA3,2026-05-15T15:15:52.994936Z,accepted,2026-05-15T16:00:25.180202Z,2026-05-15T16:11:45.542000Z,2026-05-15
FLW_31f5c524,2ABT2EA3,2026-05-15T15:15:53.279258Z,accepted,2026-05-15T16:02:41.128789Z,2026-05-16T05:28:28.033000Z,2026-05-23
FLW_c4bcac1c,2ABT2EA3,2026-05-15T15:15:53.160100Z,accepted,2026-05-16T12:05:24.622501Z,2026-05-16T16:29:53.951000Z,2026-05-16
FLW_a3dc57b6,2ABT2EA3,2026-05-15T15:15:53.249648Z,accepted,2026-05-15T19:52:16.398187Z,2026-05-15T20:49:55.792000Z,2026-05-15
FLW_42a5a6b0,2ABT2EA3,2026-05-15T15:15:53.815385Z,accepted,2026-05-15T16:36:31.428254Z,2026-05-15T17:10:52.164000Z,2026-05-15
FLW_e6fbcbf8,2ABT2EA3,2026-05-15T15:15:54.018865Z,accepted,2026-05-15T16:20:05.761249Z,2026-05-15T18:19:39.408000Z,2026-05-15
FLW_740f1f30,2ABT2EA3,2026-05-15T15:15:53.635698Z,accepted,2026-05-18T16:52:02.202389Z,2026-05-18T16:55:33.593000Z,2026-05-18
FLW_8216f72f,2ABT2EA3,2026-05-15T15:15:53.381290Z,accepted,2026-05-15T16:57:01.658151Z,2026-05-15T17:02:41.087000Z,2026-05-15
FLW_fadbd424,2ABT2EA3,2026-05-15T15:15:53.130399Z,accepted,2026-05-15T17:22:59.813719Z,2026-05-15T17:27:15.157000Z,2026-05-15
FLW_7d9f40ad,2ABT2EA3,2026-05-15T15:15:54.047072Z,accepted,2026-05-15T18:51:59.267301Z,2026-06-01T13:42:46.921000Z,2026-06-01
FLW_b4632f89,2ABT2EA3,2026-05-15T15:15:53.697107Z,accepted,2026-05-15T22:10:06.871011Z,2026-05-16T23:00:29.309000Z,2026-05-18
FLW_2ae251a1,2ABT2EA3,2026-05-15T15:15:53.844897Z,accepted,2026-05-16T14:24:52.374186Z,,
FLW_e45e3450,2ABT2EA3,2026-05-15T15:15:53.666514Z,accepted,2026-05-15T20:52:16.252775Z,2026-05-15T21:00:25.681000Z,2026-05-15
FLW_d7af9b38,2ABT2EA3,2026-05-15T15:28:54.911302Z,accepted,2026-05-15T16:36:08.867822Z,2026-05-16T14:19:49.902000Z,2026-05-16
FLW_3a24a429,2ABT2EA3,2026-05-15T15:28:54.939351Z,accepted,2026-05-15T15:41:40.068153Z,2026-05-15T16:44:52.011000Z,2026-05-15
FLW_675a5955,2ABT2EA3,2026-05-15T15:28:55.145159Z,accepted,,,
FLW_9c1ff495,2ABT2EA3,2026-05-15T15:28:54.967122Z,accepted,2026-05-15T15:41:47.821972Z,2026-05-29T19:22:45.646000Z,2026-05-29
FLW_185c0ad3,2ABT2EA3,2026-05-15T15:28:55.083651Z,accepted,2026-05-15T15:34:04.092726Z,2026-05-15T15:39:42.090000Z,2026-05-15
FLW_24b114b6,2ABT2EA3,2026-05-15T15:28:55.054896Z,accepted,2026-05-15T16:02:15.907442Z,2026-05-15T16:11:04.448000Z,2026-05-15
FLW_ea249b57,2ABT2EA3,2026-05-15T15:28:55.362951Z,accepted,2026-05-19T09:31:08.708234Z,2026-05-19T09:47:42.539000Z,2026-05-19
FLW_b4445c22,2ABT2EA3,2026-05-15T15:28:55.172414Z,accepted,2026-05-16T09:58:19.418839Z,2026-05-16T10:12:38.078000Z,2026-05-16
FLW_e1813b6e,2ABT2EA3,2026-05-15T15:28:55.443857Z,accepted,2026-05-15T18:24:41.723719Z,2026-05-16T09:07:37.979000Z,2026-05-16
FLW_98b31d4d,2ABT2EA3,2026-05-15T15:28:55.116622Z,accepted,2026-05-15T15:39:35.846561Z,2026-05-15T15:47:46.762000Z,2026-05-15
FLW_9d04565a,2ABT2EA3,2026-05-15T15:28:55.389905Z,accepted,2026-05-15T16:09:01.251137Z,2026-05-15T16:14:37.591000Z,2026-05-15
FLW_b878bf3e,2ABT2EA3,2026-05-15T15:28:55.416932Z,accepted,2026-05-15T18:27:57.135579Z,2026-05-15T19:49:21.050000Z,2026-05-15
FLW_f014e571,2ABT2EA3,2026-05-15T15:28:55.025226Z,accepted,2026-05-15T16:16:00.742503Z,2026-05-16T10:33:01.645000Z,2026-05-16
FLW_45fc59ba,2ABT2EA3,2026-05-15T15:28:55.307245Z,accepted,2026-05-15T18:30:11.602990Z,2026-05-15T18:46:13.688000Z,2026-05-15
FLW_15c451d5,2ABT2EA3,2026-05-15T15:28:55.334969Z,accepted,2026-05-15T19:07:26.592988Z,2026-05-16T15:55:28.858000Z,2026-05-16
FLW_4f746562,2ABT2EA3,2026-05-15T15:28:55.199098Z,accepted,2026-05-15T19:23:25.779541Z,2026-05-16T05:35:15.773000Z,2026-05-16
FLW_6cbeb157,2ABT2EA3,2026-05-15T15:15:53.071612Z,accepted,2026-05-15T15:29:30.106929Z,2026-05-15T15:46:38.152000Z,2026-05-15
FLW_76378b74,2ABT2EA3,2026-05-15T15:28:54.825864Z,accepted,2026-05-15T22:15:41.605701Z,2026-05-16T05:17:53.689000Z,2026-05-16
FLW_911441dd,2ABT2EA3,2026-05-15T15:28:55.226410Z,accepted,2026-05-17T10:10:08.549509Z,2026-06-18T18:53:58.034000Z,2026-06-18
FLW_5b6329af,2ABT2EA3,2026-05-15T15:28:55.253018Z,accepted,2026-05-16T06:35:10.989498Z,2026-05-16T14:19:32.161000Z,2026-05-31
FLW_637ec870,2ABT2EA3,2026-05-15T15:28:54.993830Z,accepted,2026-05-16T09:27:36.877878Z,2026-05-17T20:32:15.223000Z,2026-05-17
FLW_5861699e,2ABT2EA3,2026-05-15T15:28:55.280373Z,accepted,2026-05-19T15:33:45.651979Z,2026-05-19T15:47:26.490000Z,2026-05-19
FLW_3f838155,2ABT2EA3,2026-05-15T15:28:54.796749Z,accepted,2026-05-15T16:15:00.491699Z,2026-05-15T16:21:32.009000Z,2026-05-15
FLW_7a38a10b,2ABT2EA3,2026-05-18T15:27:57.467139Z,accepted,2026-05-18T15:31:57.355674Z,2026-05-18T15:47:34.917000Z,2026-05-18
FLW_ef186547,2ABT2EA3,2026-05-15T15:15:53.516514Z,accepted,2026-05-15T19:32:31.436703Z,2026-05-15T21:19:44.649000Z,2026-05-15
FLW_b2c20644,2ABT2EA3,2026-05-15T15:28:54.737096Z,accepted,2026-05-15T16:47:33.677519Z,2026-05-15T17:08:03.911000Z,2026-05-15
FLW_1c819406,2ABT2EA3,2026-05-17T05:15:03.952155Z,accepted,2026-05-18T09:51:46.505252Z,2026-05-18T10:14:43.939000Z,2026-05-18
FLW_0a500bce,2ABT2EA3,2026-05-15T15:28:54.854436Z,accepted,2026-05-15T16:20:42.211063Z,2026-05-15T16:27:31.368000Z,2026-05-16
FLW_9ada51f8,2ABT2EA3,2026-05-15T15:15:53.485404Z,accepted,2026-05-15T16:46:01.869517Z,2026-05-15T17:33:05.445000Z,2026-05-15
FLW_f645dfe7,2ABT2EA3,2026-05-15T15:28:54.767472Z,accepted,2026-05-17T16:51:45.056370Z,2026-05-17T16:56:33.959000Z,2026-05-20
FLW_ad7c3bc8,2ABT2EA3,2026-05-15T15:28:54.706550Z,accepted,2026-05-15T20:02:56.565152Z,2026-05-15T20:12:51.351000Z,2026-05-15
FLW_51ad97be,2ABT2EA3,2026-05-15T15:15:53.455203Z,accepted,2026-05-15T20:00:41.858221Z,2026-05-15T22:59:29.024000Z,2026-05-15
FLW_9d60f670,2ABT2EA3,2026-05-15T15:15:53.903590Z,accepted,2026-05-15T16:12:04.266502Z,2026-05-16T05:30:33.926000Z,2026-05-16
FLW_7da99fac,1PC1,2026-06-11T11:31:57.849053Z,accepted,2026-06-11T13:03:41.310994Z,2026-06-11T13:20:32.414000Z,2026-06-20
FLW_59961813,1PC1,2026-06-11T11:31:57.688846Z,accepted,2026-06-12T19:58:59.323197Z,2026-06-26T16:29:49.127000Z,2026-06-26
FLW_f6a5f19f,1PC1,2026-06-11T11:31:57.449134Z,accepted,2026-06-11T11:41:05.438572Z,2026-06-12T13:29:24.763000Z,2026-06-12
FLW_54da23a0,1PC1,2026-06-11T11:31:57.939219Z,accepted,2026-06-11T17:44:11.661671Z,2026-06-11T17:55:39.771000Z,2026-06-11
FLW_c6050f5f,1PC1,2026-06-11T10:55:26.689488Z,accepted,2026-06-11T11:21:51.390770Z,2026-06-11T11:30:59.570000Z,2026-06-11
FLW_17de223c,1PC1,2026-06-11T10:55:27.169245Z,accepted,2026-06-11T10:56:44.897611Z,2026-06-11T11:06:37.237000Z,2026-06-11
FLW_cc23cb3f,1PC1,2026-06-11T10:55:27.348426Z,accepted,2026-06-11T11:08:36.873135Z,2026-06-11T11:16:20.565000Z,2026-06-11
FLW_7af57540,1PC1,2026-06-11T11:31:57.817215Z,accepted,2026-06-11T21:05:32.337094Z,2026-06-11T21:11:36.945000Z,2026-06-11
FLW_9feacdd9,1PC1,2026-06-11T11:31:57.718960Z,accepted,2026-06-11T13:40:16.348885Z,2026-06-11T13:59:24.187000Z,2026-06-11
FLW_1a01df4d,1PC1,2026-06-11T10:55:26.818023Z,accepted,2026-06-11T10:56:09.583384Z,2026-06-11T11:06:17.152000Z,2026-06-11
FLW_3f62dee5,1PC1,2026-06-11T10:55:26.628797Z,accepted,2026-06-11T11:16:24.713297Z,2026-06-11T11:30:17.609000Z,2026-06-11
FLW_98b6ec91,1PC1,2026-06-11T11:31:57.478531Z,accepted,2026-06-11T22:00:08.792529Z,2026-06-11T22:22:12.009000Z,2026-07-02
FLW_0c1a680d,1PC1,2026-06-11T10:55:26.780893Z,accepted,2026-06-11T13:44:22.626772Z,2026-06-11T14:03:14.076000Z,2026-06-15
FLW_ee4a6c06,1PC1,2026-06-11T11:31:57.570022Z,accepted,2026-06-11T11:35:06.682832Z,2026-06-11T11:42:38.057000Z,2026-06-11
FLW_ab7aa39d,1PC1,2026-06-11T10:55:27.140074Z,accepted,2026-06-11T11:13:51.485121Z,2026-06-11T11:50:24.403000Z,2026-06-11
FLW_c387043c,1PC1,2026-06-11T10:55:27.436916Z,accepted,2026-06-16T11:13:59.999260Z,2026-06-16T11:24:09.387000Z,2026-06-16
FLW_6c9fa319,1PC1,2026-06-11T10:55:27.110542Z,accepted,2026-06-11T11:15:02.227603Z,2026-06-11T14:05:21.228000Z,2026-06-11
FLW_49239c8b,1PC1,2026-06-11T10:55:27.377393Z,accepted,2026-06-11T10:56:17.370731Z,2026-06-11T11:02:54.418000Z,2026-06-11
FLW_d0c6ab73,1PC1,2026-06-11T11:31:58.088840Z,accepted,2026-06-15T17:05:00.430277Z,2026-06-15T17:11:43.411000Z,2026-06-17
FLW_575300cd,1PC1,2026-06-11T11:07:36.372225Z,sms_delivered,,,
FLW_05377c3f,1PC1,2026-06-11T11:07:35.990277Z,accepted,2026-06-11T11:14:26.089344Z,2026-06-11T11:37:33.417000Z,2026-06-11
FLW_670fa826,1PC1,2026-06-11T11:07:36.200677Z,accepted,2026-06-11T17:05:51.172994Z,2026-06-11T17:20:05.296000Z,2026-06-11
FLW_12b959cf,1PC1,2026-06-11T11:07:36.545397Z,accepted,2026-06-13T14:43:35.879426Z,2026-06-13T15:02:32.786000Z,2026-06-13
FLW_5a74acf2,1PC1,2026-06-11T11:07:35.873404Z,accepted,2026-06-11T14:32:09.083089Z,2026-06-11T14:40:01.453000Z,2026-06-14
FLW_475e6ecc,1PC1,2026-06-11T11:07:36.285523Z,accepted,2026-06-11T11:08:19.898743Z,2026-06-11T11:15:02.504000Z,2026-06-11
FLW_51110f26,1PC1,2026-06-11T11:07:35.842890Z,accepted,2026-06-11T13:12:08.278252Z,2026-06-11T13:18:25.510000Z,2026-06-11
FLW_52737083,1PC1,2026-06-11T11:31:57.996192Z,accepted,2026-07-03T20:15:14.619565Z,2026-07-03T20:41:54.061000Z,2026-07-03
FLW_5303e7ea,1PC1,2026-06-11T11:31:58.177449Z,accepted,2026-06-12T19:55:45.471926Z,2026-06-21T10:36:27.083000Z,2026-06-21
FLW_9d87567c,1PC1,2026-06-11T11:07:36.342351Z,accepted,2026-06-11T12:45:57.593465Z,2026-06-11T12:53:12.603000Z,2026-06-11
FLW_c3d7c6c6,1PC1,2026-06-11T11:31:58.119467Z,accepted,2026-06-11T12:02:11.415529Z,2026-06-11T15:59:09.673000Z,2026-06-11
FLW_6f5c73f6,1PC1,2026-06-11T11:07:36.400029Z,accepted,2026-06-17T13:22:45.802270Z,2026-07-09T18:25:31.189000Z,2026-07-09
FLW_56b23bdf,1PC1,2026-06-11T11:07:36.428948Z,accepted,2026-06-11T11:18:52.831087Z,2026-06-11T11:47:07.416000Z,2026-06-11
FLW_cd737a50,1PC1,2026-06-11T11:07:36.075855Z,accepted,2026-06-12T07:50:53.861808Z,,
FLW_371b8c97,1PC1,2026-06-11T16:09:50.704595Z,accepted,2026-06-12T10:06:21.805735Z,,
FLW_2e046b40,1PC1,2026-06-11T11:07:36.143389Z,accepted,2026-06-11T11:13:30.529145Z,2026-06-11T11:31:23.775000Z,2026-06-11
FLW_cc942a17,1PC1,2026-06-11T11:07:36.658067Z,accepted,2026-06-11T11:42:52.399486Z,2026-06-11T11:53:47.258000Z,2026-06-11
FLW_ce01ca85,1PC1,2026-06-11T11:31:58.294529Z,accepted,2026-06-11T15:50:57.046347Z,2026-07-02T20:15:21.911000Z,2026-07-03
FLW_ce121323,1PC1,2026-06-11T11:31:58.207364Z,accepted,2026-06-11T12:08:50.313243Z,2026-06-11T12:21:07.551000Z,2026-06-11
FLW_f966b17c,1PC1,2026-06-11T11:31:57.420306Z,accepted,2026-06-11T14:51:14.395528Z,2026-06-11T15:08:42.700000Z,2026-06-11
FLW_8d77fe95,1PC1,2026-06-11T11:31:58.027356Z,accepted,2026-06-11T11:41:18.423170Z,2026-06-11T11:45:07.131000Z,2026-06-11
FLW_21c392a2,1PC1,2026-06-11T11:07:35.784076Z,accepted,2026-06-11T12:37:00.505382Z,2026-06-11T12:47:40.990000Z,2026-06-11
FLW_f4b991b7,1PC1,2026-06-11T11:07:36.257956Z,accepted,2026-06-11T12:46:31.084187Z,2026-06-17T15:58:21.310000Z,2026-06-17
FLW_7aeee96c,1PC1,2026-06-11T11:31:58.265390Z,accepted,,2026-06-12T18:00:44.860000Z,2026-06-12
FLW_1e815e0d,1PC1,2026-06-11T10:55:27.318552Z,accepted,2026-06-11T17:28:07.864299Z,2026-06-11T17:33:17.582000Z,2026-06-15
FLW_b07e9077,1PC1,2026-06-11T11:07:35.962130Z,accepted,2026-06-11T17:08:57.907095Z,2026-06-11T17:38:43.084000Z,2026-06-11
FLW_3b17047b,1PC1,2026-06-11T10:55:27.259889Z,accepted,2026-06-13T13:27:46.105696Z,2026-06-13T13:46:23.530000Z,2026-06-13
FLW_db714949,1PC1,2026-06-11T15:55:13.143037Z,accepted,2026-06-14T10:26:03.684932Z,2026-06-14T10:44:19.931000Z,2026-06-17
FLW_8078c095,1PC1,2026-06-11T15:55:12.902340Z,accepted,,,
FLW_efaa45cc,1PC1,2026-06-11T16:00:19.150632Z,accepted,2026-06-11T22:38:05.946175Z,2026-06-11T23:07:07.416000Z,2026-06-12
FLW_34e7fe41,1PC1,2026-06-11T10:55:27.023426Z,accepted,2026-06-11T12:58:42.895466Z,2026-06-11T13:10:02.674000Z,2026-06-11
FLW_2663b77d,1PC1,2026-06-11T10:55:26.751040Z,accepted,2026-06-11T11:16:29.306705Z,2026-06-11T11:29:47.490000Z,2026-06-11
FLW_ce4ba690,1PC1,2026-07-03T09:52:11.091224Z,accepted,2026-07-03T12:37:57.738056Z,2026-07-03T12:50:58.796000Z,
FLW_804c6405,1PC1,2026-06-11T11:31:57.659758Z,accepted,2026-06-20T20:38:48.994353Z,2026-06-23T22:33:29.672000Z,2026-06-23
FLW_6995dedb,1PC1,2026-06-11T10:55:26.964146Z,accepted,2026-07-07T14:45:26.404338Z,2026-07-07T15:03:27.263000Z,2026-07-07
FLW_7df07fda,1PC1,2026-06-11T16:03:24.214245Z,sms_delivered,,,
FLW_8a1aabd2,1PC1,2026-06-11T16:09:50.955068Z,accepted,2026-06-11T20:57:17.563252Z,2026-06-11T23:16:56.100000Z,2026-06-11
FLW_1dcc47c4,1PC1,2026-06-11T16:00:19.045140Z,accepted,2026-06-11T16:13:24.542217Z,2026-06-11T16:24:38.500000Z,2026-06-11
FLW_3875bb5f,1PC1,2026-06-11T16:00:18.830767Z,accepted,2026-06-12T06:23:16.691211Z,2026-06-14T16:49:57.738000Z,2026-06-14
FLW_73621a72,1PC1,2026-06-11T16:00:19.182200Z,accepted,2026-06-11T16:07:35.904855Z,2026-06-11T16:12:50.389000Z,2026-06-11
FLW_a7cffb9e,1PC1,2026-06-11T16:00:19.499169Z,sms_delivered,,,
FLW_035db56b,1PC1,2026-06-11T16:00:19.559761Z,accepted,2026-06-11T16:36:55.886914Z,2026-06-11T17:18:15.913000Z,2026-06-11
FLW_3d4bdc81,1PC1,2026-06-11T10:55:27.525748Z,accepted,2026-06-11T10:58:07.788745Z,2026-06-11T11:36:01.712000Z,2026-06-11
FLW_8470e7b6,1PC1,2026-06-11T16:09:50.603052Z,accepted,2026-06-12T09:56:56.515421Z,2026-06-12T10:48:14.494000Z,2026-06-13
FLW_dad48ad2,1PC1,2026-06-11T11:07:35.749615Z,accepted,2026-06-11T12:10:35.703156Z,2026-06-11T19:41:52.415000Z,2026-06-11
FLW_65e1aa02,1PC1,2026-06-11T16:09:50.566320Z,accepted,2026-06-11T17:12:03.220878Z,2026-06-11T17:26:02.605000Z,2026-06-11
FLW_db011ea5,1PC1,2026-06-11T16:03:24.458161Z,accepted,2026-06-11T16:42:04.172805Z,2026-06-11T16:53:07.296000Z,2026-06-11
FLW_533cd64b,1PC1,2026-06-11T16:09:50.924860Z,accepted,2026-06-11T16:10:27.210181Z,2026-06-11T16:16:18.243000Z,2026-06-12
FLW_796d4986,1PC1,2026-06-11T16:03:23.943092Z,accepted,2026-06-16T10:08:14.195255Z,2026-06-16T10:13:32.143000Z,2026-06-16
FLW_8d41b5c6,1PC1,2026-06-11T15:55:12.932254Z,sms_delivered,,,
FLW_1fed64e9,1PC1,2026-06-11T15:55:13.353205Z,accepted,2026-06-15T08:21:31.652943Z,2026-06-23T08:49:12.058000Z,2026-06-23
FLW_69f1e5ab,1PC1,2026-06-11T15:55:12.663034Z,sms_delivered,,,
FLW_f0697b78,1PC1,2026-06-11T15:55:13.293447Z,sms_delivered,,,
FLW_a30eb1b7,1PC1,2026-06-11T15:55:12.815212Z,accepted,2026-06-12T20:02:37.423754Z,2026-06-14T20:13:59.689000Z,2026-06-14
FLW_ac09af5e,1PC1,2026-06-11T15:55:12.535914Z,accepted,2026-06-12T21:35:15.261774Z,2026-06-13T08:43:14.051000Z,2026-06-14
FLW_8531b6fd,1PC1,2026-06-11T16:03:24.487373Z,sms_delivered,,,
FLW_36f38a50,1PC1,2026-06-11T16:09:50.768855Z,accepted,2026-06-11T16:27:16.157176Z,2026-06-11T16:34:59.618000Z,2026-06-11
FLW_d3542c0e,1PC1,2026-06-11T16:09:51.181661Z,accepted,2026-06-11T20:58:18.312014Z,,
FLW_345d7b09,1PC1,2026-06-11T16:09:50.984671Z,accepted,2026-06-11T17:19:02.492710Z,2026-06-11T16:51:31.158000Z,2026-06-21
FLW_fd593fb8,1PC1,2026-06-11T16:09:51.215394Z,accepted,2026-06-11T18:49:24.276139Z,2026-06-11T18:58:38.771000Z,2026-06-11
FLW_f8f1f648,1PC1,2026-06-11T16:09:51.288217Z,accepted,2026-06-24T20:06:57.755331Z,2026-06-24T20:23:52.777000Z,2026-06-24
FLW_a09e9cbd,1PC1,2026-06-11T16:09:51.429540Z,accepted,2026-06-11T16:21:55.938325Z,2026-06-11T16:42:16.094000Z,2026-06-11
FLW_9c553491,1PC1,2026-06-11T16:09:51.115657Z,accepted,2026-06-13T16:58:36.122328Z,2026-06-13T17:24:21.916000Z,2026-06-14
FLW_8aca813e,1PC1,2026-06-11T16:09:51.521580Z,accepted,2026-06-11T16:11:07.507994Z,2026-06-11T18:02:37.930000Z,2026-06-11
FLW_a666b755,1PC1,2026-06-11T16:09:50.894031Z,accepted,2026-06-11T16:22:23.426772Z,2026-06-11T16:35:37.109000Z,2026-06-11
FLW_56adbd3d,1PC1,2026-06-11T16:09:51.016112Z,accepted,2026-06-11T20:47:11.606304Z,2026-06-12T10:36:30.402000Z,2026-06-12
FLW_3f052aff,1PC1,2026-06-11T16:09:51.364783Z,accepted,2026-06-16T07:58:42.336504Z,2026-06-16T08:21:02.373000Z,2026-06-28
FLW_3cb30766,1PC1,2026-06-11T16:09:50.533129Z,accepted,2026-06-12T06:12:18.186586Z,2026-06-12T08:36:56.207000Z,2026-06-12
FLW_4a54302c,1PC1,2026-06-11T16:09:51.250767Z,accepted,2026-06-11T17:52:13.960991Z,2026-06-11T18:05:29.013000Z,2026-06-11
FLW_831831a3,1PC1,2026-06-11T16:09:50.390631Z,accepted,2026-06-24T20:17:04.928202Z,2026-06-24T20:26:26.653000Z,2026-06-24
FLW_0fe3bfb5,1PC1,2026-06-11T16:09:50.737970Z,accepted,2026-06-11T16:14:10.899096Z,2026-06-11T16:24:07.971000Z,2026-06-11
FLW_12ba43b2,1PC1,2026-06-11T16:09:50.831541Z,accepted,2026-06-12T19:56:24.655046Z,2026-06-14T22:05:12.243000Z,2026-06-14
FLW_a3864c4a,1PC1,2026-06-29T15:29:45.905100Z,accepted,2026-06-29T15:33:21.215273Z,2026-06-29T16:22:44.206000Z,2026-06-29
FLW_93ef5e14,1PC1,2026-06-11T16:09:51.330487Z,accepted,2026-06-11T18:54:55.936487Z,2026-06-11T19:10:46.902000Z,2026-06-11
FLW_1f3e9f7c,1PC1,2026-06-11T16:09:51.149743Z,accepted,2026-06-11T16:42:35.641007Z,2026-06-11T17:16:25.309000Z,2026-06-11
FLW_f386c5e7,1PC1,2026-06-11T16:09:51.051342Z,accepted,2026-06-11T17:26:48.317242Z,2026-06-11T17:40:56.985000Z,2026-06-11
FLW_6c0f1027,1PC1,2026-06-11T16:09:51.490933Z,accepted,2026-06-11T17:09:21.260509Z,2026-06-11T17:20:30.618000Z,2026-06-11
FLW_55f95ae7,1PC1,2026-06-11T16:09:50.864359Z,accepted,2026-06-11T17:45:00.858275Z,2026-06-12T03:57:17.673000Z,2026-06-12
FLW_e7724b78,1PC1,2026-06-11T16:09:51.459724Z,accepted,2026-06-17T13:49:35.317591Z,2026-06-17T13:56:21.504000Z,2026-06-17
FLW_27abc89d,1PC1,2026-06-22T18:20:39.638635Z,accepted,2026-06-22T18:26:30.996481Z,2026-06-22T18:50:22.829000Z,2026-06-22
FLW_e8a438ac,1PC1,2026-06-11T11:07:36.629777Z,sms_not_delivered,,,
FLW_954d2aa1,1PC1,2026-06-11T11:31:58.059833Z,sms_delivered,,,
FLW_e8487dc1,1PC1,2026-07-03T08:10:05.108325Z,sms_delivered,,,
FLW_b56ecc1f,1PC1,2026-06-11T16:03:23.784969Z,accepted,2026-06-29T18:24:03.783138Z,2026-06-29T18:34:52.314000Z,2026-06-29
FLW_fa34543d,1PC1,2026-06-11T16:03:23.847698Z,accepted,2026-06-11T16:08:00.230389Z,2026-06-11T16:21:21.763000Z,2026-06-11
FLW_165b8ef2,1PC1,2026-06-11T16:00:19.713050Z,accepted,2026-06-11T21:54:13.395468Z,2026-06-11T22:19:22.001000Z,2026-06-11
FLW_1a8e30d3,1PC1,2026-06-11T16:00:19.083585Z,accepted,2026-06-11T19:03:32.140185Z,2026-06-12T08:21:36.207000Z,2026-06-12
FLW_a82a2928,1PC1,2026-06-11T16:00:19.313319Z,accepted,,2026-06-12T14:53:55.521000Z,2026-06-12
FLW_f8ea894f,1PC1,2026-06-11T16:00:19.621250Z,accepted,2026-06-12T13:39:55.715860Z,,
FLW_6f40f930,1PC1,2026-06-11T16:09:51.397502Z,accepted,2026-06-11T16:11:53.197122Z,2026-06-11T16:25:41.177000Z,2026-06-11
FLW_c0efd820,1PC1,2026-06-11T16:00:19.438809Z,accepted,2026-06-11T20:30:59.020361Z,2026-06-11T20:48:25.144000Z,2026-06-11
FLW_9690a057,1PC1,2026-06-11T16:00:18.915835Z,accepted,2026-06-11T16:06:10.737467Z,2026-06-12T08:17:06.801000Z,2026-06-12
FLW_89991ebd,1PC1,2026-06-11T16:00:18.947795Z,accepted,2026-06-11T16:03:40.772763Z,2026-06-11T16:27:08.660000Z,2026-06-11
FLW_b131d86d,1PC1,2026-06-11T10:55:27.230951Z,accepted,2026-06-11T10:58:24.320423Z,2026-06-11T11:04:46.304000Z,2026-06-11
FLW_12690c10,1PC1,2026-06-11T11:31:57.968082Z,accepted,2026-06-27T10:59:05.639177Z,2026-06-27T11:06:05.735000Z,2026-06-27
FLW_fef78ef1,1PC1,2026-06-11T10:55:27.051577Z,accepted,2026-06-11T10:59:31.888169Z,2026-06-11T11:16:42.082000Z,
FLW_7c889d8a,1PC1,2026-06-11T11:31:57.909647Z,accepted,2026-06-14T13:58:51.669633Z,2026-06-14T14:10:42.420000Z,2026-06-14
FLW_52390efe,1PC1,2026-06-11T10:55:27.495443Z,accepted,2026-06-12T07:07:18.317773Z,2026-06-14T07:09:05.684000Z,2026-06-15
FLW_e1128ded,1PC1,2026-06-11T10:55:26.721373Z,accepted,2026-06-11T13:24:14.346476Z,2026-06-11T13:43:28.210000Z,2026-06-15
FLW_06eefc67,1PC1,2026-06-11T10:55:27.408277Z,accepted,2026-06-11T11:27:21.671660Z,2026-06-11T11:50:56.003000Z,2026-06-11
FLW_a594cabc,1PC1,2026-06-11T11:31:57.510455Z,sms_delivered,,,
FLW_26d1fc5f,1PC1,2026-06-11T11:31:57.878575Z,sms_delivered,,,
FLW_2f73dd70,1PC1,2026-06-11T11:31:57.782270Z,accepted,2026-06-13T13:24:10.573080Z,2026-06-13T20:26:23.589000Z,2026-06-13
FLW_67fe1b4d,1PC1,2026-06-11T10:55:26.906033Z,accepted,2026-06-11T11:52:09.616090Z,2026-06-12T09:30:31.533000Z,2026-06-12
FLW_e012c79d,1PC1,2026-06-11T10:55:26.993412Z,accepted,2026-06-11T12:54:21.139255Z,2026-06-11T13:08:11.403000Z,2026-06-15
FLW_84ee6508,1PC1,2026-06-11T10:55:27.288776Z,accepted,2026-06-11T14:48:38.660177Z,2026-06-17T14:51:59.231000Z,2026-06-17
FLW_6ad63fa2,1PC1,2026-06-11T11:31:57.628587Z,accepted,2026-06-11T18:11:05.641805Z,,
FLW_f1c35780,1PC1,2026-06-11T11:07:36.685151Z,accepted,2026-06-26T06:02:20.638986Z,2026-06-26T06:08:51.015000Z,2026-06-26
FLW_ff3752a8,1PC1,2026-06-11T16:00:19.590248Z,accepted,2026-06-11T17:11:39.423739Z,2026-06-11T17:19:14.080000Z,2026-06-11
FLW_2d11b35d,1PC1,2026-06-11T16:00:19.251752Z,accepted,2026-06-11T18:07:41.338308Z,2026-06-12T21:27:10.047000Z,2026-06-12
FLW_ad994e72,1PC1,2026-06-11T16:03:23.914177Z,accepted,2026-06-11T16:22:52.518134Z,2026-06-11T22:12:49.359000Z,2026-06-11
FLW_230920a7,1PC1,2026-06-11T16:03:23.883227Z,accepted,2026-06-15T06:14:07.519547Z,2026-06-15T06:23:32.829000Z,2026-06-16
FLW_2227b438,1PC1,2026-06-11T16:09:50.502624Z,accepted,2026-06-11T16:11:55.147088Z,2026-06-11T16:22:49.091000Z,2026-06-11
FLW_a4b81501,1PC1,2026-06-11T11:31:57.363477Z,accepted,2026-06-11T13:27:13.654407Z,2026-06-11T13:51:15.817000Z,2026-06-11
FLW_54733633,1PC1,2026-06-11T16:03:24.124843Z,accepted,2026-06-11T18:42:30.057262Z,2026-06-11T18:47:06.780000Z,2026-06-11
FLW_4dcb8789,1PC1,2026-06-11T15:55:13.231538Z,accepted,2026-06-18T17:30:28.086760Z,2026-06-18T17:43:09.407000Z,2026-06-18
FLW_8834973b,1PC1,2026-06-11T15:55:12.695427Z,sms_delivered,,,
FLW_47c4b48f,1PC1,2026-06-11T15:55:12.873498Z,accepted,2026-06-11T15:56:50.466880Z,2026-06-11T16:03:22.103000Z,2026-06-11
FLW_1513fe2e,1PC1,2026-06-11T15:55:12.993063Z,sms_delivered,,,
FLW_45b5a255,1PC1,2026-06-11T15:55:13.024228Z,accepted,,,
FLW_516bf083,1PC1,2026-06-11T15:55:13.172712Z,sms_delivered,,,
FLW_fea4aa62,1PC1,2026-06-11T15:55:13.202049Z,sms_delivered,,,
FLW_5c883979,1PC1,2026-06-11T15:55:12.785545Z,accepted,2026-06-11T15:57:52.976692Z,2026-06-11T16:06:44Z,2026-06-12
FLW_4ef83b75,1PC1,2026-06-11T15:55:13.323844Z,sms_delivered,,,
FLW_e1d4c437,1PC1,2026-06-11T15:55:13.112749Z,accepted,2026-06-23T21:27:50.027257Z,,
FLW_a923a664,1PC1,2026-06-11T15:55:12.755895Z,accepted,2026-06-14T20:17:07.964240Z,2026-06-14T20:42:58.865000Z,2026-06-14
FLW_2554f8bc,1PC1,2026-06-11T16:00:18.883270Z,sms_delivered,,,
FLW_f9bf43b3,1PC1,2026-06-11T11:07:36.516077Z,accepted,2026-06-11T12:09:58.286235Z,2026-06-11T13:12:14.210000Z,2026-06-15
FLW_316b75d6,1PC1,2026-06-11T16:03:23.723139Z,accepted,2026-06-11T17:44:25.141224Z,2026-06-11T17:52:12.470000Z,2026-06-11
FLW_ceb3328c,1PC1,2026-06-11T16:03:23.663163Z,sms_delivered,,,
FLW_bdee6b4f,1PC1,2026-06-11T16:03:24.064880Z,sms_delivered,,,
FLW_04a0fa9c,1PC1,2026-06-11T16:03:24.095709Z,sms_delivered,,,
FLW_d35e4e93,1PC1,2026-06-11T16:03:24.244494Z,accepted,2026-06-11T19:44:10.359159Z,2026-06-11T19:57:51.871000Z,2026-06-11
FLW_2203eada,1PC1,2026-06-11T16:03:23.556597Z,accepted,2026-06-11T21:46:04.763693Z,2026-06-11T22:01:29.120000Z,2026-06-11
FLW_da3d3bb2,1PC1,2026-06-11T16:03:23.602424Z,accepted,2026-06-11T21:56:48.883505Z,2026-06-11T22:14:15.067000Z,2026-06-11
FLW_66604cee,1PC1,2026-06-11T16:03:24.155785Z,accepted,2026-06-13T14:43:30.841827Z,2026-06-15T22:22:42.569000Z,2026-06-16
FLW_56f7670e,1PC1,2026-06-11T16:03:24.399844Z,accepted,2026-06-15T23:26:32.584565Z,,
FLW_2ba32210,1PC1,2026-06-11T16:03:23.973052Z,accepted,2026-06-15T16:00:23.156754Z,2026-06-24T20:58:06.424000Z,2026-06-24
FLW_3a77208f,1PC1,2026-06-19T12:21:03.464926Z,accepted,2026-06-19T13:05:37.593904Z,2026-06-19T13:17:54.204000Z,2026-06-19
FLW_d381284b,1PC1,2026-06-11T16:00:19.781113Z,accepted,2026-07-07T16:08:04.738657Z,2026-07-12T09:12:50.551000Z,2026-07-12
FLW_befce5fd,1PC1,2026-06-11T10:55:26.595835Z,accepted,2026-06-11T11:25:42.480903Z,2026-06-11T11:36:59.906000Z,2026-06-11
FLW_69a4bb4e,1PC1,2026-06-11T10:55:27.080671Z,accepted,2026-06-11T11:00:23.611115Z,2026-06-11T13:11:53.380000Z,2026-06-15
FLW_93197514,1PC1,2026-06-11T15:55:12.470717Z,accepted,2026-06-14T20:29:48.564718Z,,
FLW_f6bb89f0,1PC1,2026-06-11T16:00:19.345552Z,accepted,2026-06-11T18:15:18.130649Z,2026-06-12T21:28:43.308000Z,2026-06-12
FLW_231d85b3,1PC1,2026-06-11T16:00:19.011974Z,accepted,2026-06-11T16:24:27.810247Z,2026-06-11T16:30:54.865000Z,2026-06-17
FLW_2be799f3,1PC1,2026-06-11T16:03:24.184278Z,accepted,2026-06-11T16:35:35.267161Z,,
FLW_440ce0e7,1PC1,2026-06-11T16:03:24.034673Z,accepted,2026-06-11T21:58:36.035750Z,2026-06-11T22:10:12.391000Z,
FLW_fd246dc3,1PC1,2026-06-11T16:09:50.438891Z,accepted,2026-06-11T16:21:26.680417Z,2026-06-11T16:27:09.823000Z,2026-06-11
FLW_ad14ec1b,1PC1,2026-06-11T16:03:24.516326Z,accepted,2026-06-11T18:52:40.671984Z,2026-06-11T18:57:28.946000Z,2026-06-11
FLW_e4eca69f,1PC1,2026-06-11T16:03:23.816558Z,accepted,2026-06-11T21:26:45.876253Z,,
FLW_af8724cd,1PC1,2026-06-11T16:03:23.692208Z,accepted,2026-06-17T13:32:37.070928Z,,
FLW_b3dbc110,1PC1,2026-06-11T11:07:36.314231Z,accepted,2026-06-11T11:50:52.391216Z,2026-06-11T12:02:49.453000Z,2026-06-11
FLW_e1557fb7,1PC1,2026-06-11T10:55:27.465343Z,accepted,2026-06-11T19:47:04.330819Z,2026-07-05T16:41:47.276000Z,2026-07-05
FLW_f1282f64,1PC1,2026-06-11T16:00:19.530084Z,accepted,2026-06-11T18:51:33.401221Z,2026-06-17T11:32:49.343000Z,2026-06-17
FLW_55f23c16,1PC1,2026-06-11T15:55:12.568725Z,accepted,2026-06-11T16:38:10.528148Z,2026-06-12T00:40:02.960000Z,2026-06-12
FLW_0493d27a,1PC1,2026-06-11T16:00:19.652134Z,accepted,2026-06-11T16:42:10.594226Z,2026-06-11T16:53:00.287000Z,2026-06-11
FLW_1c9218f3,1PC1,2026-06-11T15:55:12.419037Z,accepted,2026-06-11T16:11:15.544734Z,2026-06-11T16:20:33.898000Z,2026-06-11
FLW_278f0da3,1PC1,2026-06-11T16:00:19.405670Z,accepted,2026-06-11T16:23:15.118150Z,2026-06-11T16:29:57.505000Z,2026-06-11
FLW_ec5d285f,1PC1,2026-06-11T15:55:13.083936Z,sms_delivered,,,
FLW_76780a6a,1PC1,2026-06-11T15:55:12.724674Z,sms_delivered,,,
FLW_5d4fa56f,1PC1,2026-06-11T15:55:13.053555Z,sms_delivered,,,
FLW_38e90bc1,1PC1,2026-06-11T15:55:12.962055Z,accepted,2026-06-14T05:26:44.793031Z,2026-06-14T05:40:55.728000Z,2026-06-14
FLW_f27d0171,1PC1,2026-06-11T15:55:12.503790Z,accepted,2026-06-11T16:05:39.284181Z,2026-06-11T16:28:20.060000Z,2026-06-11
FLW_e5dec67e,1PC1,2026-06-11T16:09:50.799254Z,accepted,2026-06-11T19:07:23.739268Z,2026-06-11T19:28:27.897000Z,2026-06-11
FLW_0602c1e5,1PC1,2026-06-11T11:31:58.148499Z,accepted,2026-06-11T13:34:57.857147Z,2026-06-11T13:41:03.823000Z,2026-06-11
FLW_57ad5d93,1PC1,2026-06-11T16:03:24.308385Z,accepted,2026-06-11T22:17:48.689231Z,2026-06-11T22:41:21.408000Z,2026-06-11
FLW_f1951c07,1PC1,2026-06-11T16:03:24.369670Z,sms_delivered,,,
FLW_30ffaf68,1PC1,2026-06-11T16:03:24.002748Z,accepted,2026-06-13T06:59:42.756704Z,2026-06-13T17:07:49.996000Z,2026-06-13
FLW_bb4dd489,1PC1,2026-06-11T16:03:23.754634Z,accepted,2026-06-11T16:12:33.227922Z,2026-06-11T16:31:21.189000Z,2026-06-11
FLW_4e157f36,1PC1,2026-06-11T16:03:24.428614Z,accepted,2026-06-15T20:37:48.755451Z,2026-06-15T20:48:33.238000Z,2026-06-15
FLW_78a1e7d3,1PC1,2026-06-11T16:00:19.814754Z,accepted,2026-06-11T16:01:17.918733Z,2026-06-11T16:05:24.260000Z,2026-06-11
FLW_a86aa665,1PC1,2026-06-11T16:00:19.469321Z,accepted,2026-06-11T16:11:52.779561Z,2026-06-11T16:27:39.280000Z,2026-06-11
FLW_05063659,1PC1,2026-06-11T16:00:18.979645Z,sms_delivered,,,
FLW_7776651b,1PC1,2026-06-11T16:00:19.375131Z,accepted,2026-06-11T21:26:59.134800Z,2026-06-16T22:23:52.917000Z,2026-06-16
FLW_9e5e0a78,1PC1,2026-06-11T16:09:50.670368Z,accepted,2026-06-11T21:08:17.206135Z,2026-06-11T21:22:11.118000Z,2026-06-11
FLW_54520369,1PC1,2026-06-11T16:00:19.682306Z,accepted,2026-06-11T16:01:44.945122Z,2026-06-11T16:07:07.905000Z,2026-06-11
FLW_f33588e8,1PC1,2026-06-11T16:03:24.339203Z,sms_delivered,,,
FLW_117ba3a0,1PC1,2026-06-11T16:09:50.637915Z,sms_delivered,,,
FLW_54b5dc7b,1PC1,2026-06-11T16:03:23.632700Z,accepted,2026-06-11T17:53:34.587038Z,2026-06-11T18:05:02.370000Z,2026-06-11
FLW_fe2b079e,1PC1,2026-06-11T10:55:27.200584Z,accepted,2026-06-13T13:48:43.288790Z,2026-06-13T13:52:51.634000Z,2026-06-13
FLW_1ee995b8,1PC1,2026-06-19T12:21:03.660263Z,sms_delivered,,,
FLW_aacdd6b0,1PC1,2026-06-19T12:21:03.870505Z,accepted,2026-06-19T12:49:16.428154Z,2026-06-19T12:59:12.393000Z,2026-06-19
FLW_2ac57e30,1PC1,2026-06-19T12:21:03.829671Z,accepted,2026-06-23T10:23:45.244644Z,2026-06-30T10:34:20.071000Z,2026-06-30
FLW_7323293c,1PC1,2026-06-19T12:21:03.606898Z,accepted,2026-06-26T13:16:42.452290Z,2026-06-29T15:04:31.821000Z,2026-06-29
FLW_2661e661,1PC1,2026-06-19T12:21:03.746614Z,accepted,2026-06-22T07:50:19.194894Z,2026-06-22T08:02:24.109000Z,2026-06-22
FLW_47fb6f2f,1PC1,2026-06-19T12:21:03.704598Z,sms_not_delivered,,,
FLW_8b95b17e,1PC1,2026-06-19T12:21:03.517563Z,accepted,2026-06-20T15:48:21.556191Z,2026-06-20T16:20:36.326000Z,2026-06-20
FLW_8d144744,1PC1,2026-06-19T12:21:03.419100Z,accepted,2026-06-19T12:43:32.595067Z,2026-06-19T13:26:36.529000Z,2026-06-19
FLW_ed010394,1PC1,2026-06-19T12:21:03.561434Z,accepted,2026-06-19T12:26:02.385284Z,2026-06-19T12:45:03.111000Z,2026-06-19
FLW_c7601758,1PC1,2026-06-19T12:21:03.786825Z,accepted,2026-06-26T18:19:13.711059Z,2026-06-27T17:58:48.107000Z,2026-06-27
FLW_1bdd78fe,1PC1,2026-06-19T12:21:03.337720Z,accepted,2026-06-30T08:58:31.100224Z,2026-06-30T09:07:39.229000Z,2026-06-30
FLW_f12b70fa,1PC1,2026-06-11T11:31:57.751256Z,accepted,2026-06-11T12:14:54.135164Z,2026-06-11T12:31:30.606000Z,2026-06-11
FLW_2036f288,1PC1,2026-06-11T11:07:35.812867Z,accepted,2026-06-11T16:41:23.871298Z,2026-06-11T16:57:49.554000Z,2026-06-11
FLW_80b0a835,1PC1,2026-06-11T11:07:36.574264Z,accepted,2026-06-11T13:42:14.050151Z,2026-06-11T18:45:59.393000Z,2026-06-12
FLW_2e21ba7e,1PC1,2026-06-11T11:07:36.172157Z,accepted,2026-06-12T16:54:04.300833Z,2026-06-12T17:11:32.084000Z,2026-06-12
FLW_231636f2,1PC1,2026-06-11T11:07:36.602618Z,accepted,2026-06-11T17:59:37.652142Z,2026-06-11T18:06:12.076000Z,2026-06-11
FLW_8d7ec06b,1PC1,2026-06-11T11:07:36.457315Z,accepted,2026-06-11T18:02:45.529012Z,2026-06-11T18:16:14.624000Z,2026-06-11
FLW_9a7fd6e9,1PC1,2026-06-11T11:07:36.486251Z,accepted,2026-06-11T11:11:04.303493Z,2026-06-11T11:23:31.820000Z,2026-06-11
FLW_47cbcfad,1PC1,2026-06-11T11:07:35.697535Z,accepted,2026-06-11T14:55:47.127173Z,2026-06-11T15:00:31.580000Z,2026-06-11
FLW_f93200a6,1PC1,2026-06-11T11:07:36.229090Z,accepted,2026-06-11T12:17:46.602752Z,2026-06-11T12:21:18.556000Z,2026-06-11
FLW_037ee80b,1PC1,2026-06-11T11:07:35.902501Z,accepted,2026-06-11T11:32:05.829605Z,2026-06-11T11:39:00.273000Z,2026-06-11
FLW_238af964,1PC1,2026-06-11T11:07:36.044927Z,accepted,2026-06-12T15:54:33.580087Z,2026-06-12T16:58:41.185000Z,2026-06-19
FLW_0d760b56,1PC1,2026-06-11T11:07:35.932521Z,accepted,2026-06-12T18:15:14.600087Z,2026-06-14T04:34:01.596000Z,2026-06-14
FLW_a5c0fbb2,1PC1,2026-06-11T16:00:19.282376Z,accepted,2026-06-11T17:12:21.403089Z,,
FLW_33399d97,1PC1,2026-06-11T16:00:19.749329Z,accepted,2026-06-12T19:13:09.877197Z,2026-06-12T19:19:05.177000Z,2026-06-12
FLW_21021571,1PC1,2026-06-11T10:55:26.846837Z,accepted,2026-06-11T14:06:56.100046Z,2026-06-11T20:27:23.530000Z,2026-06-11
FLW_38600452,1PC1,2026-06-11T10:55:26.876576Z,accepted,2026-06-11T11:58:46.008199Z,2026-06-11T12:11:45.067000Z,2026-06-11
FLW_ef42afb9,1PC1,2026-06-11T10:55:26.659314Z,accepted,2026-06-11T11:00:30.603990Z,2026-06-11T11:12:55.353000Z,2026-06-11
FLW_b9e2812e,1PC1,2026-06-11T15:55:13.262187Z,sms_delivered,,,
FLW_b6c4b0e0,1PC1,2026-06-11T15:55:12.843945Z,accepted,2026-06-11T16:51:05.689893Z,2026-06-11T16:59:57.276000Z,2026-06-11
FLW_ae67380a,1PC1,2026-06-11T11:31:58.237012Z,sms_delivered,,,
FLW_2de5b5aa,1PC1,2026-06-11T10:55:26.934605Z,sms_delivered,,,
FLW_039f8599,1PC1,2026-06-11T11:31:57.599665Z,accepted,2026-06-12T12:01:36.161939Z,2026-06-12T14:57:58.109000Z,2026-06-12
FLW_8702227b,1PC1,2026-06-11T16:00:19.847724Z,accepted,2026-06-11T19:23:36.369021Z,2026-06-11T20:42:07.655000Z,2026-06-11
FLW_fc880230,1PC1,2026-06-11T16:09:50.470684Z,accepted,2026-06-12T07:35:50.658019Z,2026-06-12T07:47:15.189000Z,2026-06-12
FLW_05fe2f0e,1PC1,2026-06-11T16:09:51.083114Z,accepted,2026-06-11T20:16:26.348435Z,2026-06-18T07:43:56.304000Z,2026-06-18
FLW_d03cad80,1PC1,2026-06-11T15:55:12.632657Z,sms_delivered,,,
FLW_f93de902,1PC1,2026-06-11T16:00:19.116900Z,accepted,2026-06-12T15:22:32.786193Z,2026-06-13T14:30:47.965000Z,2026-06-13
FLW_148c7867,1PC1,2026-06-11T16:00:19.214506Z,accepted,2026-06-12T08:51:55.512796Z,,
FLW_b81c76f6,1PC1,2026-06-11T16:03:24.276811Z,accepted,2026-06-11T16:43:10.864737Z,2026-06-12T12:39:56.725000Z,2026-06-12
FLW_1874d40e,1PE1,2026-06-18T09:08:04.168648Z,accepted,2026-06-19T15:11:14.459267Z,,
FLW_88614c75,1PE1,2026-06-10T18:25:32.864648Z,sms_delivered,,,
FLW_85bdacad,1PE1,2026-06-10T18:25:32.131647Z,accepted,2026-07-19T16:19:45.526739Z,2026-07-19T16:24:58.176000Z,2026-07-25
FLW_b48d24b5,1PE1,2026-06-10T18:25:31.665963Z,accepted,2026-07-11T12:53:27.782448Z,,
FLW_39a7cb7d,1PE1,2026-07-07T11:06:21.971654Z,accepted,2026-07-07T11:06:48.782608Z,2026-07-07T11:10:44.918000Z,2026-07-07
FLW_3be7a37e,1PE1,2026-06-18T09:08:04.452674Z,accepted,2026-06-25T05:32:37.472925Z,2026-06-25T05:35:18.217000Z,2026-06-25
FLW_bd7deb38,1PE1,2026-06-18T09:08:04.667468Z,accepted,2026-06-18T09:42:55.514384Z,2026-06-18T10:02:28.728000Z,2026-06-18
FLW_8776840d,1PE1,2026-07-09T08:58:07.661578Z,accepted,2026-07-09T08:59:12.391194Z,2026-07-09T09:09:18.384000Z,2026-07-09
FLW_c33f7d81,1PE1,2026-06-10T18:25:32.754408Z,accepted,2026-06-16T10:37:09.937745Z,,
FLW_0b8154d7,1PE1,2026-06-10T18:25:32.528770Z,accepted,2026-07-06T16:51:14.863530Z,2026-07-16T13:41:38.243000Z,2026-07-21
FLW_44090be2,1PE1,2026-06-18T09:10:30.256524Z,accepted,2026-07-07T09:46:11.209128Z,2026-07-07T09:56:50.002000Z,2026-07-07
FLW_d7ea0191,1PE1,2026-06-18T09:13:22.443271Z,accepted,2026-06-21T15:36:37.376120Z,2026-06-21T15:43:45.362000Z,2026-06-21
FLW_f7b8dfd6,1PE1,2026-06-18T09:13:21.921905Z,accepted,2026-06-18T11:18:19.646690Z,2026-06-18T11:28:31.829000Z,2026-06-18
FLW_5a214356,1PE1,2026-06-18T09:13:22.585838Z,accepted,2026-06-23T13:09:43.208973Z,2026-06-23T13:32:34.225000Z,2026-06-23
FLW_e34a84b4,1PE1,2026-06-18T09:13:22.415421Z,accepted,2026-06-18T20:13:24.994165Z,2026-06-18T20:55:14.663000Z,2026-06-18
FLW_61fe91e6,1PE1,2026-06-18T09:13:22.472192Z,accepted,2026-06-18T09:49:03.655743Z,2026-06-18T09:58:35.886000Z,2026-06-18
FLW_eac764b4,1PE1,2026-06-18T09:13:22.388143Z,accepted,2026-06-18T14:21:22.692294Z,2026-06-18T14:31:03.626000Z,2026-06-18
FLW_f504e9c4,1PE1,2026-06-18T09:13:22.556586Z,accepted,2026-06-23T22:05:20.279270Z,2026-07-10T09:12:59.250000Z,2026-07-10
FLW_c1f04567,1PE1,2026-06-18T09:13:22.273475Z,accepted,2026-06-19T10:33:56.094978Z,2026-06-19T16:55:21.420000Z,2026-06-19
FLW_e42c96b7,1PE1,2026-06-18T09:13:22.529271Z,accepted,2026-06-18T09:19:22.345332Z,2026-06-18T10:14:44.134000Z,2026-06-18
FLW_ef649930,1PE1,2026-06-18T09:13:22.188526Z,accepted,2026-06-19T08:11:21.005115Z,2026-06-19T08:16:34.402000Z,2026-06-19
FLW_7c1fbefc,1PE1,2026-06-18T09:13:22.333213Z,accepted,2026-06-18T13:07:55.621219Z,2026-06-18T13:13:40.438000Z,2026-06-18
FLW_7ecb9f93,1PE1,2026-06-18T09:13:22.303778Z,accepted,2026-06-18T10:24:09.866837Z,2026-06-18T11:04:47.570000Z,2026-06-18
FLW_06c61292,1PE1,2026-06-18T09:13:22.093520Z,accepted,2026-06-18T13:42:36.877168Z,2026-06-18T13:52:20.686000Z,2026-06-18
FLW_b365c634,1PE1,2026-06-18T09:13:22.054039Z,sms_delivered,,,
FLW_e825cff5,1PE1,2026-06-10T18:25:31.754101Z,accepted,2026-06-17T04:36:33.471158Z,,
FLW_0ceec23f,1PE1,2026-06-18T09:13:22.017924Z,accepted,2026-06-18T11:49:09.839360Z,2026-06-18T12:08:08.323000Z,2026-06-18
FLW_33be6f3d,1PE1,2026-06-18T09:08:04.423414Z,accepted,2026-07-09T09:49:59.560929Z,2026-07-09T10:00:10.736000Z,2026-07-09
FLW_8d66e82d,1PE1,2026-06-10T18:25:32.303752Z,accepted,2026-06-15T17:38:18.167008Z,2026-07-01T19:56:33.320000Z,2026-07-01
FLW_9d60f670,1PE1,2026-06-10T18:25:31.263307Z,accepted,2026-06-10T18:37:03.017858Z,2026-06-23T12:37:34.607000Z,2026-06-30
FLW_fadbd424,1PE1,2026-06-10T18:25:30.481904Z,accepted,2026-06-11T08:05:04.035974Z,2026-06-23T11:01:16.678000Z,2026-06-23
FLW_864df51a,1PE1,2026-06-18T09:13:22.159528Z,accepted,2026-06-18T09:35:01.604203Z,2026-06-18T10:00:32.137000Z,2026-06-18
FLW_ebb002cb,1PE1,2026-06-10T18:25:29.555555Z,accepted,2026-07-11T11:19:36.653706Z,2026-07-11T11:30:54.475000Z,
FLW_b7ddc568,1PE1,2026-06-10T18:25:31.868703Z,accepted,2026-06-10T23:24:05.943130Z,2026-07-06T13:39:51.119000Z,2026-07-06
FLW_2b75de6f,1PE1,2026-06-18T09:13:22.128968Z,accepted,2026-07-10T18:29:56.881267Z,2026-07-11T16:12:09.108000Z,2026-07-11
FLW_3dbe41bf,1PE1,2026-06-18T09:13:22.245283Z,accepted,2026-06-19T16:51:13.976541Z,2026-06-23T10:00:25.385000Z,2026-06-23
FLW_8216f72f,1PE1,2026-06-10T18:25:30.712056Z,accepted,2026-06-10T18:38:17.114240Z,2026-06-18T13:25:10.710000Z,2026-06-18
FLW_a3dc57b6,1PE1,2026-06-10T18:25:30.596662Z,accepted,2026-06-23T20:48:29.484346Z,2026-06-23T21:06:24.907000Z,2026-06-25
FLW_78e51910,1PE1,2026-06-10T18:25:30.864841Z,accepted,2026-06-12T05:01:54.348782Z,2026-06-26T15:09:56.112000Z,
FLW_ef9513d8,1PE1,2026-06-10T18:25:30.741125Z,accepted,2026-06-23T12:44:21.256245Z,2026-06-26T15:37:25.902000Z,2026-06-29
FLW_e6fbcbf8,1PE1,2026-06-10T18:25:31.383158Z,accepted,2026-06-10T20:31:12.511284Z,2026-06-18T22:26:58.170000Z,2026-06-18
FLW_fdfd2615,1PE1,2026-06-18T09:08:04.072598Z,accepted,2026-06-18T15:36:50.572528Z,2026-06-18T15:53:07.559000Z,2026-06-19
FLW_ff6e5570,1PE1,2026-06-18T09:08:04.136384Z,accepted,2026-06-18T09:19:44.723223Z,2026-06-18T10:29:30.934000Z,2026-06-18
FLW_1652be94,1PE1,2026-06-10T18:25:30.540704Z,sms_delivered,,,
FLW_19123cd9,1PE1,2026-06-10T18:25:32.891439Z,accepted,2026-06-16T03:27:18.664572Z,,
FLW_9c3c685a,1PE1,2026-06-10T18:25:33.084886Z,accepted,2026-06-11T22:40:11.139485Z,2026-07-11T12:57:26.492000Z,2026-07-11
FLW_42a5a6b0,1PE1,2026-06-10T18:25:31.172580Z,accepted,2026-06-29T09:12:38.533863Z,2026-06-29T09:17:33.923000Z,2026-06-29
FLW_7fc347d7,1PE1,2026-06-10T18:25:33.058346Z,accepted,2026-06-28T10:42:52.928084Z,2026-07-10T15:47:27.422000Z,
FLW_637f240f,1PE1,2026-06-10T18:25:30.326336Z,sms_delivered,,,
FLW_e1a00725,1PE1,2026-06-18T09:04:37.247705Z,accepted,2026-07-06T09:53:13.400246Z,2026-07-06T10:10:08.355000Z,2026-07-06
FLW_0c0d0a38,1PE1,2026-06-10T18:25:30.356090Z,accepted,2026-06-10T19:04:02.030377Z,2026-06-18T19:38:00.859000Z,2026-06-18
FLW_8198e984,1PE1,2026-06-10T18:25:31.840821Z,sms_delivered,,,
FLW_fdd85602,1PE1,2026-06-10T18:25:32.101035Z,accepted,2026-07-02T11:11:25.680260Z,2026-07-02T11:19:18.256000Z,2026-07-02
FLW_2228e2f7,1PE1,2026-06-10T18:25:30.568870Z,accepted,2026-06-10T18:57:17.389572Z,2026-07-08T17:11:17.809000Z,2026-07-08
FLW_8892e43a,1PE1,2026-07-06T09:27:35.528315Z,accepted,2026-07-06T09:30:07.615321Z,2026-07-06T10:00:23.425000Z,2026-07-06
FLW_1836fbce,1PE1,2026-06-10T18:25:31.582107Z,accepted,2026-06-10T18:44:04.438163Z,,
FLW_59b47d95,1PE1,2026-06-10T18:25:32.187397Z,accepted,2026-07-02T11:44:51.826779Z,2026-07-07T12:55:02.123000Z,2026-07-07
FLW_b907a3f2,1PE1,2026-06-23T08:43:45.198547Z,sms_delivered,,,
FLW_e40ac40a,1PE1,2026-06-10T18:25:29.583947Z,accepted,2026-07-11T18:54:28.189185Z,,
FLW_fe2e3ba4,1PE1,2026-06-10T18:25:32.360227Z,accepted,2026-06-28T12:43:04.496645Z,2026-07-01T22:21:57.387000Z,2026-07-21
FLW_edebfc14,1PE1,2026-06-10T18:25:32.919730Z,accepted,2026-06-16T14:44:37.906358Z,2026-06-25T14:16:09.359000Z,2026-06-25
FLW_3e68100e,1PE1,2026-06-10T18:25:31.354166Z,accepted,2026-06-13T10:42:17.031102Z,,
FLW_0b43ab0a,1PE1,2026-06-10T18:25:30.154392Z,accepted,,,
FLW_9e0412d1,1PE1,2026-06-10T18:25:29.980914Z,sms_delivered,,,
FLW_36a054b1,1PE1,2026-06-10T18:25:30.064317Z,sms_delivered,,,
FLW_740f1f30,1PE1,2026-06-10T18:25:30.960216Z,sms_delivered,,,
FLW_28a8eec7,1PE1,2026-06-10T18:25:31.141721Z,sms_delivered,,,
FLW_1133ec73,1PE1,2026-06-10T18:25:30.242259Z,accepted,2026-06-10T18:38:06.552187Z,2026-06-18T10:16:44.948000Z,2026-06-18
FLW_2ae251a1,1PE1,2026-06-10T18:25:31.203142Z,sms_delivered,,,
FLW_abf06f7b,1PE1,2026-06-10T18:25:30.012935Z,accepted,,,
FLW_ef186547,1PE1,2026-06-10T18:25:30.835248Z,accepted,2026-06-11T06:17:11.471286Z,2026-06-18T21:52:57.015000Z,2026-07-08
FLW_c4bcac1c,1PE1,2026-06-10T18:25:30.509202Z,accepted,2026-07-06T21:41:56.882404Z,,
FLW_c7bc3d14,1PE1,2026-06-18T09:08:03.983156Z,accepted,2026-06-18T14:32:48.726243Z,2026-06-18T14:52:28.664000Z,2026-06-18
FLW_d2524ba4,1PE1,2026-06-18T09:13:21.892368Z,accepted,2026-06-18T09:14:35.978059Z,2026-06-18T09:19:18.867000Z,2026-06-18
FLW_050978ff,1PE1,2026-06-10T18:25:30.383967Z,accepted,2026-06-10T18:59:02.306068Z,2026-06-23T11:03:00.129000Z,2026-06-26
FLW_9dada7df,1PE1,2026-06-10T18:25:31.811159Z,sms_delivered,,,
FLW_6d4ea084,1PE1,2026-06-10T18:25:32.946431Z,invited,,,
FLW_544e94e6,1PE1,2026-06-10T18:25:31.322891Z,accepted,2026-06-10T18:53:26.063198Z,2026-07-10T18:15:47.783000Z,2026-07-11
FLW_9ada51f8,1PE1,2026-06-10T18:25:30.806257Z,accepted,2026-06-13T17:56:27.816348Z,2026-06-29T19:48:51.447000Z,2026-06-30
FLW_57c86922,1PE1,2026-06-10T18:25:32.472327Z,accepted,2026-07-09T13:06:45.340935Z,2026-07-09T13:41:20.721000Z,2026-07-09
FLW_5f317649,1PE1,2026-06-10T18:25:32.809978Z,accepted,2026-06-16T21:14:41.358619Z,2026-07-10T14:13:04.240000Z,2026-07-10
FLW_644513fb,1PE1,2026-06-10T18:25:32.043578Z,sms_delivered,,,
FLW_881f0329,1PE1,2026-06-10T18:25:32.274266Z,sms_delivered,,,
FLW_813127c2,1PE1,2026-06-10T18:25:31.696547Z,sms_delivered,,,
FLW_00838e2d,1PE1,2026-06-10T18:25:32.973355Z,accepted,2026-07-01T10:12:34.435229Z,2026-07-01T10:17:09.199000Z,2026-07-01
FLW_56938702,1PE1,2026-06-10T18:25:32.159660Z,accepted,2026-07-03T19:18:21.987788Z,,
FLW_18a46e19,1PE1,2026-07-09T09:26:34.814146Z,accepted,2026-07-09T09:27:27.360879Z,2026-07-09T09:36:59.414000Z,2026-07-09
FLW_eb99aeec,1PE1,2026-06-10T18:25:29.896035Z,accepted,2026-06-10T18:37:04.080755Z,,
FLW_5ce5e9dd,1PE1,2026-06-19T09:37:49.666740Z,accepted,2026-06-24T10:32:18.005145Z,2026-06-24T10:41:58.466000Z,2026-06-24
FLW_6326e31d,1PE1,2026-06-10T18:25:32.013259Z,accepted,2026-06-10T18:44:19.148012Z,2026-07-01T17:22:44.857000Z,2026-07-01
FLW_5cc1d500,1PE1,2026-06-10T18:25:31.954233Z,accepted,2026-06-10T18:39:37.360246Z,2026-06-20T23:05:50.862000Z,2026-06-28
FLW_9f8664f4,1PE1,2026-06-18T09:08:04.545268Z,accepted,2026-06-18T14:59:20.560124Z,2026-06-18T15:19:13.109000Z,2026-06-18
FLW_258d533f,1PE1,2026-06-24T08:59:38.606209Z,accepted,2026-06-24T10:34:08.452200Z,2026-06-24T11:01:22.884000Z,2026-06-24
FLW_7eaab755,1PE1,2026-06-18T09:08:04.357611Z,accepted,2026-07-09T19:34:00.908215Z,2026-07-09T19:45:02.563000Z,2026-07-09
FLW_a0cd3075,1PE1,2026-07-09T13:06:12.820752Z,accepted,2026-07-09T13:06:42.866671Z,2026-07-09T13:15:27.379000Z,2026-07-09
FLW_ba8c47a4,1PE1,2026-07-10T08:58:11.282458Z,accepted,2026-07-10T09:04:19.257215Z,2026-07-10T09:12:54.100000Z,2026-07-10
FLW_c2528a35,1PE1,2026-07-06T09:20:24.054921Z,accepted,2026-07-06T09:21:01.385453Z,2026-07-06T09:34:48.850000Z,2026-07-06
FLW_f765fcf5,1PE1,2026-06-10T18:25:31.726190Z,accepted,2026-06-10T18:39:43.468249Z,2026-07-01T20:32:39.659000Z,2026-07-01
FLW_4ae14ed8,1PE1,2026-06-10T18:25:32.782492Z,sms_delivered,,,
FLW_468d18a5,1PE1,2026-06-10T18:25:30.654228Z,accepted,,,
FLW_c0b8e816,1PE1,2026-06-10T18:25:29.520566Z,sms_delivered,,,
FLW_aef10065,1PE1,2026-07-07T10:51:51.496055Z,accepted,2026-07-07T10:52:32.608268Z,2026-07-07T11:03:25.588000Z,2026-07-07
FLW_e45e3450,1PE1,2026-06-10T18:25:31.002764Z,accepted,2026-06-10T18:41:38.027706Z,2026-06-23T20:41:39.591000Z,2026-06-23
FLW_18718d32,1PE1,2026-07-06T10:01:45.170639Z,accepted,2026-07-06T10:02:38.390299Z,2026-07-06T10:09:50.057000Z,2026-07-06
FLW_44645285,1PE1,2026-06-10T18:25:29.923821Z,accepted,2026-06-10T20:33:40.096362Z,2026-07-11T14:06:34.353000Z,2026-07-11
FLW_ca168d16,1PE1,2026-07-07T10:51:51.439548Z,accepted,2026-07-07T11:42:33.796808Z,2026-07-07T11:55:25Z,2026-07-07
FLW_8c8d5b4f,1PE1,2026-06-10T18:25:31.108758Z,accepted,2026-06-11T18:51:43.681602Z,2026-06-23T11:03:23.693000Z,2026-06-30
FLW_72944e8e,1PE1,2026-06-10T18:25:30.095070Z,accepted,2026-07-11T20:45:02.399153Z,,
FLW_18fcf121,1PE1,2026-06-10T18:25:32.071569Z,accepted,2026-06-10T18:46:48.215599Z,2026-06-22T21:48:52.649000Z,2026-06-22
FLW_3921788d,1PE1,2026-06-10T18:25:32.669492Z,accepted,2026-06-11T15:50:05.524331Z,2026-07-10T13:38:25.291000Z,2026-07-10
FLW_cd6c40ad,1PE1,2026-06-10T18:25:31.897471Z,accepted,2026-06-11T05:29:43.092241Z,2026-06-19T00:40:42.411000Z,2026-06-19
FLW_03045326,1PE1,2026-06-10T18:25:31.609959Z,accepted,2026-06-10T19:49:24.874253Z,2026-06-30T10:15:19.074000Z,2026-06-30
FLW_7f27eea0,1PE1,2026-06-10T18:25:31.638457Z,accepted,2026-07-08T16:23:30.651761Z,2026-07-12T19:55:18.806000Z,2026-07-12
FLW_743f20ce,1PE1,2026-06-10T18:25:31.983367Z,accepted,,,
FLW_d0dd8a68,1PE1,2026-06-10T18:25:29.754675Z,sms_delivered,,,
FLW_a22f4d72,1PE1,2026-06-10T18:25:32.557135Z,accepted,2026-06-12T08:17:40.448551Z,2026-06-23T18:15:06.091000Z,2026-06-23
FLW_2b924411,1PE1,2026-06-10T18:25:32.612867Z,accepted,2026-06-14T16:34:14.053311Z,2026-07-01T11:28:02.733000Z,2026-07-01
FLW_6cbeb157,1PE1,2026-06-10T18:25:30.411462Z,accepted,2026-06-10T19:08:49.121922Z,2026-06-23T11:11:03.435000Z,2026-06-23
FLW_7d9f40ad,1PE1,2026-06-10T18:25:31.411880Z,sms_delivered,,,
FLW_90c1bf76,1PE1,2026-06-18T09:04:37.312290Z,accepted,2026-06-18T09:08:15.584525Z,2026-06-18T09:17:52.097000Z,2026-06-18
FLW_79ff252b,1PE1,2026-06-10T18:25:32.837411Z,accepted,2026-06-17T08:55:39.421217Z,2026-07-24T11:56:16.559000Z,2026-07-24
FLW_4f8d40c6,1PE1,2026-06-10T18:25:30.270345Z,accepted,2026-07-10T08:25:17.180518Z,2026-07-10T08:38:56.009000Z,2026-07-10
FLW_6806bf22,1PE1,2026-06-10T18:25:32.501015Z,accepted,2026-07-29T14:34:27.388584Z,,
FLW_8927ed64,1PE1,2026-06-10T18:25:29.952581Z,sms_delivered,,,
FLW_b921f81b,1PE1,2026-06-10T18:25:30.893578Z,accepted,2026-06-11T20:54:46.001534Z,2026-06-22T15:33:29.112000Z,2026-06-22
FLW_3e06559c,1PE1,2026-07-09T11:01:57.126952Z,accepted,2026-07-09T11:02:54.711718Z,2026-07-09T11:09:42.201000Z,2026-07-09
FLW_65164e49,1PE1,2026-06-18T09:08:04.605903Z,accepted,2026-06-26T22:02:31.749121Z,2026-06-26T22:07:05.073000Z,2026-06-26
FLW_698d78c3,1PE1,2026-06-18T09:08:04.637415Z,sms_delivered,,,
FLW_e0fddfcc,1PE1,2026-07-17T14:19:46.031129Z,accepted,2026-07-17T14:33:12.516574Z,2026-07-17T14:40:20.454000Z,2026-07-17
FLW_fb9a36cf,1PE1,2026-07-08T19:07:45.226208Z,accepted,2026-07-08T20:01:39.142712Z,2026-07-08T20:07:49.125000Z,2026-07-08
FLW_8762cfda,1PE1,2026-06-10T18:25:30.683328Z,accepted,2026-06-10T18:40:13.544485Z,2026-07-09T13:16:00.174000Z,2026-07-09
FLW_7e019db4,1PE1,2026-06-24T08:59:38.533855Z,accepted,2026-06-24T11:39:40.751056Z,2026-06-24T11:45:39.807000Z,2026-06-24
FLW_a47f309e,1PE1,2026-06-10T18:25:32.641364Z,accepted,2026-07-14T11:15:07.616838Z,,
FLW_f79a32c9,1PE1,2026-06-10T18:25:32.584824Z,accepted,2026-06-11T04:09:04.218803Z,2026-06-19T06:32:09.066000Z,2026-06-19
FLW_05c24865,1PE1,2026-06-18T09:08:04.484533Z,sms_delivered,,,
FLW_4a1c53e1,1PE1,2026-06-18T09:08:04.576192Z,sms_delivered,,,
FLW_7871960a,1PE1,2026-06-10T18:25:29.840033Z,accepted,2026-06-30T15:21:43.639058Z,2026-06-30T15:38:26.086000Z,2026-06-30
FLW_14c7e5ea,1PE1,2026-06-10T18:25:32.445190Z,accepted,2026-06-10T18:56:47.877937Z,2026-06-24T14:05:26.326000Z,2026-06-24
FLW_5fcda91a,1PE1,2026-06-10T18:25:32.417598Z,accepted,2026-06-15T18:38:47.511127Z,2026-08-01T17:57:17.367000Z,2026-08-01
FLW_3d5bec22,1PE1,2026-06-10T18:25:32.215323Z,accepted,2026-07-11T13:35:56.963647Z,2026-07-23T12:29:21.961000Z,2026-07-23
FLW_5b944136,1PE1,2026-06-10T18:25:31.524113Z,sms_delivered,,,
FLW_7b575355,1PE1,2026-06-30T13:50:15.463356Z,accepted,2026-06-30T14:25:59.500105Z,2026-07-10T08:52:04.107000Z,2026-07-10
FLW_5a701fc6,1PE1,2026-06-10T18:25:31.782628Z,accepted,2026-06-15T17:41:30.258655Z,2026-07-01T21:06:28.936000Z,2026-07-01
FLW_e8251a29,1PE1,2026-07-06T13:46:32.367470Z,accepted,2026-07-06T23:34:08.313018Z,2026-07-07T07:15:39.170000Z,2026-07-07
FLW_8c8f35a2,1PE1,2026-06-10T18:25:31.440103Z,sms_delivered,,,
FLW_31f5c524,1PE1,2026-06-10T18:25:30.625482Z,accepted,2026-06-10T20:33:24.145237Z,2026-06-23T10:12:18.390000Z,2026-06-30
FLW_b49b6cd3,1PE1,2026-07-12T09:45:46.576232Z,accepted,2026-07-12T09:46:36.277382Z,2026-07-12T09:51:19.030000Z,2026-07-12
FLW_5e61202d,1PE1,2026-06-10T18:25:30.297519Z,sms_delivered,,,
FLW_7b5c1d45,1PE1,2026-06-10T18:25:30.442146Z,sms_delivered,,,
FLW_3d2f2ef1,1PE1,2026-06-10T18:25:31.292900Z,accepted,2026-06-23T11:00:56.167416Z,2026-06-29T19:19:48.186000Z,2026-06-29
FLW_b4632f89,1PE1,2026-06-10T18:25:31.042853Z,accepted,2026-06-11T00:25:38.410172Z,2026-07-06T14:52:35.869000Z,2026-07-06
FLW_6a879b6a,1PE1,2026-06-10T18:25:30.124283Z,accepted,2026-07-11T14:34:03.813548Z,2026-07-11T14:43:25.466000Z,2026-07-11
FLW_561aa0df,1PE1,2026-06-10T18:25:33.030463Z,accepted,2026-06-11T11:56:09.759669Z,2026-06-30T15:17:01.609000Z,2026-06-30
FLW_dbaa0aed,1PE1,2026-06-10T18:25:31.234325Z,accepted,2026-06-10T19:11:10.346925Z,2026-07-06T17:52:07.886000Z,2026-07-06
FLW_51ad97be,1PE1,2026-06-10T18:25:30.777805Z,sms_delivered,,,
FLW_38d0c7cf,1PE1,2026-06-10T18:25:30.213747Z,accepted,2026-06-10T20:49:10.726150Z,2026-07-06T22:24:28.111000Z,2026-07-06
FLW_6c45eed9,1PE1,2026-06-10T18:25:29.783074Z,sms_delivered,,,
FLW_2752b546,1PE1,2026-06-10T18:25:29.867609Z,sms_delivered,,,
FLW_60e47316,1PE1,2026-06-10T18:25:29.670919Z,sms_delivered,,,
FLW_142999c3,1PE1,2026-07-12T11:02:48.866964Z,accepted,2026-07-12T11:03:04.056748Z,2026-07-12T11:04:48.792000Z,2026-07-12
FLW_5ede8d21,1PE1,2026-06-10T18:25:29.640435Z,sms_delivered,,,
FLW_12298ddf,1PE1,2026-06-10T18:25:30.923546Z,accepted,2026-06-25T19:17:02.731264Z,2026-06-25T19:22:10.878000Z,2026-06-25
FLW_8909f12b,1PE1,2026-06-18T09:04:37.181303Z,accepted,2026-06-22T16:00:51.018854Z,2026-06-22T16:09:54.554000Z,2026-06-22
FLW_4d5793e8,1PE1,2026-06-18T09:04:37.342601Z,accepted,2026-07-06T09:21:28.491279Z,2026-07-06T09:30:07.083000Z,2026-07-06
FLW_080eddeb,1PE1,2026-06-18T09:04:37.402556Z,accepted,2026-06-18T15:00:49.952082Z,2026-06-24T13:58:32.359000Z,2026-06-24
FLW_baf5104b,1PE1,2026-06-18T09:04:37.690474Z,accepted,2026-06-18T22:30:36.787396Z,2026-06-18T22:47:41.658000Z,2026-06-18
FLW_f30fbddc,1PE1,2026-07-11T17:11:03.288699Z,accepted,2026-07-11T17:12:45.754259Z,2026-07-11T17:17:34.454000Z,2026-07-11
FLW_6f37ab50,1PE1,2026-06-18T09:04:37.465929Z,accepted,2026-07-06T09:21:33.877794Z,2026-07-06T09:30:39.408000Z,2026-07-06
FLW_f55e86ee,1PE1,2026-06-18T09:04:37.592019Z,accepted,2026-06-19T12:42:39.994699Z,2026-06-19T19:11:15.140000Z,2026-06-19
FLW_ba07de30,1PE1,2026-06-18T09:04:37.720666Z,accepted,2026-06-18T18:36:19.558584Z,2026-06-18T22:40:53.712000Z,2026-06-18
FLW_ea2a1bd0,1PE1,2026-06-18T09:04:37.656341Z,accepted,2026-06-18T10:22:37.441435Z,2026-06-18T10:29:46.765000Z,2026-06-18
FLW_26ad5fa7,1PE1,2026-06-18T09:04:37.433894Z,accepted,2026-06-18T17:09:00.960304Z,2026-06-19T14:56:22.077000Z,2026-06-19
FLW_682a5d13,1PE1,2026-06-18T09:04:37.622833Z,accepted,2026-07-06T10:46:17.997661Z,2026-07-06T11:00:26.410000Z,2026-07-06
FLW_7b631a79,1PE1,2026-07-06T12:20:33.044776Z,accepted,2026-07-06T12:20:56.118260Z,2026-07-06T12:28:43.103000Z,2026-07-06
FLW_799c780e,1PE1,2026-06-18T09:08:04.324481Z,accepted,2026-07-09T11:12:42.507779Z,2026-07-09T10:18:52.317000Z,2026-07-09
FLW_fe048abb,1PE1,2026-06-18T09:04:37.496673Z,accepted,2026-06-18T13:53:21.858251Z,2026-06-18T13:58:24.777000Z,2026-06-18
FLW_e89848d1,1PE1,2026-06-10T18:25:29.698322Z,sms_delivered,,,
FLW_8c682b6a,1PE1,2026-06-10T18:25:29.611869Z,accepted,2026-06-13T10:25:21.129697Z,,
FLW_3cf2eb1b,1PE1,2026-07-17T08:39:58.324753Z,accepted,2026-07-17T13:46:22.240607Z,2026-07-17T14:10:42.606000Z,2026-07-17
FLW_956a8065,1PE1,2026-06-18T09:04:37.526716Z,accepted,2026-07-06T10:32:54.382555Z,2026-07-13T13:46:00.809000Z,2026-07-13
FLW_e59b95ee,1PE1,2026-06-18T09:04:37.560704Z,accepted,2026-06-19T21:37:39.319187Z,2026-06-24T17:45:37.378000Z,2026-06-24
FLW_04897130,1PE1,2026-06-18T09:04:37.751583Z,accepted,2026-06-21T16:14:08.003366Z,2026-06-22T15:56:46.542000Z,2026-06-22
FLW_c41f3312,1PE1,2026-06-10T18:25:29.726501Z,accepted,2026-06-12T13:53:27.552646Z,2026-06-19T05:18:40.670000Z,2026-07-03
FLW_bbb0e7ec,1PE1,2026-07-17T11:32:03.452589Z,accepted,2026-07-17T11:32:28.055298Z,2026-07-17T11:36:54.033000Z,2026-07-17
FLW_11bc2ef6,1PE1,2026-06-18T09:04:37.371636Z,accepted,2026-06-18T14:00:05.740553Z,2026-06-18T14:26:22.306000Z,2026-06-18
FLW_2884bcc0,1PE1,2026-06-18T09:10:30.289565Z,accepted,2026-06-18T19:32:43.326355Z,2026-06-18T19:47:56.207000Z,2026-06-18
FLW_2c6e7bb1,1PE1,2026-06-18T09:04:37.082206Z,accepted,2026-06-18T11:01:35.410580Z,2026-06-18T11:31:59.466000Z,2026-06-18
FLW_6c19e32a,1PE1,2026-07-09T08:58:07.710793Z,accepted,2026-07-09T14:16:22.547514Z,2026-07-09T14:25:58.722000Z,2026-07-09
FLW_371cc644,1PE1,2026-06-18T09:10:30.437450Z,accepted,2026-07-05T10:07:59.927241Z,2026-07-07T08:35:20.603000Z,2026-07-07
FLW_62ec6a14,1PE1,2026-06-18T09:10:30.380273Z,accepted,2026-06-19T14:24:22.436517Z,2026-06-24T15:16:14.272000Z,2026-06-24
FLW_86b11166,1PE1,2026-07-10T08:22:45.534404Z,accepted,2026-07-10T08:23:13.764246Z,2026-07-10T08:27:50.097000Z,2026-07-10
FLW_c94aeb91,1PE1,2026-06-18T09:10:30.696580Z,accepted,2026-06-18T14:30:08.012613Z,2026-06-18T14:40:04.593000Z,2026-06-18
FLW_ea1cef04,1PE1,2026-06-18T09:10:30.552446Z,accepted,2026-06-18T12:25:29.656719Z,2026-06-18T12:52:57.143000Z,2026-06-18
FLW_380567ad,1PE1,2026-06-18T09:10:30.522836Z,accepted,2026-06-19T07:52:30.452160Z,2026-06-19T08:09:40.618000Z,2026-06-19
FLW_92a6865d,1PE1,2026-06-18T09:10:30.465452Z,accepted,2026-06-19T14:07:18.495202Z,2026-06-19T15:19:53.814000Z,2026-06-19
FLW_d2a60e1d,1PE1,2026-06-18T09:10:30.754627Z,accepted,2026-06-18T09:28:15.167681Z,2026-06-18T10:00:08.938000Z,2026-06-18
FLW_a34da3cd,1PE1,2026-06-18T09:10:30.668544Z,accepted,2026-06-18T11:49:54.193110Z,2026-06-18T13:05:23.644000Z,2026-06-18
FLW_2c868520,1PE1,2026-06-18T09:10:30.726203Z,accepted,2026-06-18T13:50:29.272212Z,2026-06-18T14:20:17.132000Z,2026-06-18
FLW_7aba1619,1PE1,2026-06-18T09:10:30.609361Z,accepted,2026-06-19T08:01:52.725030Z,2026-06-19T20:18:15.662000Z,2026-06-19
FLW_f3ec8776,1PE1,2026-06-18T09:10:30.580449Z,accepted,2026-06-18T09:34:26.857961Z,2026-06-18T09:41:32.668000Z,2026-06-18
FLW_e120e064,1PE1,2026-06-18T09:10:30.638556Z,accepted,2026-06-18T14:06:06.101263Z,2026-06-19T14:22:40.073000Z,2026-06-19
FLW_b6b3442f,1PE1,2026-06-18T09:10:30.493941Z,accepted,2026-06-19T14:45:35.404506Z,2026-06-19T15:03:30.713000Z,2026-06-19
FLW_205868fc,1PE1,2026-06-18T09:10:30.164319Z,accepted,2026-06-18T09:12:27.730920Z,2026-06-19T19:16:30.948000Z,2026-06-19
FLW_f38add9c,1PE1,2026-06-18T09:08:04.103358Z,accepted,2026-06-18T09:12:58.339138Z,2026-06-18T09:22:35.192000Z,2026-06-18
FLW_c449c512,1PE1,2026-06-18T09:13:21.983894Z,accepted,2026-06-18T11:10:22.137342Z,2026-06-18T13:23:49.029000Z,2026-06-18
FLW_202c6d16,1PE1,2026-06-18T09:13:22.360816Z,accepted,2026-06-18T17:37:59.752880Z,2026-06-18T17:43:04.477000Z,2026-06-18
FLW_fa2722a4,1PE1,2026-06-18T09:13:21.951986Z,accepted,2026-06-18T09:15:24.681728Z,2026-06-18T09:32:27.547000Z,2026-06-18
FLW_6e2ef204,1PE1,2026-07-11T15:06:17.838932Z,accepted,2026-07-11T15:10:19.428691Z,2026-07-11T15:17:25.922000Z,2026-07-11
FLW_e1c8e0e7,1PE1,2026-07-10T17:10:30.401031Z,accepted,2026-07-10T17:46:49.117144Z,2026-07-10T18:10:53.201000Z,2026-07-10
FLW_ee269367,1PE1,2026-06-18T09:10:30.193800Z,accepted,2026-07-07T09:28:47.498207Z,2026-07-07T09:35:57.987000Z,2026-07-07
FLW_f89d01e5,1PE1,2026-06-18T09:04:37.048502Z,accepted,2026-06-18T09:17:26.098391Z,2026-06-18T15:38:53.110000Z,2026-06-18
FLW_7fe967d2,1PE1,2026-06-18T09:08:04.041495Z,accepted,2026-07-09T14:35:33.908177Z,2026-08-04T08:50:07.862000Z,2026-08-04
FLW_edb046fa,1PE1,2026-06-18T09:10:30.320511Z,accepted,2026-06-18T15:56:20.301038Z,2026-06-18T16:26:58.618000Z,2026-06-18
FLW_d5543a0a,1PE1,2026-06-19T09:37:49.765449Z,sms_delivered,,,
FLW_71626718,1PE1,2026-06-19T09:37:49.864814Z,accepted,2026-06-19T09:44:54.448757Z,2026-06-19T09:50:19.163000Z,2026-06-19
FLW_3007b86c,1PE1,2026-06-18T09:08:04.199116Z,accepted,2026-06-20T19:26:13.756428Z,2026-06-23T07:53:35.191000Z,2026-06-23
FLW_06d44876,1PE1,2026-06-18T09:08:04.292834Z,accepted,2026-06-19T06:22:51.984762Z,2026-06-20T09:10:54.240000Z,2026-06-20
FLW_d90d31c5,1PE1,2026-06-19T15:33:04.223525Z,accepted,2026-06-19T18:05:19.709234Z,2026-06-19T18:13:49.462000Z,2026-06-19
FLW_4f76bc06,1PE1,2026-06-18T09:13:22.216699Z,accepted,2026-06-18T17:17:40.754210Z,2026-06-18T17:26:55.887000Z,2026-06-18
FLW_03947847,1PE1,2026-06-19T15:33:04.280611Z,accepted,2026-06-19T20:33:42.607662Z,2026-06-20T19:04:42.189000Z,2026-06-20
FLW_33807f6b,1PE1,2026-06-18T09:08:04.229492Z,accepted,2026-06-21T13:11:23.494100Z,2026-06-21T13:14:42.130000Z,2026-06-21
FLW_4ca0bd7c,1PE1,2026-07-07T11:05:13.880700Z,accepted,2026-07-07T11:06:24.525390Z,2026-07-07T11:23:44.338000Z,2026-07-07
FLW_11268232,1PE1,2026-06-18T09:04:37.148861Z,accepted,2026-06-18T14:41:26.343910Z,2026-07-06T10:34:58.956000Z,2026-07-06
FLW_84cbfa5d,1PE1,2026-07-07T11:38:57.116924Z,accepted,2026-07-07T11:39:41.098894Z,2026-07-07T11:56:49.774000Z,2026-07-07
FLW_e10500a6,1PE1,2026-06-10T18:25:31.495706Z,accepted,2026-06-30T16:42:53.310689Z,2026-06-30T16:49:19.836000Z,2026-06-30
FLW_938663d2,1PE1,2026-07-09T10:13:33.095366Z,accepted,2026-07-09T10:14:11.655883Z,2026-07-09T10:30:46.021000Z,2026-07-09
FLW_8310a0e1,1PE1,2026-06-23T08:43:45.250892Z,accepted,2026-06-23T15:52:29.808870Z,2026-06-23T16:04:21.922000Z,2026-06-23
FLW_b62b93d9,1PE1,2026-07-07T12:17:48.931676Z,accepted,2026-07-07T12:18:27.478889Z,2026-07-07T12:24:32.970000Z,2026-07-07
FLW_f65a4ade,1PE1,2026-06-18T09:04:36.989200Z,accepted,2026-06-19T19:19:23.696799Z,2026-06-19T19:39:20.660000Z,2026-06-19
FLW_da3b5d72,1PE1,2026-06-10T18:25:31.553064Z,accepted,2026-06-24T09:18:23.328030Z,2026-06-24T09:26:16.065000Z,2026-07-16
FLW_0ddb7454,1PE1,2026-06-18T09:08:04.391201Z,accepted,2026-06-18T19:29:51.976200Z,2026-06-18T19:45:59.256000Z,2026-06-18
FLW_0e9b3d66,1PE1,2026-07-09T09:09:52.977309Z,accepted,2026-07-09T12:31:37.517171Z,2026-07-09T12:39:43.359000Z,2026-07-09
FLW_2821dba7,1PE1,2026-06-18T09:08:04.515730Z,accepted,2026-07-09T10:09:32.593126Z,2026-07-09T10:26:10.827000Z,2026-07-09
FLW_ebc93069,1PE1,2026-07-09T09:09:52.929943Z,accepted,2026-07-09T13:50:38.892248Z,2026-07-09T15:16:53.406000Z,2026-07-09
FLW_07cc93c2,1PE1,2026-06-23T08:43:45.297959Z,accepted,2026-06-30T20:45:06.206405Z,2026-06-30T21:01:02.185000Z,2026-06-30
FLW_a417660e,1PE1,2026-06-18T09:10:30.116706Z,accepted,2026-06-18T13:51:32.602249Z,2026-06-19T08:31:00.014000Z,2026-06-19
FLW_8eaca772,1PE1,2026-06-18T09:08:04.260818Z,accepted,2026-06-18T10:51:12.845464Z,2026-06-18T11:21:14.387000Z,2026-06-18
FLW_f79d242b,1PE1,2026-06-18T09:10:30.225242Z,accepted,2026-06-18T09:30:00.507588Z,2026-06-18T09:39:54.024000Z,2026-06-18
FLW_ed4bd0a9,1PE1,2026-06-18T09:13:22.501513Z,accepted,2026-06-19T15:32:43.203781Z,2026-06-19T15:42:48.335000Z,2026-06-19
FLW_52359c96,1PE1,2026-06-10T18:25:31.468109Z,accepted,2026-06-26T10:14:12.688854Z,2026-06-26T17:13:45.990000Z,2026-06-26
FLW_a07359f7,1PE1,2026-06-10T18:25:32.332165Z,accepted,2026-06-10T18:42:19.866690Z,2026-06-18T08:47:44.229000Z,2026-06-24
FLW_09d7e3be,1PE1,2026-07-09T10:34:16.367677Z,accepted,2026-07-09T10:34:57.331967Z,2026-07-09T10:44:17.001000Z,2026-07-09
FLW_eb0a19ed,1PE1,2026-06-18T09:04:37.213882Z,accepted,2026-06-26T05:21:27.022172Z,2026-06-26T05:42:13.436000Z,2026-06-26
FLW_8d3b630d,1PE1,2026-06-18T09:04:37.281468Z,accepted,2026-07-06T10:47:30.633101Z,2026-07-06T11:12:12.896000Z,2026-07-06
FLW_e7b7a27e,1PE1,2026-06-18T09:04:37.115328Z,accepted,2026-06-19T20:57:08.066883Z,2026-06-19T21:06:17.053000Z,2026-06-19
FLW_f46066a6,1PE1,2026-06-18T09:13:22.615427Z,accepted,2026-06-18T10:51:06.838219Z,2026-06-18T10:56:50.854000Z,2026-06-18
FLW_7fe5a3bc,1PE1,2026-06-10T18:25:31.925424Z,accepted,2026-06-10T18:42:12.338292Z,2026-06-30T10:54:05.573000Z,2026-06-30
FLW_e4339152,1PE1,2026-06-18T09:10:30.409338Z,accepted,2026-06-18T09:11:22.168168Z,2026-06-18T09:26:11.996000Z,2026-06-18
FLW_114522d3,1PE1,2026-06-30T13:50:15.322421Z,accepted,2026-07-07T09:28:53.566908Z,2026-07-07T09:37:42.143000Z,2026-07-07
FLW_b2aea3e9,1PE1,2026-07-06T09:38:47.325886Z,accepted,2026-07-06T09:41:03.425363Z,2026-07-06T09:48:24.687000Z,2026-07-06
FLW_97d8735d,1PE1,2026-06-10T18:25:32.725988Z,accepted,2026-07-14T13:26:09.696294Z,2026-07-14T13:40:07.756000Z,2026-07-14
FLW_42676225,1PE1,2026-06-18T09:10:30.349711Z,accepted,2026-06-18T19:25:34.169608Z,2026-06-18T19:51:33.561000Z,2026-06-18
FLW_f67bd421,1PE1,2026-07-12T08:52:25.639883Z,accepted,2026-07-12T08:53:45.808987Z,2026-07-12T08:59:13.172000Z,2026-07-12
FLW_2c037db4,3ABT3EA1,2026-06-26T11:00:23.415110Z,sms_delivered,,,
FLW_56d541ef,3ABT3EA1,2026-06-26T11:00:23.449855Z,sms_delivered,,,
FLW_f40ab252,3ABT3EA1,2026-06-26T11:00:23.488308Z,accepted,2026-07-25T10:47:48.813557Z,,
FLW_fe8722d8,3ABT3EA1,2026-06-26T11:00:23.598711Z,accepted,2026-07-27T13:58:30.389262Z,,
FLW_beb86e83,3ABT3EA1,2026-06-26T11:00:23.671266Z,sms_delivered,,,
FLW_533a7e38,3ABT3EA1,2026-06-26T11:00:23.559658Z,accepted,2026-07-01T20:03:54.393764Z,,
FLW_132ad71f,3ABT3EA1,2026-06-26T11:00:23.743439Z,accepted,2026-06-28T08:59:24.930383Z,2026-07-02T15:03:31.295000Z,2026-07-02
FLW_69a0b716,3ABT3EA1,2026-06-26T11:00:23.809157Z,sms_delivered,,,
FLW_9d5d34e6,3ABT3EA1,2026-06-26T11:00:23.975275Z,accepted,2026-07-02T15:58:53.778044Z,2026-07-02T16:33:01.627000Z,2026-07-14
FLW_7c6156a6,3ABT3EA1,2026-06-26T11:12:42.578528Z,accepted,2026-06-28T09:59:43.753462Z,,
FLW_69c00df1,3ABT3EA1,2026-06-26T11:12:42.609451Z,accepted,2026-07-01T11:52:21.436673Z,2026-07-01T12:03:14.797000Z,2026-07-01
FLW_eb1e0ff5,3ABT3EA1,2026-06-26T11:12:42.638672Z,sms_delivered,,,
FLW_be8332e7,3ABT3EA1,2026-06-26T11:12:42.669533Z,sms_delivered,,,
FLW_7b69f2db,3ABT3EA1,2026-06-26T11:00:23.345153Z,sms_delivered,,,
FLW_20a6a003,3ABT3EA1,2026-06-26T11:12:43.008098Z,accepted,2026-06-26T14:41:43.976836Z,2026-07-02T15:29:49.482000Z,2026-07-02
FLW_c65811a2,3ABT3EA1,2026-06-26T11:12:42.824488Z,accepted,2026-06-26T15:35:14.431744Z,2026-07-03T16:50:49.304000Z,2026-07-03
FLW_abd51493,3ABT3EA1,2026-06-26T11:12:42.795414Z,accepted,2026-06-30T19:30:14.559168Z,2026-06-30T19:39:43.299000Z,2026-06-30
FLW_81f12db4,3ABT3EA1,2026-06-26T11:12:42.916264Z,accepted,2026-07-01T13:27:59.452876Z,2026-07-01T17:17:25.839000Z,2026-07-01
FLW_6c708882,3ABT3EA1,2026-06-26T11:12:42.945420Z,accepted,2026-07-07T15:08:18.765164Z,,
FLW_9e806faa,3ABT3EA1,2026-06-26T11:12:42.855388Z,accepted,2026-07-01T16:43:47.147657Z,2026-07-01T16:51:20.129000Z,2026-07-01
FLW_18b85c49,3ABT3EA1,2026-06-26T11:12:42.732807Z,accepted,2026-07-03T08:21:29.438665Z,2026-07-03T08:24:37.097000Z,2026-07-05
FLW_8a29a333,3ABT3EA1,2026-06-26T11:12:42.701176Z,accepted,2026-07-02T04:35:41.238268Z,2026-07-02T21:02:15.714000Z,2026-07-02
FLW_1a72e723,3ABT3EA1,2026-06-26T11:12:43.069933Z,accepted,2026-06-26T12:53:38.684192Z,,
FLW_b56134e8,3ABT3EA1,2026-06-26T11:12:42.547497Z,sms_delivered,,,
FLW_0c61dfa0,3ABT3EA1,2026-06-26T11:12:42.763223Z,accepted,2026-06-26T21:15:42.890975Z,2026-07-01T10:05:28.298000Z,2026-07-01
FLW_c4c0af27,3ABT3EA1,2026-06-26T11:12:43.100161Z,accepted,2026-07-03T11:34:45.050063Z,,
FLW_1e72bd56,3ABT3EA1,2026-06-26T11:00:23.846514Z,accepted,2026-06-26T11:32:03.977949Z,2026-07-01T06:50:40.048000Z,2026-07-01
FLW_7f93b8af,3ABT3EA1,2026-06-26T11:12:42.975920Z,accepted,2026-06-26T14:48:40.243682Z,2026-06-30T14:29:50.624000Z,2026-07-01
FLW_83cd58cd,3ABT3EA1,2026-06-26T11:00:23.523710Z,accepted,2026-06-26T16:39:44.943797Z,,
FLW_88f465ec,3ABT3EA1,2026-06-26T11:12:42.884584Z,accepted,2026-07-01T20:28:53.090808Z,2026-07-07T13:48:06.312000Z,2026-07-07
FLW_dedfa26c,3ABT3EA1,2026-06-26T11:00:23.637278Z,accepted,2026-06-29T15:30:39.369921Z,2026-06-30T11:19:06.238000Z,2026-06-30
FLW_86c6ec49,3ABT3EA1,2026-06-26T11:12:42.485397Z,accepted,2026-07-15T17:06:48.076631Z,2026-07-15T17:13:32.253000Z,
FLW_c4f690b8,3ABT3EA1,2026-06-26T11:12:43.038388Z,accepted,2026-06-26T11:27:15.386174Z,2026-07-01T17:06:02.567000Z,2026-07-01
FLW_cf9578b8,3ABT3EA1,2026-06-26T11:00:23.708351Z,accepted,2026-07-20T15:09:13.330227Z,,
FLW_d880abaa,3ABT3EA1,2026-06-26T11:00:23.776049Z,accepted,2026-07-01T19:17:44.809918Z,2026-07-01T19:21:28.544000Z,2026-07-01
FLW_db22fd19,3ABT3EA1,2026-06-26T11:00:23.881154Z,accepted,2026-07-02T16:15:48.371649Z,2026-07-02T16:20:58.744000Z,2026-07-03
FLW_205b033b,3ABT3EA1,2026-06-26T11:00:23.912506Z,accepted,2026-07-14T21:34:56.419410Z,2026-07-15T18:01:53.401000Z,2026-07-15
FLW_43d01c7c,3ABT3EA1,2026-06-26T11:00:23.943813Z,sms_delivered,,,
FLW_4c361a9b,3ABT3EA1,2026-06-26T11:12:42.390869Z,accepted,2026-06-27T14:36:07.888757Z,2026-06-30T12:12:24.390000Z,2026-07-01
FLW_0e686427,3ABT3EA1,2026-06-26T11:12:42.340634Z,sms_delivered,,,
FLW_c7415c40,3ABT3EA1,2026-06-26T11:12:42.422557Z,sms_delivered,,,
FLW_08341feb,3ABT3EA1,2026-06-26T11:12:42.453674Z,accepted,2026-07-01T10:06:09.097555Z,2026-07-06T15:04:13.471000Z,2026-07-06
FLW_9830944f,3ABT3EA1,2026-06-26T11:12:42.517440Z,accepted,2026-06-30T12:46:26.952102Z,2026-07-15T13:05:39.131000Z,2026-07-15
FLW_44120a50,3ABT3EB1,2026-07-01T07:26:31.009861Z,accepted,2026-07-01T18:59:18.738184Z,2026-07-02T06:46:16.690000Z,2026-07-02
FLW_0798f300,3ABT3EB1,2026-07-01T07:26:30.956651Z,sms_delivered,,,
FLW_b0bc9f7e,3ABT3EB1,2026-07-01T07:26:31.046838Z,sms_delivered,,,
FLW_a7ec4aea,3ABT3EB1,2026-07-01T07:26:31.083088Z,accepted,2026-07-01T08:24:57.456451Z,2026-07-01T11:33:22.204000Z,
FLW_3ad240aa,3ABT3EB1,2026-07-01T07:26:31.119754Z,sms_delivered,,,
FLW_278d86ce,3ABT3EB1,2026-07-01T07:26:31.257657Z,accepted,2026-07-03T15:05:51.824729Z,2026-07-03T15:26:21.960000Z,2026-07-08
FLW_0153bf09,3ABT3EB1,2026-07-01T07:26:31.152641Z,sms_delivered,,,
FLW_72a614b3,3ABT3EB1,2026-07-01T07:26:31.221904Z,sms_delivered,,,
FLW_78dc6cb9,3ABT3EB1,2026-07-01T07:26:31.356833Z,accepted,2026-07-01T09:49:21.614344Z,2026-07-01T09:54:55.692000Z,2026-07-01
FLW_f44572c7,3ABT3EB1,2026-07-01T07:26:31.186235Z,accepted,2026-07-06T14:45:20.118115Z,,
FLW_72e0613e,3ABT3EB1,2026-07-01T07:26:31.324538Z,accepted,2026-07-07T06:42:25.410808Z,2026-07-07T06:49:09.162000Z,2026-07-07
FLW_e5c0c250,3ABT3EB1,2026-07-01T07:26:31.644785Z,accepted,2026-07-22T14:59:51.699140Z,,
FLW_c598865e,3ABT3EB1,2026-07-01T07:26:31.774451Z,accepted,2026-07-08T15:08:15.390256Z,2026-07-08T15:20:49.460000Z,2026-07-08
FLW_1b3d01c8,3ABT3EB1,2026-07-01T07:26:31.875445Z,accepted,2026-07-09T12:36:02.364269Z,2026-07-09T12:48:43.648000Z,2026-07-09
FLW_c055633e,3ABT3EB1,2026-07-01T07:26:31.421342Z,sms_delivered,,,
FLW_b5bd9a32,3ABT3EB1,2026-07-01T07:26:31.456446Z,sms_delivered,,,
FLW_e72728d3,3ABT3EB1,2026-07-01T07:26:31.807821Z,accepted,2026-07-01T13:25:39.827778Z,2026-07-08T09:04:09.804000Z,2026-07-08
FLW_b7ac72f3,3ABT3EB1,2026-07-01T07:26:31.552956Z,sms_delivered,,,
FLW_5b83532f,3ABT3EB1,2026-07-01T07:26:32.068812Z,accepted,2026-07-15T10:39:39.428160Z,2026-07-15T10:51:20.559000Z,2026-07-15
FLW_9deb669b,3ABT3EB1,2026-07-01T07:26:31.523299Z,accepted,2026-07-01T09:40:44.331747Z,2026-07-01T09:56:33.186000Z,2026-07-01
FLW_40206737,3ABT3EB1,2026-07-01T07:26:31.906757Z,accepted,2026-07-01T08:20:13.127083Z,2026-07-01T08:30:15.093000Z,2026-07-01
FLW_d570f3b4,3ABT3EB1,2026-07-01T07:26:31.938740Z,sms_not_delivered,,,
FLW_1a190306,3ABT3EB1,2026-07-01T07:26:32.003732Z,sms_delivered,,,
FLW_c91cd9ea,3ABT3EB1,2026-07-01T07:26:31.583412Z,accepted,2026-07-15T17:17:57.143332Z,,
FLW_e8629049,3ABT3EB1,2026-07-01T07:26:32.100207Z,accepted,2026-07-01T08:27:59.084973Z,2026-07-09T08:49:13.952000Z,2026-07-09
FLW_66184c81,3ABT3EB1,2026-07-01T07:26:31.744887Z,accepted,2026-07-01T09:03:55.674749Z,2026-07-02T22:05:19.771000Z,2026-07-05
FLW_5c3f532b,3ABT3EB1,2026-07-01T07:26:31.613711Z,accepted,2026-07-01T09:58:04.482912Z,2026-07-01T20:35:20.908000Z,2026-07-01
FLW_b62b34ea,3ABT3EB1,2026-07-01T07:26:31.712506Z,accepted,2026-07-01T13:09:26.139205Z,2026-07-02T19:28:08.276000Z,2026-07-02
FLW_1e96def6,3ABT3EB1,2026-07-01T07:26:31.969363Z,accepted,2026-07-01T13:29:30.013219Z,2026-07-01T13:36:45.527000Z,2026-07-01
FLW_72833608,3ABT3EB1,2026-07-01T07:26:32.162014Z,accepted,2026-07-01T13:40:53.954681Z,2026-07-01T15:44:36.320000Z,2026-07-01
FLW_16c2eed9,3ABT3EB1,2026-07-01T07:26:31.389650Z,accepted,2026-07-02T16:04:16.464568Z,,
FLW_39a9bea7,3ABT3EB1,2026-07-01T07:26:31.490187Z,accepted,2026-07-02T12:31:57.089854Z,2026-07-06T13:49:00.245000Z,2026-07-06
FLW_81b59acd,3ABT3EB1,2026-07-01T07:26:31.843852Z,accepted,2026-07-03T18:45:13.287606Z,2026-07-03T18:52:59.201000Z,2026-07-03
FLW_f05030d1,3ABT3EB1,2026-07-01T07:26:32.037752Z,accepted,2026-07-04T15:09:18.262840Z,2026-07-04T21:33:50.289000Z,2026-07-04
FLW_e2964c24,3ABT3EB1,2026-07-01T07:26:32.130950Z,accepted,2026-07-07T00:57:54.000204Z,2026-07-07T01:14:12.945000Z,2026-07-07
FLW_132bc4bf,3ABT3EB1,2026-07-01T07:26:32.195724Z,accepted,2026-07-06T17:12:00.198366Z,,
FLW_550b4b4c,3ABT3EB1,2026-07-01T07:26:32.432949Z,accepted,2026-07-02T14:10:05.799091Z,2026-07-14T14:21:39.414000Z,2026-07-14
FLW_8b2c4d8e,3ABT3EB1,2026-07-01T07:26:32.237036Z,accepted,2026-07-01T12:55:43.270604Z,2026-07-02T00:52:44.859000Z,2026-07-03
FLW_f6370d40,3ABT3EB1,2026-07-01T07:26:32.312248Z,accepted,2026-07-01T13:01:19.035409Z,2026-07-04T04:32:00.288000Z,2026-07-04
FLW_2a5f8fce,3ABT3EB1,2026-07-01T07:26:32.403258Z,sms_delivered,,,
FLW_849708c8,3ABT3EB1,2026-07-01T07:26:32.463780Z,sms_delivered,,,
FLW_9ce0a6e8,3ABT3EB1,2026-07-01T07:26:32.271863Z,accepted,2026-07-01T08:25:05.220453Z,2026-07-01T08:45:33.087000Z,2026-07-02
FLW_5ba8a162,3ABT3EB1,2026-07-01T07:26:32.342380Z,accepted,2026-07-01T13:29:10.123553Z,2026-07-01T14:28:36.030000Z,2026-07-01
FLW_24694082,3ABT3EB1,2026-07-01T07:26:32.372885Z,accepted,2026-07-01T16:18:48.454535Z,,
FLW_436a99ac,3ABT3EB1,2026-07-01T07:26:31.677851Z,accepted,2026-07-01T07:57:06.036587Z,2026-07-01T08:31:38.500000Z,2026-07-01
FLW_52c3a837,3ABT3EB1,2026-07-01T07:26:31.291962Z,accepted,2026-07-01T08:08:48.928922Z,2026-07-01T11:56:10.349000Z,2026-07-01
FLW_83f0145e,3ABT3CA1,2026-07-02T08:55:10.051762Z,accepted,2026-07-02T09:01:53.155980Z,2026-07-02T10:25:33.457000Z,2026-07-02
FLW_00ec6871,3ABT3CA1,2026-07-02T08:58:31.724873Z,accepted,2026-07-02T09:09:44.136260Z,,
FLW_619d891e,3ABT3CA1,2026-07-03T21:13:47.669694Z,accepted,2026-07-07T15:25:35.632260Z,2026-07-07T15:50:13.490000Z,2026-07-07
FLW_dfd92ee6,3ABT3CA1,2026-06-25T12:25:34.927896Z,accepted,2026-06-26T15:36:33.571966Z,2026-06-26T15:47:21.858000Z,2026-06-29
FLW_4d04adcf,3ABT3CA1,2026-06-25T12:25:34.801916Z,accepted,2026-06-26T16:57:19.984117Z,2026-07-01T14:22:40.676000Z,2026-07-01
FLW_95873ee0,3ABT3CA1,2026-06-25T12:25:34.770901Z,accepted,2026-06-26T20:47:01.320818Z,2026-06-26T20:53:48.277000Z,2026-06-30
FLW_d0c5e2b9,3ABT3CA1,2026-06-25T12:25:34.960350Z,accepted,2026-07-08T18:28:14.733174Z,2026-07-08T18:36:20.841000Z,2026-07-08
FLW_598ceb5f,3ABT3CA1,2026-06-25T12:25:35.047664Z,sms_delivered,,,
FLW_b77afe4f,3ABT3CA1,2026-06-25T12:25:34.740094Z,accepted,2026-06-28T16:36:54.973983Z,2026-06-28T16:46:37.573000Z,2026-07-04
FLW_15b4f061,3ABT3CA1,2026-06-25T12:25:34.645965Z,accepted,2026-06-25T12:55:03.490249Z,2026-06-25T13:10:35.225000Z,2026-06-29
FLW_5cd02dff,3ABT3CA1,2026-06-25T12:25:34.864478Z,accepted,2026-06-25T12:56:21.609848Z,2026-06-25T13:19:15.268000Z,2026-06-30
FLW_51b04754,3ABT3CA1,2026-06-25T12:25:34.594401Z,accepted,2026-06-25T12:59:31.609395Z,2026-06-25T13:05:39.554000Z,2026-06-29
FLW_84d3c00e,3ABT3CA1,2026-06-25T12:25:35.018985Z,accepted,2026-06-25T15:32:09.706367Z,2026-07-01T18:31:56.045000Z,2026-07-01
FLW_2fad04b9,3ABT3CA1,2026-06-25T12:25:34.708723Z,accepted,2026-06-25T16:16:23.433435Z,2026-06-25T16:26:51.783000Z,2026-06-29
FLW_381e7dd3,3ABT3CA1,2026-06-25T12:25:34.676938Z,accepted,2026-06-25T17:52:12.476138Z,2026-06-25T17:59:46.299000Z,2026-06-29
FLW_780aceb4,3ABT3CA1,2026-06-25T12:25:35.139466Z,accepted,2026-07-01T10:00:44.603990Z,2026-07-01T10:35:14.111000Z,2026-07-01
FLW_be76b43e,3ABT3CA1,2026-06-25T12:25:34.833780Z,accepted,2026-07-01T10:38:04.363178Z,2026-07-01T10:51:15Z,2026-07-01
FLW_86fa7218,3ABT3CA1,2026-06-25T12:25:35.076368Z,accepted,2026-06-25T19:59:00.741798Z,2026-06-25T20:16:50.929000Z,2026-06-30
FLW_be1c51a3,3ABT3CB1,2026-07-01T09:55:55.037391Z,sms_delivered,,,
FLW_95f151fe,3ABT3CB1,2026-06-25T12:29:33.225265Z,sms_delivered,,,
FLW_f5d4de3b,3ABT3CB1,2026-06-25T12:29:33.394469Z,sms_delivered,,,
FLW_6cbedf26,3ABT3CB1,2026-06-25T12:29:33.482283Z,accepted,2026-06-26T19:14:42.409403Z,2026-07-01T21:06:38.377000Z,2026-07-01
FLW_40c3e6d7,3ABT3CB1,2026-06-25T12:29:33.423395Z,accepted,2026-06-26T19:54:29.496931Z,2026-06-29T05:39:56.518000Z,2026-06-29
FLW_fd7c2721,3ABT3CB1,2026-06-25T12:29:33.667346Z,sms_delivered,,,
FLW_4912df15,3ABT3CB1,2026-06-25T12:29:33.726285Z,sms_delivered,,,
FLW_fd50dfd3,3ABT3CB1,2026-06-25T12:29:33.543454Z,accepted,2026-06-25T12:33:25.530079Z,2026-06-25T16:03:41.973000Z,2026-07-01
FLW_9dcad3aa,3ABT3CB1,2026-06-25T12:29:33.576636Z,accepted,2026-06-25T12:46:37.280376Z,2026-06-25T13:09:02.620000Z,2026-06-29
FLW_d8319271,3ABT3CB1,2026-06-25T12:29:33.511398Z,accepted,2026-06-25T13:51:05.046086Z,2026-06-25T15:36:50.386000Z,2026-06-29
FLW_9b2e621d,3ABT3CB1,2026-06-25T12:29:33.452811Z,accepted,2026-06-25T13:53:14.113663Z,,
FLW_b6727b79,3ABT3CB1,2026-06-25T12:29:33.305746Z,accepted,2026-06-25T16:03:48.252194Z,2026-06-25T16:50:26.343000Z,2026-07-06
FLW_7aeee96c,3ABT3CB1,2026-06-25T12:29:33.276249Z,accepted,2026-06-25T20:35:17.573036Z,2026-06-26T19:43:50.857000Z,2026-06-29
FLW_70d30ba1,3ABT3CB1,2026-06-25T12:29:33.365242Z,accepted,2026-07-02T09:46:12.261854Z,2026-07-02T10:13:57.624000Z,2026-07-03
FLW_fdf77158,3ABT3CB1,2026-06-25T12:29:33.606828Z,accepted,2026-06-30T20:39:52.930493Z,2026-06-30T21:12:27.204000Z,2026-06-30
FLW_b5ab8aba,3ABT3CB1,2026-06-25T12:29:33.637567Z,accepted,2026-07-06T10:36:40.453919Z,2026-07-09T10:48:00.067000Z,2026-07-09
FLW_793dc80e,3ABT3CB1,2026-06-25T12:29:33.696819Z,accepted,2026-07-16T05:02:15.233625Z,2026-07-16T05:11:07.974000Z,2026-07-16
FLW_42a5a6b0,2WTE1,2026-07-06T14:17:27.777172Z,accepted,2026-07-06T16:48:14.764950Z,2026-07-06T16:53:03.109000Z,2026-07-06
FLW_74b63c98,2WTE1,2026-07-06T10:16:13.676443Z,accepted,2026-07-06T10:18:38.468425Z,2026-07-06T10:26:46.499000Z,2026-07-06
FLW_1f84f561,2WTE1,2026-07-06T10:16:13.336830Z,accepted,2026-07-06T11:22:30.427213Z,2026-07-06T11:31:30.585000Z,2026-07-06
FLW_8b89b797,2WTE1,2026-07-06T10:16:13.420730Z,accepted,2026-07-13T08:30:15.935154Z,2026-07-13T08:37:39.045000Z,2026-07-13
FLW_d7af9b38,2WTE1,2026-07-06T10:47:28.311366Z,sms_delivered,,,
FLW_b25aba05,2WTE1,2026-07-10T15:11:11.651715Z,accepted,2026-07-12T07:24:55.414659Z,2026-07-12T07:39:58.618000Z,
FLW_bb7fd22d,2WTE1,2026-07-10T15:11:11.155560Z,accepted,2026-07-10T15:13:32.769462Z,2026-07-10T15:23:31.405000Z,2026-07-10
FLW_8762cfda,2WTE1,2026-07-06T14:17:27.367801Z,accepted,2026-07-09T13:18:07.098283Z,2026-07-09T13:23:51.929000Z,2026-07-09
FLW_ff4a9c3f,2WTE1,2026-07-09T09:01:21.415623Z,accepted,2026-07-09T20:48:48.857920Z,2026-07-09T20:56:59.729000Z,2026-07-09
FLW_48e470e3,2WTE1,2026-07-09T10:53:58.447845Z,accepted,2026-07-09T10:54:17.790188Z,2026-07-09T10:59:35.716000Z,2026-07-09
FLW_cfa3f72c,2WTE1,2026-07-24T10:56:48.078307Z,accepted,2026-07-24T10:58:23.285096Z,2026-07-24T11:09:19.591000Z,2026-07-24
FLW_19308d82,2WTE1,2026-07-13T10:58:04.978293Z,accepted,2026-07-13T11:28:26.370262Z,2026-07-13T11:52:31.455000Z,2026-07-13
FLW_be78e1db,2WTE1,2026-07-06T10:44:18.476662Z,sms_delivered,,,
FLW_f6d123a9,2WTE1,2026-07-09T19:18:06.095019Z,accepted,2026-07-09T19:40:46.201145Z,2026-07-10T11:18:47.926000Z,2026-07-10
FLW_4979e068,2WTE1,2026-07-06T10:16:13.533810Z,accepted,2026-07-06T10:29:17.825655Z,2026-07-06T11:07:08.144000Z,2026-07-06
FLW_ebc93069,2WTE1,2026-07-09T09:01:21.487829Z,accepted,2026-07-09T13:06:36.476788Z,2026-07-09T13:46:45.472000Z,2026-07-09
FLW_252b2ed8,2WTE1,2026-07-09T12:47:43.503591Z,accepted,2026-07-09T12:48:36.434363Z,2026-07-09T12:55:43.731000Z,2026-07-09
FLW_6e5cc4c8,2WTE1,2026-07-06T10:16:13.364377Z,accepted,2026-07-06T12:08:13.244642Z,2026-07-06T12:25:33.279000Z,2026-07-06
FLW_55f57e00,2WTE1,2026-07-06T10:16:13.135438Z,accepted,2026-07-06T15:37:47.271853Z,2026-07-06T15:42:02.367000Z,2026-07-06
FLW_52ceeb7c,2WTE1,2026-07-06T14:17:26.037030Z,accepted,2026-07-22T09:06:32.140350Z,,
FLW_71ad69a5,2WTE1,2026-07-10T15:11:11.245446Z,accepted,2026-07-17T09:55:37.182207Z,,
FLW_670edf8a,2WTE1,2026-07-10T15:11:11.563165Z,accepted,2026-07-10T17:07:16.298174Z,2026-07-10T17:25:39.524000Z,2026-07-10
FLW_a629693d,2WTE1,2026-07-06T14:17:25.729891Z,sms_delivered,,,
FLW_f5a021a4,2WTE1,2026-07-10T15:11:11.444279Z,accepted,2026-07-10T20:45:37.174766Z,2026-07-11T12:04:40.393000Z,2026-07-11
FLW_7c85002d,2WTE1,2026-07-06T10:10:46.460318Z,accepted,2026-07-06T13:20:38.191287Z,2026-07-06T13:51:52.482000Z,2026-07-07
FLW_62b5e67c,2WTE1,2026-07-10T15:11:11.533154Z,sms_delivered,,,
FLW_e9444c71,2WTE1,2026-07-10T15:11:11.095098Z,accepted,2026-07-10T15:27:03.811051Z,2026-07-10T21:28:12.983000Z,2026-07-10
FLW_d722e06d,2WTE1,2026-07-10T15:11:11.186179Z,sms_delivered,,,
FLW_77b7419d,2WTE1,2026-07-06T10:44:18.568384Z,accepted,2026-07-07T09:48:41.789651Z,2026-07-07T19:27:13.712000Z,2026-07-07
FLW_e1813b6e,2WTE1,2026-07-06T10:47:28.867703Z,accepted,2026-07-08T11:13:57.671921Z,2026-07-08T11:22:36.426000Z,2026-07-08
FLW_76378b74,2WTE1,2026-07-06T10:47:28.227251Z,accepted,2026-07-07T00:20:20.371395Z,2026-07-07T06:33:16.986000Z,2026-07-07
FLW_185c0ad3,2WTE1,2026-07-06T10:47:28.494351Z,accepted,2026-07-06T11:35:46.895609Z,2026-07-06T11:40:34.801000Z,2026-07-06
FLW_4bf314a5,2WTE1,2026-07-10T15:11:11.216937Z,sms_delivered,,,
FLW_aa4fd10f,2WTE1,2026-07-06T14:17:26.530944Z,sms_delivered,,,
FLW_592d67c7,2WTE1,2026-07-06T14:17:26.561051Z,sms_delivered,,,
FLW_2b5f3513,2WTE1,2026-07-06T14:17:26.618975Z,sms_delivered,,,
FLW_8094415e,2WTE1,2026-07-13T10:58:04.886502Z,sms_delivered,,,
FLW_a3dc57b6,2WTE1,2026-07-06T14:17:27.277925Z,accepted,2026-07-06T20:23:36.060086Z,,
FLW_a8870cc9,2WTE1,2026-07-06T14:17:26.412036Z,sms_not_delivered,,,
FLW_31f5c524,2WTE1,2026-07-06T14:17:27.308567Z,accepted,2026-07-06T14:40:44.507608Z,2026-07-06T14:45:56.774000Z,2026-07-12
FLW_6e062c9c,2WTE1,2026-07-06T14:17:26.891357Z,accepted,2026-07-08T14:31:44.965601Z,2026-07-08T15:21:59.218000Z,2026-07-08
FLW_7d42c693,2WTE1,2026-07-13T10:58:04.856388Z,sms_delivered,,,
FLW_7263587d,2WTE1,2026-07-06T14:17:26.950347Z,accepted,2026-07-08T10:20:17.701166Z,2026-07-08T10:28:53.305000Z,2026-07-08
FLW_3b3e8965,2WTE1,2026-07-13T10:58:04.667539Z,accepted,2026-07-13T12:41:06.362812Z,2026-07-13T13:42:08.743000Z,2026-07-13
FLW_f251b9cf,2WTE1,2026-07-10T13:27:04.418235Z,sms_delivered,,,
FLW_9e368f31,2WTE1,2026-07-10T13:29:21.338604Z,accepted,2026-07-10T18:27:28.882267Z,2026-07-15T05:49:12.118000Z,
FLW_a0384c0c,2WTE1,2026-07-10T11:17:01.665413Z,accepted,2026-07-10T11:17:46.038554Z,2026-07-10T11:35:32.875000Z,2026-07-10
FLW_d8266d6d,2WTE1,2026-07-06T14:17:25.468636Z,accepted,2026-07-09T12:43:06.284721Z,2026-07-09T12:47:58.569000Z,
FLW_55c07f52,2WTE1,2026-07-10T15:11:11.739475Z,sms_delivered,,,
FLW_cd3574a4,2WTE1,2026-07-06T10:16:13.279312Z,accepted,2026-07-07T12:00:30.426039Z,,
FLW_a57846c8,2WTE1,2026-07-10T15:11:11.388140Z,sms_delivered,,,
FLW_cc96bfce,2WTE1,2026-07-06T14:17:25.666115Z,accepted,2026-07-06T15:07:57.825217Z,2026-07-08T13:30:33.054000Z,2026-07-08
FLW_1d365f3d,2WTE1,2026-07-10T15:11:11.063695Z,accepted,2026-07-10T15:22:46.814961Z,,
FLW_df32d792,2WTE1,2026-07-10T15:11:11.592275Z,accepted,2026-07-11T18:50:40.590526Z,,
FLW_7c05e31a,2WTE1,2026-07-10T15:11:11.769751Z,accepted,2026-07-13T11:07:02.398523Z,2026-07-14T14:44:57.848000Z,2026-07-14
FLW_60612813,2WTE1,2026-07-10T15:11:11.680977Z,accepted,2026-07-10T15:25:18.875804Z,2026-07-11T08:24:31.775000Z,2026-07-11
FLW_13593e7b,2WTE1,2026-07-13T10:58:04.947300Z,sms_delivered,,,
FLW_55dab34e,2WTE1,2026-07-06T10:10:46.523255Z,accepted,2026-07-06T19:58:07.960310Z,2026-07-06T20:35:38.290000Z,2026-07-07
FLW_770689f0,2WTE1,2026-07-06T10:16:13.478063Z,sms_delivered,,,
FLW_86c14030,2WTE1,2026-07-06T14:17:25.760635Z,accepted,2026-07-06T15:18:21.313184Z,2026-07-06T15:25:22.969000Z,2026-07-06
FLW_649f7d1c,2WTE1,2026-07-06T10:10:46.702445Z,accepted,2026-07-09T17:14:04.700641Z,,
FLW_d0741399,2WTE1,2026-07-06T10:16:13.165154Z,accepted,2026-07-06T10:20:18.516379Z,2026-07-06T10:34:19.332000Z,2026-07-06
FLW_881ac33a,2WTE1,2026-07-10T15:11:11.303303Z,accepted,2026-07-10T18:31:48.123541Z,,
FLW_46bcf23b,2WTE1,2026-07-06T14:17:26.167893Z,sms_delivered,,,
FLW_6f1a3e54,2WTE1,2026-07-06T14:17:26.198899Z,accepted,2026-07-09T11:16:25.894323Z,,
FLW_a5e399cb,2WTE1,2026-07-06T14:17:26.647437Z,accepted,2026-07-06T19:18:27.636233Z,2026-07-06T19:32:56.899000Z,2026-07-06
FLW_229384e0,2WTE1,2026-07-06T14:17:26.291712Z,sms_delivered,,,
FLW_8670bf00,2WTE1,2026-07-06T14:17:26.322028Z,sms_delivered,,,
FLW_bf69b9ab,2WTE1,2026-07-06T14:17:26.352826Z,sms_delivered,,,
FLW_793abda4,2WTE1,2026-07-06T14:17:26.259346Z,sms_delivered,,,
FLW_6cbeb157,2WTE1,2026-07-06T14:17:27.105042Z,accepted,2026-07-06T16:42:52.425221Z,2026-07-06T17:37:53.618000Z,2026-07-07
FLW_1d06b6f7,2WTE1,2026-07-06T10:16:13.250373Z,accepted,2026-07-06T11:18:13.431190Z,2026-07-06T11:30:22.678000Z,2026-07-06
FLW_e2f7fc9c,2WTE1,2026-07-06T10:16:13.193440Z,accepted,2026-07-06T11:49:02.894616Z,2026-07-06T11:57:29.387000Z,2026-07-06
FLW_4041a450,2WTE1,2026-07-06T10:16:13.645945Z,accepted,2026-07-06T12:57:04.656407Z,2026-07-06T13:56:05.761000Z,2026-07-06
FLW_66355065,2WTE1,2026-07-24T10:52:42.907841Z,accepted,2026-07-24T14:05:51.732409Z,2026-07-24T14:13:35.429000Z,2026-07-24
FLW_9ada51f8,2WTE1,2026-07-06T14:17:27.483016Z,accepted,2026-07-06T17:28:10.602781Z,2026-07-06T17:41:35.317000Z,2026-07-09
FLW_b921f81b,2WTE1,2026-07-06T14:17:27.568836Z,accepted,2026-07-06T15:42:56.629346Z,2026-07-06T18:27:47.637000Z,2026-07-06
FLW_77dbdd93,2WTE1,2026-07-06T14:17:26.676613Z,accepted,2026-07-06T20:33:49.161154Z,2026-07-06T20:57:23.757000Z,2026-07-06
FLW_1652be94,2WTE1,2026-07-06T14:17:27.219745Z,accepted,2026-07-07T11:09:54.812070Z,2026-07-22T16:20:33.610000Z,2026-07-22
FLW_2228e2f7,2WTE1,2026-07-06T14:17:27.248708Z,accepted,2026-07-08T17:07:07.756656Z,2026-07-10T13:13:36.643000Z,2026-07-10
FLW_0c0d0a38,2WTE1,2026-07-06T14:17:27.044773Z,accepted,2026-07-06T16:26:29.096483Z,2026-07-06T16:31:59.249000Z,2026-07-06
FLW_c4bcac1c,2WTE1,2026-07-06T14:17:27.192028Z,accepted,2026-07-06T21:43:52.171757Z,,
FLW_050978ff,2WTE1,2026-07-06T14:17:27.075976Z,accepted,2026-07-06T16:49:11.579123Z,2026-07-06T17:59:43.264000Z,2026-07-06
FLW_51ad97be,2WTE1,2026-07-06T14:17:27.454262Z,accepted,2026-07-06T22:46:11.518580Z,2026-07-06T22:51:27.757000Z,2026-07-06
FLW_30d84c9b,2WTE1,2026-07-06T10:16:13.083246Z,accepted,2026-07-06T10:18:51.676922Z,2026-07-10T13:11:54.567000Z,2026-07-10
FLW_617e3aab,2WTE1,2026-07-06T10:16:13.307633Z,accepted,2026-07-06T10:20:25.072528Z,2026-07-06T10:37:37.192000Z,2026-07-07
FLW_9ee153ae,2WTE1,2026-07-06T10:16:13.450203Z,accepted,2026-07-06T18:52:20.556292Z,2026-07-06T21:16:40.277000Z,2026-07-06
FLW_9dcc10f9,2WTE1,2026-07-06T10:44:18.345929Z,sms_delivered,,,
FLW_945e4dc2,2WTE1,2026-07-06T17:08:20.488124Z,accepted,2026-07-06T17:23:50.519271Z,2026-07-06T17:40:34.225000Z,2026-07-06
FLW_5b6329af,2WTE1,2026-07-06T10:47:28.665166Z,accepted,2026-07-06T14:58:25.571257Z,2026-07-06T15:18:34.950000Z,2026-07-06
FLW_e201afb3,2WTE1,2026-07-06T14:17:25.565122Z,sms_delivered,,,
FLW_e368fabf,2WTE1,2026-07-10T15:11:11.709631Z,accepted,2026-07-10T19:24:59.402544Z,2026-07-11T18:53:20.681000Z,2026-07-11
FLW_cad32c25,2WTE1,2026-07-06T14:17:25.789852Z,accepted,2026-07-07T16:23:30.224889Z,2026-07-10T12:05:52.406000Z,2026-07-10
FLW_9ec0bbc3,2WTE1,2026-07-10T15:11:11.473083Z,accepted,2026-07-23T20:49:53.594462Z,2026-07-23T21:02:54.374000Z,2026-07-23
FLW_53781334,2WTE1,2026-07-10T15:11:11.503755Z,accepted,2026-07-10T18:06:40.689386Z,2026-07-11T14:57:01.191000Z,2026-07-11
FLW_60cdcb2a,2WTE1,2026-07-10T15:11:11.273538Z,accepted,2026-07-11T20:37:22.606289Z,2026-07-11T20:59:41.106000Z,2026-07-11
FLW_4f275413,2WTE1,2026-07-06T14:17:25.699583Z,sms_delivered,,,
FLW_7aa900ef,2WTE1,2026-07-06T14:17:25.819732Z,sms_delivered,,,
FLW_dc252986,2WTE1,2026-07-06T14:17:27.009429Z,sms_delivered,,,
FLW_78e51910,2WTE1,2026-07-06T14:17:27.540512Z,sms_delivered,,,
FLW_8c8d5b4f,2WTE1,2026-07-06T14:17:27.720134Z,accepted,,,2026-07-07
FLW_7b5c1d45,2WTE1,2026-07-06T14:17:27.134792Z,sms_delivered,,,
FLW_12298ddf,2WTE1,2026-07-06T14:17:27.597828Z,sms_not_delivered,,,
FLW_e45e3450,2WTE1,2026-07-06T14:17:27.655385Z,accepted,2026-07-06T15:08:01.618052Z,2026-07-06T15:12:54.689000Z,2026-07-06
FLW_e13256c3,2WTE1,2026-07-06T14:17:26.797219Z,accepted,2026-07-07T23:32:23.339889Z,,
FLW_2ae251a1,2WTE1,2026-07-06T14:17:27.806531Z,sms_delivered,,,
FLW_2c903a39,2WTE1,2026-07-24T10:56:13.707682Z,sms_delivered,,,
FLW_9430cf11,2WTE1,2026-07-06T14:17:25.534201Z,accepted,,,
FLW_e3365061,2WTE1,2026-07-06T14:17:25.595494Z,accepted,2026-07-17T05:23:16.817235Z,2026-07-17T05:29:29.003000Z,2026-07-17
FLW_3f28c1ce,2WTE1,2026-07-06T14:17:25.850158Z,sms_delivered,,,
FLW_67ec4111,2WTE1,2026-07-13T10:58:04.634405Z,sms_delivered,,,
FLW_8902b782,2WTE1,2026-07-09T12:05:45.322982Z,accepted,2026-07-09T12:06:41.167247Z,2026-07-09T12:11:36.051000Z,2026-07-09
FLW_31811430,2WTE1,2026-07-06T14:17:25.322095Z,accepted,2026-07-12T09:30:43.725487Z,,
FLW_ca1f921b,2WTE1,2026-07-06T14:17:25.404395Z,sms_delivered,,,
FLW_83ee4ed5,2WTE1,2026-07-06T14:17:25.943887Z,sms_delivered,,,
FLW_5d770c9d,2WTE1,2026-07-06T14:17:26.590716Z,sms_delivered,,,
FLW_81068640,2WTE1,2026-07-06T10:44:18.782913Z,accepted,2026-07-09T09:29:00.426798Z,,
FLW_26bd1918,2WTE1,2026-07-06T10:44:18.409206Z,sms_delivered,,,
FLW_2a5b7fe3,2WTE1,2026-07-06T14:17:26.005913Z,accepted,2026-07-07T17:04:11.820173Z,2026-07-22T10:12:46.482000Z,2026-07-22
FLW_5f559d5f,2WTE1,2026-07-06T14:17:26.382106Z,sms_delivered,,,
FLW_d75081c7,2WTE1,2026-07-10T13:29:21.215091Z,accepted,2026-07-13T14:58:46.288116Z,2026-07-13T20:39:48.755000Z,2026-07-14
FLW_fb9a36cf,2WTE1,2026-07-10T13:29:21.398701Z,accepted,2026-07-10T13:58:15.589247Z,2026-07-10T18:42:56.920000Z,2026-07-10
FLW_eeec0952,2WTE1,2026-07-10T13:29:20.810072Z,accepted,2026-07-10T13:35:46.997744Z,2026-07-10T13:41:46.143000Z,2026-07-10
FLW_cbe45068,2WTE1,2026-07-10T13:29:20.841895Z,accepted,2026-07-10T15:01:19.634544Z,2026-07-10T15:10:27.428000Z,2026-07-10
FLW_e6fbcbf8,2WTE1,2026-07-06T14:17:27.978120Z,accepted,2026-07-06T16:01:45.776679Z,2026-07-06T16:10:47.859000Z,2026-07-06
FLW_e10500a6,2WTE1,2026-07-06T14:17:28.100951Z,accepted,2026-07-08T16:48:32.561465Z,2026-07-08T16:52:58.381000Z,2026-07-08
FLW_52359c96,2WTE1,2026-07-06T14:17:28.068010Z,sms_delivered,,,
FLW_3d2f2ef1,2WTE1,2026-07-06T14:17:27.891815Z,accepted,2026-07-06T14:23:04.192280Z,2026-07-11T13:47:58.442000Z,2026-07-11
FLW_544e94e6,2WTE1,2026-07-06T14:17:27.920724Z,accepted,2026-07-06T20:45:12.384080Z,2026-07-06T20:54:12.167000Z,2026-07-07
FLW_cc45b5ef,2WTE1,2026-07-06T14:17:28.130930Z,accepted,2026-07-06T14:46:29.823297Z,2026-07-06T15:10:57.170000Z,2026-07-06
FLW_dbaa0aed,2WTE1,2026-07-06T14:17:27.834775Z,accepted,2026-07-06T14:49:52.257828Z,2026-07-07T10:12:04.676000Z,2026-07-09
FLW_2cee0812,2WTE1,2026-07-10T13:29:21.073594Z,accepted,2026-07-12T05:31:32.566900Z,2026-07-12T05:38:34.289000Z,2026-07-12
FLW_4bcde4b8,2WTE1,2026-07-10T13:27:04.123674Z,sms_delivered,,,
FLW_5ee27933,2WTE1,2026-07-10T13:27:04.180583Z,sms_delivered,,,
FLW_a90c193d,2WTE1,2026-07-10T13:27:04.295306Z,sms_not_delivered,,,
FLW_2aa0a50f,2WTE1,2026-07-10T13:27:03.998808Z,accepted,2026-07-10T13:29:19.095605Z,2026-07-10T13:57:42.466000Z,2026-07-10
FLW_fd58f759,2WTE1,2026-07-10T13:27:04.325860Z,accepted,2026-07-10T13:38:54.334583Z,2026-07-10T13:47:30.637000Z,2026-07-10
FLW_8d0b0546,2WTE1,2026-07-10T13:27:03.703899Z,accepted,2026-07-10T18:35:43.786852Z,2026-07-10T19:32:43.557000Z,2026-07-10
FLW_ce8baad6,2WTE1,2026-07-10T13:27:04.061036Z,accepted,2026-07-11T17:16:56.102585Z,2026-07-11T17:24:11.968000Z,2026-07-11
FLW_4a0a8aa9,2WTE1,2026-07-10T13:27:03.657975Z,accepted,2026-07-10T16:04:45.907157Z,2026-07-10T16:13:04.825000Z,2026-07-10
FLW_84d3e307,2WTE1,2026-07-10T13:27:04.151431Z,accepted,2026-07-10T19:40:52.926343Z,2026-07-10T20:48:54.320000Z,2026-07-11
FLW_8e30c276,2WTE1,2026-07-10T13:27:04.388310Z,accepted,2026-07-13T10:56:30.101930Z,2026-07-14T12:51:32.554000Z,2026-07-14
FLW_5ec465a1,2WTE1,2026-07-10T13:27:03.770951Z,sms_delivered,,,
FLW_60a6da46,2WTE1,2026-07-10T13:27:03.939166Z,sms_delivered,,,
FLW_7f61c4ff,2WTE1,2026-07-10T13:27:03.969238Z,sms_delivered,,,
FLW_2ebea77b,2WTE1,2026-07-10T13:27:03.894879Z,accepted,2026-07-10T14:17:21.549835Z,2026-07-10T15:45:00.084000Z,2026-07-10
FLW_7d0deb89,2WTE1,2026-07-10T13:27:04.092667Z,sms_delivered,,,
FLW_7ae17da3,2WTE1,2026-07-10T13:27:03.835594Z,accepted,2026-07-10T14:29:02.035748Z,2026-07-10T14:41:51.176000Z,2026-07-10
FLW_43e624da,2WTE1,2026-07-10T13:27:04.030896Z,accepted,2026-07-13T15:48:29.874763Z,,
FLW_0da753ae,2WTE1,2026-07-10T13:27:04.208651Z,accepted,2026-07-15T08:59:15.746592Z,,
FLW_79e0f668,2WTE1,2026-07-10T13:27:03.737163Z,accepted,2026-07-10T16:55:25.614447Z,2026-07-10T17:37:39.185000Z,2026-07-10
FLW_1ff1989c,2WTE1,2026-07-10T13:27:03.801680Z,accepted,2026-07-10T17:51:35.337264Z,2026-07-10T18:02:47.500000Z,2026-07-11
FLW_f73e06d4,2WTE1,2026-07-10T13:27:04.358042Z,accepted,2026-07-22T20:00:54.759169Z,,
FLW_7ef4c89d,2WTE1,2026-07-06T12:44:54.150962Z,accepted,2026-07-06T12:45:44.728039Z,2026-07-06T12:59:44.198000Z,2026-07-06
FLW_66c55bab,2WTE1,2026-07-10T13:27:03.865607Z,accepted,2026-07-11T18:15:41.089231Z,2026-07-14T16:14:06.597000Z,2026-07-14
FLW_783c2bd7,2WTE1,2026-07-10T13:27:04.265459Z,accepted,2026-07-11T18:53:19.184551Z,2026-07-11T19:24:43.917000Z,2026-07-11
FLW_7c56c3a4,2WTE1,2026-07-10T13:29:21.425519Z,accepted,2026-07-12T12:05:03.951587Z,2026-07-12T20:13:23.608000Z,2026-07-12
FLW_992c7568,2WTE1,2026-07-10T13:29:21.013804Z,sms_delivered,,,
FLW_ce806e40,2WTE1,2026-07-06T14:17:25.372161Z,accepted,2026-07-06T16:46:05.048859Z,2026-07-06T17:31:52.258000Z,2026-07-06
FLW_ef9513d8,2WTE1,2026-07-06T14:17:27.425600Z,accepted,2026-07-06T14:54:50.748133Z,2026-07-06T15:05:33.045000Z,2026-07-06
FLW_69867a92,2WTE1,2026-07-06T14:17:25.911323Z,accepted,2026-07-06T18:42:41.064794Z,2026-07-06T18:49:32.707000Z,2026-07-06
FLW_97d174c1,2WTE1,2026-07-10T13:29:21.289962Z,sms_delivered,,,
FLW_ffbc946d,2WTE1,2026-07-10T13:29:21.045937Z,accepted,2026-07-29T09:55:48.566596Z,2026-07-29T10:03:31.884000Z,2026-07-29
FLW_ff1ca530,2WTE1,2026-07-10T13:29:21.371919Z,accepted,2026-07-10T13:31:47.517265Z,2026-07-11T05:30:52.103000Z,2026-07-11
FLW_331f2fac,2WTE1,2026-07-10T13:29:20.733112Z,accepted,2026-07-10T13:43:42.942994Z,2026-07-10T13:59:57.212000Z,2026-07-10
FLW_3ed75330,2WTE1,2026-07-10T13:29:20.982181Z,accepted,2026-07-10T13:54:00.407023Z,,
FLW_2e2677c4,2WTE1,2026-07-10T13:29:21.159614Z,accepted,2026-07-10T13:54:54.299775Z,2026-07-10T14:10:17.527000Z,2026-07-10
FLW_0270a290,2WTE1,2026-07-10T13:29:20.779743Z,accepted,2026-07-10T14:05:24.662514Z,2026-07-13T20:20:24.621000Z,
FLW_3114cc82,2WTE1,2026-07-10T13:29:21.129364Z,accepted,2026-07-10T14:30:27.713522Z,2026-07-10T14:47:02.367000Z,2026-07-10
FLW_45aec05b,2WTE1,2026-07-10T13:29:20.952131Z,accepted,2026-07-10T14:52:49.153786Z,2026-07-10T14:58:57.524000Z,2026-07-10
FLW_3974ff38,2WTE1,2026-07-10T13:29:20.892919Z,accepted,2026-07-10T15:14:44.033066Z,2026-07-10T15:25:25.451000Z,2026-07-10
FLW_36fc8d3c,2WTE1,2026-07-06T10:10:46.242848Z,sms_delivered,,,
FLW_0fd83440,2WTE1,2026-07-06T10:10:46.494980Z,sms_delivered,,,
FLW_90733d21,2WTE1,2026-07-06T10:10:46.672197Z,sms_delivered,,,
FLW_9ea82687,2WTE1,2026-07-06T10:10:46.732194Z,sms_delivered,,,
FLW_73f14d11,2WTE1,2026-07-06T10:10:46.431130Z,accepted,2026-07-14T10:31:54.779852Z,2026-07-14T11:41:43.347000Z,2026-07-14
FLW_c2c5d477,2WTE1,2026-07-06T10:10:46.881039Z,sms_delivered,,,
FLW_ccc5516d,2WTE1,2026-07-06T10:10:47.090885Z,accepted,2026-07-06T10:13:06.958707Z,2026-07-06T10:23:28.702000Z,2026-07-06
FLW_5d12ac24,2WTE1,2026-07-06T10:10:46.641922Z,accepted,2026-07-06T10:14:51.055038Z,2026-07-06T16:47:05.290000Z,2026-07-06
FLW_e9b8aaf9,2WTE1,2026-07-06T10:10:47.031311Z,accepted,2026-07-06T17:04:36.618492Z,2026-07-06T17:17:02.644000Z,2026-07-06
FLW_1b87a2e6,2WTE1,2026-07-06T10:10:46.970923Z,accepted,2026-07-06T11:15:43.861274Z,2026-07-06T12:40:57.838000Z,2026-07-06
FLW_466f5c6c,2WTE1,2026-07-06T10:10:46.791014Z,accepted,,,
FLW_8518810d,2WTE1,2026-07-06T10:10:46.212101Z,accepted,2026-07-10T12:25:18.508219Z,2026-07-10T22:21:42.402000Z,2026-07-10
FLW_47c92d8e,2WTE1,2026-07-06T14:17:26.104204Z,sms_delivered,,,
FLW_664192c8,2WTE1,2026-07-06T10:10:46.612194Z,accepted,2026-07-06T10:35:09.079810Z,2026-07-10T13:22:34.036000Z,2026-07-10
FLW_2d6980e6,2WTE1,2026-07-06T10:10:46.176366Z,accepted,2026-07-06T10:44:07.718266Z,2026-07-06T10:58:17.009000Z,2026-07-18
FLW_0427115e,2WTE1,2026-07-06T10:10:46.552341Z,accepted,2026-07-06T11:49:29.257873Z,2026-07-06T12:01:58.268000Z,2026-07-06
FLW_12e80c2a,2WTE1,2026-07-06T10:10:46.582173Z,accepted,2026-07-06T12:09:21.248277Z,2026-07-06T17:18:45.631000Z,2026-07-06
FLW_8a6383e7,2WTE1,2026-07-06T10:10:46.333917Z,accepted,2026-07-06T13:14:55.345806Z,2026-07-06T13:25:35.902000Z,2026-07-06
FLW_263df73a,2WTE1,2026-07-06T10:10:46.941665Z,accepted,2026-07-06T13:29:44.498328Z,2026-07-06T14:33:19.617000Z,2026-07-06
FLW_6cddef5b,2WTE1,2026-07-06T10:10:46.852316Z,accepted,2026-07-06T14:11:25.352692Z,2026-07-06T16:05:03.350000Z,2026-07-06
FLW_55ecaf46,2WTE1,2026-07-06T10:10:46.364171Z,accepted,2026-07-09T11:23:14.470923Z,2026-07-09T12:15:04.474000Z,2026-07-09
FLW_86c9d88b,2WTE1,2026-07-06T10:10:46.912949Z,accepted,2026-07-06T14:32:43.912657Z,2026-07-06T15:46:44.704000Z,2026-07-06
FLW_d7f29e6b,2WTE1,2026-07-06T14:17:26.860884Z,accepted,2026-07-06T14:40:37.404614Z,2026-07-06T14:45:43.380000Z,2026-07-06
FLW_a7b524a6,2WTE1,2026-07-06T10:10:46.272974Z,accepted,2026-07-06T17:38:50.623261Z,2026-07-08T20:01:46.142000Z,2026-07-10
FLW_7b7a4129,2WTE1,2026-07-06T10:10:47.120417Z,accepted,2026-07-06T15:08:33.576486Z,2026-07-06T15:30:44.232000Z,2026-07-06
FLW_3a639f42,2WTE1,2026-07-06T10:10:46.303289Z,accepted,2026-07-06T15:43:59.203250Z,2026-07-06T15:52:37.015000Z,2026-07-06
FLW_b6d91789,2WTE1,2026-07-07T10:53:17.678875Z,accepted,2026-07-07T15:17:13.026499Z,2026-07-07T15:41:43.881000Z,2026-07-07
FLW_ef186547,2WTE1,2026-07-06T14:17:27.511374Z,accepted,2026-07-06T19:40:07.252539Z,2026-07-06T19:54:07.330000Z,2026-07-11
FLW_02039403,2WTE1,2026-07-10T13:32:46.340816Z,sms_delivered,,,
FLW_f59f0de3,2WTE1,2026-07-10T13:32:46.737474Z,sms_delivered,,,
FLW_825bf681,2WTE1,2026-07-10T13:32:46.485913Z,accepted,2026-07-10T13:34:09.277115Z,2026-07-10T13:38:39.383000Z,2026-07-10
FLW_65d5ada2,2WTE1,2026-07-10T13:32:46.654342Z,accepted,2026-07-11T05:58:19.212889Z,2026-07-11T06:08:49.396000Z,2026-07-11
FLW_ae7ed22f,2WTE1,2026-07-10T13:32:46.280601Z,accepted,2026-07-10T13:45:04.169255Z,2026-07-10T13:54:29.687000Z,2026-07-10
FLW_1064593f,2WTE1,2026-07-10T13:32:46.561725Z,accepted,2026-07-10T13:50:50.760527Z,2026-07-10T16:43:55.451000Z,2026-07-10
FLW_3cf44414,2WTE1,2026-07-10T13:32:46.590139Z,accepted,2026-07-10T13:56:00.922361Z,2026-07-10T19:30:27.466000Z,2026-07-10
FLW_9f05851e,2WTE1,2026-07-10T13:32:46.370876Z,accepted,2026-07-10T13:58:07.502361Z,2026-07-11T07:27:46.862000Z,2026-07-11
FLW_b1d15488,2WTE1,2026-07-10T13:32:46.513763Z,accepted,2026-07-10T14:00:16.677665Z,2026-07-10T14:07:45.468000Z,2026-07-10
FLW_39b1d8e9,2WTE1,2026-07-10T13:32:46.249485Z,accepted,2026-07-10T14:05:42.237769Z,2026-07-10T14:15:12.605000Z,2026-07-10
FLW_1ee1abd8,2WTE1,2026-07-07T10:53:17.714585Z,accepted,2026-07-07T11:03:41.746185Z,2026-07-07T11:08:24.687000Z,2026-07-07
FLW_574a4cb1,2WTE1,2026-07-10T13:32:46.710018Z,accepted,2026-07-10T14:32:01.583165Z,2026-07-10T14:58:58.140000Z,2026-07-10
FLW_0b4b891b,2WTE1,2026-07-10T13:32:46.400822Z,accepted,2026-07-10T19:12:33.355048Z,2026-07-10T19:28:18.667000Z,2026-07-10
FLW_bd52a131,2WTE1,2026-07-10T13:32:46.429050Z,accepted,2026-07-10T16:00:26.791157Z,2026-07-10T20:24:32.408000Z,2026-07-10
FLW_da81d62c,2WTE1,2026-07-10T13:32:46.457020Z,accepted,2026-07-11T14:26:36.829548Z,2026-07-12T10:36:29.007000Z,2026-07-12
FLW_a24be9bf,2WTE1,2026-07-10T13:32:46.312312Z,accepted,2026-07-11T14:47:10.384441Z,2026-07-11T14:56:38.963000Z,2026-07-11
FLW_4c26fa26,2WTE1,2026-07-10T13:32:46.616939Z,accepted,2026-07-10T20:10:29.127859Z,2026-07-16T20:20:57.299000Z,2026-07-16
FLW_2d810942,2WTE1,2026-07-06T14:17:25.501096Z,accepted,2026-07-07T20:41:48.444586Z,,
FLW_da371b22,2WTE1,2026-07-10T15:11:11.622316Z,accepted,2026-07-12T14:27:02.290288Z,2026-07-14T13:28:09.615000Z,2026-07-14
FLW_771842bf,2WTE1,2026-07-10T15:11:11.416714Z,accepted,2026-07-11T18:44:37.156702Z,2026-07-11T19:19:14.242000Z,2026-07-11
FLW_8c09b63c,2WTE1,2026-07-06T10:16:13.506118Z,accepted,2026-07-06T14:49:31.893250Z,2026-07-06T14:56:29.932000Z,2026-07-06
FLW_c013d721,2WTE1,2026-07-06T14:17:26.471634Z,sms_delivered,,,
FLW_d05306e4,2WTE1,2026-07-10T13:32:46.167715Z,accepted,2026-07-10T15:31:21.414333Z,,
FLW_e5a00e9c,2WTE1,2026-07-06T14:17:26.709554Z,sms_delivered,,,
FLW_e33e4506,2WTE1,2026-07-06T10:10:46.822097Z,accepted,2026-07-07T19:56:02.242578Z,2026-07-07T20:10:36.076000Z,2026-07-10
FLW_3229d059,2WTE1,2026-07-06T14:17:26.739481Z,sms_delivered,,,
FLW_370d6c2d,2WTE1,2026-07-06T14:17:26.768044Z,sms_delivered,,,
FLW_1859cc8d,2WTE1,2026-07-06T14:17:26.828066Z,sms_delivered,,,
FLW_b4632f89,2WTE1,2026-07-06T14:17:27.687887Z,accepted,2026-07-06T15:00:32.269767Z,,
FLW_28a8eec7,2WTE1,2026-07-06T14:17:27.748859Z,sms_delivered,,,
FLW_9160ba2c,2WTE1,2026-07-06T14:17:26.980714Z,accepted,2026-07-08T11:21:10.498680Z,2026-07-08T12:21:21.748000Z,2026-07-28
FLW_fceaa611,2WTE1,2026-07-07T11:24:39.266269Z,accepted,2026-07-07T11:25:18.891249Z,2026-07-07T11:44:42.704000Z,2026-07-07
FLW_1633a1e3,2WTE1,2026-07-06T14:17:26.442117Z,accepted,2026-07-10T11:49:03.895599Z,,
FLW_468d18a5,2WTE1,2026-07-06T14:17:27.338126Z,sms_delivered,,,
FLW_740f1f30,2WTE1,2026-07-06T14:17:27.626821Z,sms_delivered,,,
FLW_e9ed251f,2WTE1,2026-07-06T14:17:26.920812Z,accepted,2026-07-06T15:20:25.679555Z,,
FLW_8216f72f,2WTE1,2026-07-06T14:17:27.397163Z,accepted,2026-07-06T14:43:10.079174Z,2026-07-06T14:48:23.504000Z,2026-07-06
FLW_6116dabc,2WTE1,2026-07-06T10:10:46.396573Z,accepted,2026-07-06T15:54:19.979931Z,2026-07-06T20:56:45.731000Z,2026-07-06
FLW_7a38a10b,2WTE1,2026-07-06T17:08:20.522083Z,accepted,2026-07-06T17:37:01.736043Z,2026-07-06T17:43:00.795000Z,2026-07-06
FLW_2d0bdeaf,2WTE1,2026-07-06T10:16:13.589955Z,accepted,2026-07-17T14:37:51.796471Z,2026-07-17T15:48:29.437000Z,2026-07-18
FLW_684a481a,2WTE1,2026-07-10T15:11:11.125624Z,accepted,2026-07-10T15:13:17.930683Z,2026-07-10T15:26:45.194000Z,2026-07-10
FLW_0f83a507,2WTE1,2026-07-10T15:11:11.360385Z,accepted,2026-07-10T16:34:50.871134Z,2026-07-10T18:55:27.411000Z,2026-07-10
FLW_93ba6220,2WTE1,2026-07-06T14:17:26.229312Z,accepted,2026-07-14T13:51:28.903060Z,2026-07-14T13:58:32.774000Z,2026-07-14
FLW_12ca3ac3,2WTE1,2026-07-14T12:59:17.956696Z,accepted,2026-07-14T13:14:10.355238Z,2026-07-14T13:25:21Z,2026-07-14
FLW_e003c3b3,2WTE1,2026-07-14T12:59:17.877811Z,accepted,2026-07-14T19:59:08.384725Z,2026-07-14T20:26:02.173000Z,2026-07-14
FLW_b900c041,2WTE1,2026-07-06T10:44:18.844336Z,accepted,2026-07-08T18:24:40.852484Z,2026-07-08T18:32:34.628000Z,2026-07-08
FLW_b4445c22,2WTE1,2026-07-06T10:47:28.580050Z,accepted,2026-07-06T11:24:28.683126Z,2026-07-06T11:37:28.419000Z,2026-07-06
FLW_f645dfe7,2WTE1,2026-07-06T10:47:28.167249Z,accepted,2026-07-06T11:25:02.720553Z,2026-07-06T11:31:12.506000Z,2026-07-06
FLW_637ec870,2WTE1,2026-07-06T10:47:28.403731Z,accepted,2026-07-06T13:39:24.111249Z,2026-07-06T14:09:18.975000Z,2026-07-06
FLW_b878bf3e,2WTE1,2026-07-06T10:47:28.837906Z,accepted,2026-07-10T08:07:57.053097Z,2026-07-10T08:15:38.009000Z,2026-07-10
FLW_a4cc42b5,2WTE1,2026-07-06T14:17:26.136758Z,accepted,2026-07-06T14:38:08.686297Z,2026-07-06T14:48:21.317000Z,2026-07-06
FLW_ea249b57,2WTE1,2026-07-06T10:47:28.780452Z,sms_delivered,,,
FLW_f014e571,2WTE1,2026-07-06T10:47:28.433837Z,accepted,2026-07-06T10:53:33.686684Z,2026-07-06T11:09:51.201000Z,2026-07-06
FLW_1a80cfa7,2WTE1,2026-07-06T10:47:28.283015Z,accepted,2026-07-06T17:19:04.224298Z,2026-07-06T17:30:14.928000Z,2026-07-06
FLW_b2c20644,2WTE1,2026-07-06T10:47:28.139037Z,accepted,2026-07-06T11:55:57.552304Z,2026-07-06T12:09:36.603000Z,2026-07-06
FLW_911441dd,2WTE1,2026-07-06T10:47:28.635804Z,accepted,2026-07-06T11:38:55.616250Z,2026-07-06T11:44:45.534000Z,2026-07-06
FLW_15c451d5,2WTE1,2026-07-06T10:47:28.751370Z,accepted,2026-07-06T12:06:30.532135Z,2026-07-06T12:10:13.356000Z,2026-07-06
FLW_cd6fbb38,2WTE1,2026-07-06T14:17:25.975898Z,accepted,2026-07-08T15:03:03.212186Z,2026-07-08T15:29:28.129000Z,2026-07-08
FLW_0cf94e65,2WTE1,2026-07-06T14:17:26.067482Z,sms_delivered,,,
FLW_9c1ff495,2WTE1,2026-07-06T10:47:28.370418Z,accepted,2026-07-06T17:17:22.466649Z,2026-07-06T17:25:44.691000Z,2026-07-06
FLW_692a61c7,2WTE1,2026-07-06T10:52:59.144207Z,accepted,2026-07-06T10:53:35.317253Z,2026-07-06T11:06:38.543000Z,2026-07-06
FLW_d945a42a,2WTE1,2026-07-10T15:11:10.992429Z,accepted,2026-07-14T11:44:50.259958Z,2026-07-14T11:56:04.136000Z,2026-07-16
FLW_9d60f670,2WTE1,2026-07-06T14:17:27.862827Z,accepted,2026-07-06T14:37:44.120378Z,,
FLW_8c8f35a2,2WTE1,2026-07-06T14:17:28.037274Z,sms_delivered,,,
FLW_6b698f0b,2WTE1,2026-07-09T12:05:45.256173Z,accepted,2026-07-09T12:09:56.839869Z,2026-07-09T12:42:06.996000Z,2026-07-09
FLW_1bcb1c1a,2WTE1,2026-07-10T13:32:46.220281Z,accepted,2026-07-10T17:39:35.079241Z,2026-07-10T17:45:21.179000Z,2026-07-10
FLW_25265b8e,2WTE1,2026-07-17T08:31:53.349442Z,accepted,2026-07-17T08:37:39.869051Z,2026-07-17T08:59:33.597000Z,2026-07-17
FLW_08de1c37,2WTE1,2026-07-11T19:40:04.676539Z,accepted,2026-07-12T14:27:00.254290Z,2026-07-12T14:31:42.822000Z,2026-07-12
FLW_d16071ff,2WTE1,2026-07-11T19:40:04.583041Z,accepted,2026-07-11T19:55:42.768292Z,2026-07-11T20:03:14.849000Z,2026-07-11
FLW_cd53c000,2WTE1,2026-07-10T13:29:20.922322Z,accepted,2026-07-10T18:31:11.803398Z,2026-07-10T18:37:32.759000Z,2026-07-10
FLW_d7b0c2c0,2WTE1,2026-07-10T13:29:21.101601Z,accepted,2026-07-10T15:04:31.716907Z,2026-07-10T15:37:19.210000Z,2026-07-10
FLW_2c1ba0e4,2WTE1,2026-07-10T13:29:21.261676Z,accepted,2026-07-10T18:00:01.848441Z,2026-07-10T19:44:03.930000Z,
FLW_23b3cea3,2WTE1,2026-07-10T13:29:21.187847Z,sms_delivered,,,
FLW_a54c48b5,2WTE1,2026-07-17T08:14:57.319461Z,accepted,2026-07-17T08:17:03.416599Z,2026-07-17T08:26:34.030000Z,2026-07-17
FLW_47ea1265,2WTE1,2026-07-09T10:53:58.396750Z,accepted,2026-07-09T11:07:59.286818Z,2026-07-09T11:18:02.185000Z,2026-07-09
FLW_163d5959,2WTE1,2026-07-13T10:58:04.825264Z,sms_delivered,,,
FLW_fadbd424,2WTE1,2026-07-06T14:17:27.163215Z,accepted,2026-07-06T17:22:28.292156Z,2026-07-06T17:26:00.443000Z,2026-07-08
FLW_a1e6a164,2WTE1,2026-07-06T10:44:18.538194Z,accepted,2026-07-06T19:42:42.095588Z,2026-07-06T20:02:03.394000Z,2026-07-06
FLW_4cfdaffb,2WTE1,2026-07-06T10:44:18.658302Z,accepted,2026-07-18T14:05:24.284742Z,2026-07-18T14:23:51.847000Z,2026-07-18
FLW_884de98e,2WTE1,2026-07-06T14:17:26.501082Z,accepted,2026-07-07T12:26:58.215905Z,2026-07-07T12:34:01.451000Z,2026-07-07
FLW_0ac2aff6,2WTE1,2026-07-06T10:44:18.597599Z,sms_delivered,,,
FLW_a5eda77e,2WTE1,2026-07-06T10:44:18.720971Z,accepted,2026-07-07T16:21:32.430272Z,,
FLW_301885c0,2WTE1,2026-07-06T10:44:18.875053Z,accepted,2026-07-09T19:05:41.562850Z,2026-07-09T19:15:20.550000Z,2026-07-10
FLW_4b077c2a,2WTE1,2026-07-06T10:44:18.812913Z,accepted,2026-07-07T07:27:30.015179Z,2026-07-07T22:50:57.396000Z,2026-07-10
FLW_8ab6fc31,2WTE1,2026-07-06T10:44:18.627306Z,accepted,2026-07-06T13:35:05.762446Z,2026-07-27T13:26:21.295000Z,2026-07-27
FLW_74eb66b6,2WTE1,2026-07-06T10:44:18.377763Z,accepted,2026-07-06T16:30:34.514274Z,2026-07-06T17:24:59.893000Z,2026-07-06
FLW_c11bda03,2WTE1,2026-07-06T10:44:18.191972Z,sms_delivered,,,
FLW_a92d1bfc,2WTE1,2026-07-06T10:44:18.252352Z,sms_delivered,,,
FLW_1e0438af,2WTE1,2026-07-06T10:44:18.507860Z,accepted,2026-07-06T10:45:28.925169Z,2026-07-06T10:55:09.262000Z,2026-07-06
FLW_1e97efe2,2WTE1,2026-07-06T10:44:18.312914Z,accepted,2026-07-06T18:14:05.497270Z,2026-07-06T18:30:26.811000Z,2026-07-06
FLW_5ccc828e,2WTE1,2026-07-06T10:44:18.691384Z,accepted,2026-07-06T11:11:22.032296Z,2026-07-06T11:17:51.212000Z,2026-07-06
FLW_e1c8e0e7,2WTE1,2026-07-06T10:44:18.160235Z,accepted,2026-07-06T10:45:28.018198Z,2026-07-06T11:22:03.097000Z,2026-07-06
FLW_3f838155,2WTE1,2026-07-06T10:47:28.198058Z,accepted,2026-07-06T10:50:56.546747Z,2026-07-06T11:02:12.298000Z,2026-07-06
FLW_3a24a429,2WTE1,2026-07-06T10:47:28.340615Z,accepted,2026-07-06T11:15:14.425048Z,2026-07-06T11:24:50.284000Z,2026-07-06
FLW_9d04565a,2WTE1,2026-07-06T10:47:28.809373Z,accepted,2026-07-06T12:37:47.363193Z,2026-07-06T12:46:03.837000Z,2026-07-06
FLW_45fc59ba,2WTE1,2026-07-06T10:47:28.722954Z,accepted,2026-07-06T11:55:26.834292Z,2026-07-06T17:17:37.267000Z,2026-07-06
FLW_675a5955,2WTE1,2026-07-06T10:47:28.551602Z,accepted,2026-07-11T19:34:24.236095Z,2026-07-11T19:43:43.942000Z,2026-07-11
FLW_24b114b6,2WTE1,2026-07-06T10:47:28.464291Z,accepted,2026-07-06T11:18:09.370719Z,2026-07-06T11:23:57.531000Z,2026-07-06
FLW_ffe755a9,2WTE1,2026-07-06T14:17:25.436852Z,accepted,2026-07-06T14:26:46.245258Z,2026-07-06T14:33:14.814000Z,2026-07-06
FLW_fd220ad7,2WTE1,2026-07-06T10:44:18.283515Z,accepted,2026-07-06T17:19:51.148122Z,2026-07-06T17:48:15.680000Z,2026-07-06
FLW_255fa592,2WTE1,2026-07-06T10:44:18.905153Z,sms_delivered,,,
FLW_ad7c3bc8,2WTE1,2026-07-06T10:47:28.092602Z,accepted,2026-07-06T10:52:05.586372Z,2026-07-06T11:20:39.115000Z,2026-07-06
FLW_98b31d4d,2WTE1,2026-07-06T10:47:28.523313Z,accepted,2026-07-06T10:55:34.543579Z,2026-07-06T11:19:52.840000Z,2026-07-06
FLW_1c819406,2WTE1,2026-07-10T09:07:12.039710Z,accepted,2026-07-10T09:09:04.954314Z,2026-07-10T09:15:42.411000Z,2026-07-10
FLW_37e7d184,2WTE1,2026-07-06T10:44:18.750854Z,accepted,2026-07-09T06:20:19.117058Z,2026-07-09T06:37:57.142000Z,2026-07-09
FLW_d956996a,2WTE1,2026-07-09T09:14:09.493033Z,accepted,2026-07-09T09:37:24.326786Z,2026-07-09T10:00:51.591000Z,2026-07-09
FLW_7d9f40ad,2WTE1,2026-07-06T14:17:28.006375Z,sms_delivered,,,
FLW_f3590773,2WTE1,2026-07-06T10:10:47.061401Z,accepted,2026-07-06T14:17:00.986384Z,2026-07-06T14:28:48.515000Z,2026-07-06
FLW_e697087d,2WTE1,2026-07-06T10:16:13.222502Z,accepted,2026-07-08T10:09:10.638780Z,2026-07-08T10:37:18.556000Z,2026-07-08
FLW_facd6c46,2WTE1,2026-07-24T10:56:15.283706Z,sms_delivered,,,
FLW_d0da0c33,2WTE1,2026-07-13T10:58:04.795463Z,sms_delivered,,,
FLW_642a0652,2WTE1,2026-07-06T10:44:18.220986Z,accepted,2026-07-06T10:52:54.865185Z,2026-07-06T11:03:46.993000Z,2026-07-06
FLW_04720229,2WTE1,2026-07-23T08:37:00.201959Z,accepted,2026-07-23T08:38:25.255419Z,2026-07-23T09:05:36.082000Z,2026-07-23
FLW_c6ca1753,2WTE1,2026-07-13T10:58:04.733049Z,accepted,2026-07-13T14:19:34.390544Z,,
FLW_2fb20551,2WTE1,2026-07-13T10:58:04.917606Z,accepted,2026-07-13T11:05:38.418249Z,2026-07-13T16:35:20.730000Z,2026-07-13
FLW_502b4e31,2WTE1,2026-07-06T10:44:18.441097Z,accepted,2026-07-30T13:02:32.797812Z,,
FLW_0ca1de94,2WTE1,2026-07-09T12:05:45.137918Z,accepted,2026-07-09T12:16:54.384207Z,2026-07-09T12:27:50.597000Z,2026-07-09
FLW_a04e4bbe,2WTE1,2026-07-06T10:16:13.391592Z,accepted,2026-07-06T10:17:22.989852Z,2026-07-06T10:23:04.847000Z,2026-07-06
FLW_c26397af,2WTE1,2026-07-06T10:10:47.000871Z,accepted,2026-07-06T14:25:07.579170Z,2026-07-06T14:39:19.256000Z,2026-07-06
FLW_61ea9420,2WTE1,2026-07-06T10:16:13.562733Z,sms_delivered,,,
FLW_946aa223,2WTE1,2026-07-06T10:16:13.617299Z,sms_delivered,,,
FLW_62d90761,2WTE1,2026-07-10T15:11:11.331774Z,accepted,2026-07-10T18:06:50.594789Z,2026-07-10T21:31:13.724000Z,2026-07-10
FLW_eaf3541f,2WTE1,2026-07-10T15:11:11.031250Z,accepted,2026-07-11T21:41:38.827119Z,2026-07-11T21:58:37.743000Z,2026-07-11
FLW_c7cb5048,2WTE1,2026-07-06T14:17:25.632117Z,sms_delivered,,,
FLW_8bd3fa5c,2WTE1,2026-07-10T13:27:04.236858Z,accepted,2026-07-23T08:48:06.991207Z,2026-07-23T22:03:34.170000Z,2026-07-23
FLW_c7fb4422,2WTE1,2026-07-06T10:10:46.762169Z,accepted,2026-07-06T17:14:36.161106Z,2026-07-06T17:38:46.518000Z,2026-07-06
FLW_a0929f59,2WTE1,2026-07-10T13:32:46.681173Z,sms_delivered,,,
FLW_5861699e,2WTE1,2026-07-06T10:47:28.694546Z,accepted,2026-07-06T13:08:33.293948Z,2026-07-06T13:21:44.249000Z,2026-07-06
FLW_0a500bce,2WTE1,2026-07-06T10:47:28.254654Z,accepted,2026-07-06T10:49:13.029501Z,2026-07-06T10:56:15.952000Z,2026-07-06
FLW_4f746562,2WTE1,2026-07-06T10:47:28.608176Z,accepted,2026-07-06T19:27:33.268556Z,2026-07-07T20:24:06.166000Z,2026-07-07
FLW_26ed93c4,2WTE1,2026-07-06T14:17:25.880976Z,sms_delivered,,,
FLW_019b7560,2WTE1,2026-07-06T14:17:28.161398Z,accepted,2026-07-06T19:44:22.777645Z,2026-07-06T19:53:51.222000Z,2026-07-07
FLW_3e68100e,2WTE1,2026-07-06T14:17:27.949597Z,accepted,2026-07-06T19:35:39.562382Z,2026-07-06T20:36:33.279000Z,2026-07-11
FLW_00a1d5c0,2WTE1,2026-07-13T10:58:04.764977Z,sms_delivered,,,
FLW_9334b8cc,2WTE1,2026-07-13T10:58:04.587743Z,accepted,2026-07-13T11:05:08.418867Z,2026-07-14T09:43:09.711000Z,2026-07-14
FLW_d37df42a,2WTE1,2026-07-13T10:58:04.698709Z,accepted,2026-07-13T19:16:20.843164Z,2026-07-13T19:31:55.637000Z,2026-07-13
FLW_fd4e034e,2WTC1,2026-07-10T11:52:59.283159Z,accepted,2026-07-12T07:56:02.976352Z,2026-07-14T21:32:20.079000Z,2026-07-14
FLW_b229fe27,2WTC1,2026-07-10T11:52:59.641536Z,sms_delivered,,,
FLW_d675b24d,2WTC1,2026-07-06T20:04:03.270495Z,accepted,2026-07-06T22:13:14.415473Z,2026-07-06T22:17:42.694000Z,2026-07-06
FLW_f43ba346,2WTC1,2026-07-06T20:04:03.305419Z,accepted,2026-07-06T20:24:01.927071Z,2026-07-22T10:41:51.991000Z,2026-07-22
FLW_2df30ff9,2WTC1,2026-07-06T11:27:43.027985Z,accepted,2026-07-07T15:46:00.940916Z,2026-07-07T17:16:42.463000Z,2026-07-09
FLW_20678b06,2WTC1,2026-07-06T11:32:14.440688Z,accepted,2026-07-06T11:34:48.754829Z,2026-07-06T11:42:24.521000Z,2026-07-06
FLW_c276c9c0,2WTC1,2026-07-06T11:32:14.641410Z,accepted,2026-07-06T11:39:51.410887Z,2026-07-06T11:44:20.320000Z,2026-07-06
FLW_c3a0922e,2WTC1,2026-07-10T11:52:58.786096Z,accepted,2026-07-10T12:45:08.837478Z,2026-07-10T14:35:42.679000Z,2026-07-10
FLW_e631c605,2WTC1,2026-07-10T11:52:59.220684Z,accepted,2026-07-10T19:39:27.582168Z,2026-07-10T19:44:46.837000Z,2026-07-10
FLW_c43647c4,2WTC1,2026-07-10T15:59:23.756981Z,accepted,2026-07-14T12:15:29.698199Z,2026-07-14T12:41:58.866000Z,2026-07-14
FLW_54b9f73b,2WTC1,2026-07-13T09:15:24.472709Z,accepted,2026-07-13T15:04:59.532367Z,2026-07-13T15:26:28.890000Z,2026-07-13
FLW_a5149d82,2WTC1,2026-07-06T20:21:09.431495Z,accepted,2026-07-06T20:31:54.908268Z,2026-07-06T20:45:52.719000Z,2026-07-06
FLW_c52585ce,2WTC1,2026-07-06T20:21:09.659087Z,accepted,2026-07-06T22:18:06.573610Z,2026-07-06T22:36:46.689000Z,2026-07-06
FLW_b2f267f1,2WTC1,2026-07-06T20:21:09.461851Z,accepted,2026-07-06T20:24:29.026815Z,2026-07-06T20:44:48.322000Z,2026-07-06
FLW_ec19b833,2WTC1,2026-07-06T20:21:09.559455Z,accepted,2026-07-06T22:43:10.245945Z,2026-07-06T22:55:21.594000Z,2026-07-06
FLW_c744b108,2WTC1,2026-07-06T20:21:09.721703Z,accepted,2026-07-08T14:32:23.664931Z,2026-07-08T14:39:34.081000Z,2026-07-08
FLW_73b3796e,2WTC1,2026-07-06T20:21:10.024177Z,accepted,2026-07-08T13:57:12.934048Z,2026-07-08T14:15:28.373000Z,2026-07-08
FLW_87c850f0,2WTC1,2026-07-06T20:21:09.781210Z,accepted,2026-07-06T21:19:58.411011Z,2026-07-06T21:30:25.978000Z,2026-07-06
FLW_1f4a0a27,2WTC1,2026-07-06T20:21:09.840283Z,accepted,2026-07-06T20:38:50.692212Z,2026-07-06T20:47:29.617000Z,2026-07-06
FLW_a6032662,2WTC1,2026-07-13T09:15:24.529175Z,accepted,2026-07-13T13:37:00.336113Z,2026-07-13T13:52:16.443000Z,2026-07-13
FLW_d9cb6f5b,2WTC1,2026-07-13T09:15:24.583797Z,sms_not_delivered,,,
FLW_aa0af80b,2WTC1,2026-07-06T11:39:39.919515Z,accepted,2026-07-06T11:45:40.062292Z,2026-07-06T11:54:50.411000Z,2026-07-06
FLW_0304d265,2WTC1,2026-07-06T11:39:39.682469Z,accepted,2026-07-06T13:35:33.557298Z,2026-07-06T13:40:31.010000Z,2026-07-06
FLW_b9ce2803,2WTC1,2026-07-06T11:39:39.982794Z,accepted,2026-07-06T12:01:58.608328Z,2026-07-06T12:24:20.765000Z,2026-07-06
FLW_489a641f,2WTC1,2026-07-06T20:21:09.593453Z,accepted,2026-07-06T21:12:00.209582Z,2026-07-07T12:23:59.412000Z,2026-07-07
FLW_b6077402,2WTC1,2026-07-06T11:39:40.346845Z,sms_delivered,,,
FLW_862c7388,2WTC1,2026-07-06T11:39:39.889618Z,accepted,2026-07-06T17:57:26.523730Z,2026-07-06T18:06:23.201000Z,2026-07-06
FLW_cce1b21f,2WTC1,2026-07-06T20:21:09.988928Z,accepted,2026-07-06T21:03:07.181249Z,2026-07-06T21:20:22.141000Z,2026-07-06
FLW_72ba96ae,2WTC1,2026-07-06T20:21:09.526024Z,accepted,2026-07-07T13:21:52.086948Z,2026-07-07T13:30:45.137000Z,2026-07-08
FLW_eb082221,2WTC1,2026-07-06T20:21:10.176713Z,accepted,2026-07-06T20:28:37.466564Z,2026-07-06T21:05:59.531000Z,2026-07-06
FLW_cc7c4e61,2WTC1,2026-07-06T20:21:09.689919Z,sms_delivered,,,
FLW_5d5df676,2WTC1,2026-07-10T12:00:47.887111Z,accepted,2026-07-10T15:53:11.588724Z,2026-07-10T16:05:00.741000Z,2026-07-10
FLW_e2bad3d1,2WTC1,2026-07-06T20:21:09.869962Z,accepted,2026-07-06T20:22:09.921184Z,2026-07-06T20:34:03.988000Z,2026-07-06
FLW_290fbccc,2WTC1,2026-07-06T20:04:03.761675Z,accepted,2026-07-06T22:37:49.627249Z,2026-07-06T22:43:52.435000Z,2026-07-06
FLW_67e5b1be,2WTC1,2026-07-06T20:21:09.900018Z,accepted,2026-07-06T20:40:26.810432Z,2026-07-06T20:54:56.597000Z,2026-07-06
FLW_0f9c4935,2WTC1,2026-07-13T09:15:24.298904Z,accepted,2026-07-13T09:22:04.573837Z,,
FLW_ef015305,2WTC1,2026-07-13T09:15:24.667199Z,sms_delivered,,,
FLW_9b6a8dca,2WTC1,2026-07-06T20:21:09.625406Z,accepted,2026-07-24T14:41:32.530866Z,2026-07-24T16:02:57.378000Z,2026-07-24
FLW_563608ce,2WTC1,2026-07-13T10:34:41.933082Z,accepted,2026-07-13T20:37:02.468217Z,,
FLW_c21513b4,2WTC1,2026-07-10T09:58:37.544972Z,accepted,2026-07-10T11:41:38.711420Z,2026-07-10T12:27:25.431000Z,2026-07-10
FLW_b263e2ab,2WTC1,2026-07-10T09:58:38.278030Z,accepted,2026-07-10T11:17:05.918821Z,2026-07-10T11:22:05.347000Z,2026-07-10
FLW_256276fc,2WTC1,2026-07-10T11:52:59.611449Z,sms_delivered,,,
FLW_be41f137,2WTC1,2026-07-06T20:04:03.103692Z,accepted,2026-07-08T13:01:59.356155Z,2026-07-08T13:34:00.834000Z,2026-07-08
FLW_c45eee3d,2WTC1,2026-07-06T20:04:03.375788Z,accepted,2026-07-06T21:57:50.330442Z,,2026-07-06
FLW_4dd1c0ff,2WTC1,2026-07-06T20:04:03.342109Z,sms_delivered,,,
FLW_18119dc0,2WTC1,2026-07-10T12:00:47.304165Z,accepted,2026-07-10T23:36:08.928230Z,2026-07-12T20:18:29.242000Z,2026-07-12
FLW_74f7d26f,2WTC1,2026-07-10T12:00:47.501293Z,accepted,2026-07-13T07:27:32.357495Z,2026-07-14T14:36:30.397000Z,2026-07-14
FLW_2e436fec,2WTC1,2026-07-10T12:00:47.430887Z,sms_delivered,,,
FLW_b796814c,2WTC1,2026-07-10T12:00:47.830149Z,sms_delivered,,,
FLW_dc5021a2,2WTC1,2026-07-13T10:34:41.547100Z,accepted,2026-07-13T13:04:33.897947Z,2026-07-13T13:10:24.902000Z,2026-07-13
FLW_56c29490,2WTC1,2026-07-06T20:04:03.731550Z,accepted,2026-07-06T21:23:54.967081Z,2026-07-07T04:53:04.972000Z,2026-07-07
FLW_37164bc5,2WTC1,2026-07-10T12:00:48.034043Z,accepted,2026-07-13T15:18:39.222419Z,2026-07-13T15:36:29.789000Z,2026-07-13
FLW_69221606,2WTC1,2026-07-10T09:58:37.589274Z,sms_not_delivered,,,
FLW_ef8f6d44,2WTC1,2026-07-10T09:58:37.617219Z,accepted,2026-07-10T14:04:08.456134Z,2026-07-10T14:14:17.536000Z,2026-07-10
FLW_67663314,2WTC1,2026-07-15T10:02:20.808624Z,accepted,2026-07-15T10:03:24.897637Z,2026-07-15T10:49:01.571000Z,2026-07-15
FLW_ad6adbd6,2WTC1,2026-07-06T20:04:03.700375Z,accepted,2026-07-08T17:13:05.685242Z,2026-07-10T14:48:20.077000Z,2026-07-10
FLW_79ea0376,2WTC1,2026-07-06T20:04:03.442291Z,accepted,2026-07-07T10:31:35.101916Z,2026-07-07T10:39:05.743000Z,2026-07-07
FLW_cd303d7b,2WTC1,2026-07-10T09:58:37.728216Z,accepted,2026-07-10T22:17:42.334252Z,2026-07-10T22:28:40.014000Z,2026-07-10
FLW_43ebf299,2WTC1,2026-07-10T09:58:37.861945Z,accepted,2026-07-10T14:51:27.029909Z,2026-07-10T16:05:55.454000Z,2026-07-10
FLW_a0149218,2WTC1,2026-07-10T11:52:59.004867Z,accepted,2026-07-10T12:27:35.549005Z,2026-07-10T12:30:27.397000Z,2026-07-10
FLW_d71f45b3,2WTC1,2026-07-13T09:15:24.807568Z,accepted,2026-07-13T09:33:56.579756Z,2026-07-13T20:03:43.237000Z,2026-07-13
FLW_77122cb3,2WTC1,2026-07-10T09:58:38.035460Z,sms_delivered,,,
FLW_76d57199,2WTC1,2026-07-10T09:58:38.166890Z,sms_delivered,,,
FLW_41928151,2WTC1,2026-07-10T09:58:38.108280Z,accepted,2026-07-10T10:35:14.750687Z,2026-07-10T16:44:22.240000Z,2026-07-10
FLW_c087a3ed,2WTC1,2026-07-10T09:58:37.836297Z,accepted,2026-07-10T11:26:57.147335Z,2026-07-10T12:13:58.459000Z,2026-07-10
FLW_9d4fe26d,2WTC1,2026-07-10T09:58:37.915641Z,accepted,2026-07-10T17:56:55.545857Z,2026-07-10T18:07:18.661000Z,2026-07-10
FLW_d52ffe66,2WTC1,2026-07-10T09:58:37.998759Z,accepted,2026-07-11T05:35:38.996520Z,,
FLW_2f8f6aaf,2WTC1,2026-07-06T11:27:43.202860Z,sms_delivered,,,
FLW_d5159232,2WTC1,2026-07-10T15:59:23.420448Z,accepted,2026-07-11T07:10:46.466073Z,2026-07-11T07:15:08.538000Z,2026-07-11
FLW_18c27d66,2WTC1,2026-07-06T11:27:43.376183Z,sms_delivered,,,
FLW_d9f79b24,2WTC1,2026-07-06T11:27:43.787156Z,accepted,2026-07-06T12:34:38.036375Z,2026-07-06T12:42:54.616000Z,2026-07-06
FLW_6534f624,2WTC1,2026-07-06T11:27:43.463377Z,sms_delivered,,,
FLW_200b7e0c,2WTC1,2026-07-10T09:58:38.305323Z,accepted,2026-07-10T15:14:27.310796Z,2026-07-10T15:19:27.277000Z,2026-07-10
FLW_be8d7482,2WTC1,2026-07-10T12:00:47.742221Z,accepted,2026-07-10T12:25:29.775019Z,2026-07-10T12:30:51.304000Z,2026-07-10
FLW_75422923,2WTC1,2026-07-06T20:13:50.266174Z,accepted,2026-07-07T14:10:22.442246Z,2026-07-07T14:22:49.624000Z,2026-07-07
FLW_d2cd94a8,2WTC1,2026-07-06T20:13:50.706933Z,sms_delivered,,,
FLW_873152f2,2WTC1,2026-07-06T20:13:50.616169Z,accepted,,2026-07-07T00:13:05.213000Z,2026-07-07
FLW_48ae1d42,2WTC1,2026-07-08T10:11:05.352980Z,accepted,2026-07-08T10:12:41.406415Z,2026-07-08T10:44:34.729000Z,2026-07-08
FLW_efa86ab7,2WTC1,2026-07-06T20:13:49.771510Z,sms_delivered,,,
FLW_4ee2737c,2WTC1,2026-07-13T09:15:24.722921Z,accepted,2026-07-13T10:04:25.993692Z,2026-07-13T12:22:39.726000Z,2026-07-13
FLW_772e7209,2WTC1,2026-07-06T11:39:40.405236Z,accepted,2026-07-06T13:06:19.850816Z,2026-07-06T13:12:54.152000Z,2026-07-06
FLW_9a447d28,2WTC1,2026-07-10T12:07:49.271532Z,sms_not_delivered,,,
FLW_63705f20,2WTC1,2026-07-10T09:58:37.783252Z,accepted,2026-07-10T10:19:54.532966Z,2026-07-10T10:54:50.204000Z,2026-07-10
FLW_c309a2da,2WTC1,2026-07-10T12:00:47.462728Z,accepted,2026-07-12T14:02:20.993222Z,2026-07-12T14:23:37.511000Z,2026-07-12
FLW_30561870,2WTC1,2026-07-06T20:04:03.474832Z,accepted,2026-07-07T06:54:17.177279Z,2026-07-07T06:59:39.984000Z,2026-07-07
FLW_0e087a08,2WTC1,2026-07-06T20:04:03.572563Z,accepted,2026-07-06T20:40:02.062332Z,2026-07-06T21:41:33.906000Z,2026-07-06
FLW_9d8746a9,2WTC1,2026-07-13T09:15:24.778927Z,accepted,2026-07-14T18:44:24.913679Z,2026-07-14T19:16:57.746000Z,2026-07-14
FLW_0ed829c6,2WTC1,2026-07-10T11:52:59.250862Z,sms_delivered,,,
FLW_178faaca,2WTC1,2026-07-10T11:52:59.130959Z,accepted,2026-07-10T16:37:57.662159Z,2026-07-10T16:42:22.574000Z,2026-07-10
FLW_6b1c440a,2WTC1,2026-07-10T11:52:58.972501Z,sms_delivered,,,
FLW_afdfc847,2WTC1,2026-07-13T10:34:41.876669Z,accepted,2026-07-13T18:43:29.553333Z,2026-07-13T19:32:00.768000Z,2026-07-13
FLW_173cf6bf,2WTC1,2026-07-10T11:52:59.725568Z,accepted,2026-07-10T15:50:36.180412Z,2026-07-12T16:00:21.952000Z,2026-07-12
FLW_d9c3f63a,2WTC1,2026-07-10T11:52:59.522306Z,accepted,2026-07-12T16:27:55.666745Z,2026-07-12T16:32:52.838000Z,2026-07-12
FLW_66f6dc70,2WTC1,2026-07-13T09:15:24.442647Z,accepted,2026-07-13T09:32:16.390191Z,2026-07-14T06:21:40.954000Z,2026-07-14
FLW_12ac24df,2WTC1,2026-07-13T09:15:24.865195Z,accepted,2026-07-13T09:42:18.116156Z,2026-07-13T09:50:08.928000Z,2026-07-13
FLW_012bbe13,2WTC1,2026-07-10T11:52:59.551116Z,sms_delivered,,,
FLW_1d2d91bd,2WTC1,2026-07-13T09:15:24.501650Z,accepted,2026-07-13T10:01:04.743555Z,2026-07-13T10:17:24.292000Z,2026-07-13
FLW_97314be2,2WTC1,2026-07-13T09:15:24.383943Z,sms_delivered,,,
FLW_2d925ace,2WTC1,2026-07-06T20:04:04.024335Z,sms_delivered,,,
FLW_4277b4af,2WTC1,2026-07-10T11:52:58.733564Z,accepted,2026-07-10T11:58:52.477132Z,2026-07-10T12:04:42.881000Z,2026-07-10
FLW_2adc93c8,2WTC1,2026-07-10T09:58:37.889552Z,accepted,2026-07-10T10:03:21.633712Z,2026-07-10T10:17:02.545000Z,2026-07-10
FLW_4665f16a,2WTC1,2026-07-13T09:15:24.695014Z,accepted,2026-07-13T09:17:37.231616Z,2026-07-13T09:32:33.686000Z,2026-07-13
FLW_18f27856,2WTC1,2026-07-13T10:34:41.701299Z,accepted,2026-07-14T03:09:26.448161Z,2026-07-14T03:18:54.871000Z,2026-07-16
FLW_cc90bcba,2WTC1,2026-07-06T20:09:43.810510Z,sms_delivered,,,
FLW_c9548719,2WTC1,2026-07-06T20:09:44.322423Z,sms_delivered,,,
FLW_0623947e,2WTC1,2026-07-06T20:04:03.604613Z,accepted,2026-07-07T07:00:25.352277Z,2026-07-07T07:16:45.185000Z,2026-07-07
FLW_d2f96222,2WTC1,2026-07-06T20:04:04.092582Z,accepted,2026-07-07T13:08:00.712564Z,2026-07-07T13:11:50.973000Z,2026-07-07
FLW_32dde93e,2WTC1,2026-07-06T20:04:04.059042Z,accepted,2026-07-06T21:16:10.954199Z,2026-07-07T10:08:51.896000Z,2026-07-07
FLW_0cfb9466,2WTC1,2026-07-06T20:09:44.004307Z,accepted,2026-07-06T21:01:36.885265Z,2026-07-06T21:13:59.131000Z,2026-07-06
FLW_f1606d31,2WTC1,2026-07-06T20:09:44.443600Z,accepted,2026-07-06T21:08:31.916678Z,2026-07-06T21:23:28.394000Z,2026-07-06
FLW_93fa61c7,2WTC1,2026-07-06T20:09:44.195310Z,accepted,2026-07-08T19:15:06.426516Z,2026-07-09T09:18:40.520000Z,2026-07-10
FLW_4d640b28,2WTC1,2026-07-13T10:34:41.635734Z,accepted,2026-07-14T21:20:27.379393Z,2026-07-14T21:23:59.012000Z,2026-07-14
FLW_2348240e,2WTC1,2026-07-06T20:13:49.835286Z,accepted,2026-07-10T07:30:58.760161Z,2026-07-11T13:05:23.611000Z,2026-07-11
FLW_2b90032b,2WTC1,2026-07-06T20:13:50.645988Z,accepted,2026-07-06T21:47:45.001241Z,2026-07-06T22:03:45.914000Z,2026-07-06
FLW_ea230fd5,2WTC1,2026-07-06T20:13:50.096559Z,accepted,2026-07-14T07:26:19.953685Z,2026-07-15T16:57:00.471000Z,2026-07-15
FLW_18a574fd,2WTC1,2026-07-06T20:13:50.160031Z,accepted,2026-07-06T20:17:26.402728Z,2026-07-06T20:26:40.521000Z,2026-07-06
FLW_f8bd4d27,2WTC1,2026-07-10T12:00:47.563317Z,accepted,2026-07-10T12:07:08.358697Z,2026-07-10T12:21:51.582000Z,2026-07-10
FLW_75f0384d,2WTC1,2026-07-06T20:13:49.898226Z,accepted,2026-07-08T11:13:25.834076Z,2026-07-08T12:53:12.285000Z,2026-07-08
FLW_77eb4dea,2WTC1,2026-07-06T20:13:50.194708Z,accepted,2026-07-09T17:12:18.640157Z,2026-07-09T17:26:35.182000Z,2026-07-09
FLW_ec17a0c3,2WTC1,2026-07-06T20:13:50.300621Z,accepted,2026-07-07T19:58:56.399661Z,2026-07-07T20:06:26.030000Z,2026-07-07
FLW_4bcfd1c0,2WTC1,2026-07-06T20:13:49.996665Z,sms_delivered,,,
FLW_d1cc70ad,2WTC1,2026-07-06T20:13:50.583014Z,accepted,2026-07-06T22:42:49.858448Z,2026-07-06T22:55:01.361000Z,2026-07-06
FLW_f1ba4469,2WTC1,2026-07-06T20:13:50.551497Z,accepted,2026-07-06T22:20:52.735885Z,2026-07-06T22:28:43.026000Z,2026-07-06
FLW_54b683a3,2WTC1,2026-07-06T20:04:03.891379Z,accepted,2026-07-06T21:28:59.635603Z,2026-07-06T21:52:23.466000Z,2026-07-06
FLW_3470be6f,2WTC1,2026-07-10T12:00:47.770142Z,accepted,2026-07-10T13:18:59.382220Z,2026-07-10T13:35:29.602000Z,2026-07-10
FLW_00885908,2WTC1,2026-07-10T12:00:47.682932Z,accepted,2026-07-10T13:44:12.392243Z,2026-07-10T14:06:03.096000Z,2026-07-10
FLW_e50f96a7,2WTC1,2026-07-10T12:00:47.335903Z,accepted,2026-07-10T19:30:22.691718Z,2026-07-11T20:08:25.710000Z,2026-07-11
FLW_6f8a526f,2WTC1,2026-07-10T12:00:47.944079Z,accepted,2026-07-10T18:09:04.694252Z,2026-07-10T18:44:54.667000Z,2026-07-10
FLW_6eca3d07,2WTC1,2026-07-06T20:13:50.064125Z,accepted,2026-07-06T20:25:38.139528Z,2026-07-06T20:45:17.974000Z,2026-07-06
FLW_fca8281e,2WTC1,2026-07-10T12:00:48.243841Z,accepted,2026-07-10T17:13:04.855102Z,2026-07-10T17:43:18.428000Z,2026-07-10
FLW_f722025a,2WTC1,2026-07-10T12:00:48.214368Z,accepted,2026-07-12T07:51:11.287184Z,2026-07-13T15:17:36.054000Z,2026-07-13
FLW_373412cb,2WTC1,2026-07-10T12:00:48.183855Z,sms_delivered,,,
FLW_931410b0,2WTC1,2026-07-10T11:52:59.493855Z,sms_delivered,,,
FLW_73194b5f,2WTC1,2026-07-06T20:04:03.955904Z,accepted,2026-07-06T20:17:52.612612Z,2026-07-06T20:23:58.768000Z,2026-07-06
FLW_8c343ea7,2WTC1,2026-07-10T15:59:23.169027Z,sms_delivered,,,
FLW_fd4cd124,2WTC1,2026-07-06T20:04:03.670140Z,accepted,2026-07-31T19:11:19.000715Z,,
FLW_caa7f9e0,2WTC1,2026-07-10T15:59:23.785483Z,sms_delivered,,,
FLW_d692ca52,2WTC1,2026-07-10T15:59:23.700601Z,accepted,2026-07-11T08:17:34.131329Z,,
FLW_0b38d9aa,2WTC1,2026-07-10T12:00:47.366833Z,sms_delivered,,,
FLW_ef5508b6,2WTC1,2026-07-06T20:04:03.922807Z,sms_delivered,,,
FLW_11885248,2WTC1,2026-07-06T20:04:03.988330Z,accepted,2026-07-12T13:34:32.433638Z,2026-07-12T13:45:27.088000Z,2026-07-12
FLW_d094d37c,2WTC1,2026-07-06T11:22:25.840941Z,sms_delivered,,,
FLW_410c20f9,2WTC1,2026-07-06T11:27:42.937352Z,sms_delivered,,,
FLW_ff6d8e94,2WTC1,2026-07-10T12:07:49.296705Z,sms_delivered,,,
FLW_4e002b4b,2WTC1,2026-07-06T20:04:03.639481Z,accepted,2026-07-08T10:27:08.900139Z,2026-07-08T10:32:42.018000Z,2026-07-08
FLW_cc56a668,2WTC1,2026-07-13T10:34:41.761354Z,accepted,2026-07-13T10:56:02.812268Z,2026-07-13T11:15:23.416000Z,2026-07-14
FLW_1dcc47c4,2WTC1,2026-07-06T20:13:49.716675Z,accepted,2026-07-27T20:11:51.162208Z,2026-07-30T09:41:06.056000Z,2026-07-30
FLW_6c486da2,2WTC1,2026-07-06T20:04:03.137741Z,accepted,2026-07-06T20:05:01.041480Z,2026-07-06T20:14:09.718000Z,2026-07-06
FLW_013fc6f1,2WTC1,2026-07-06T20:21:09.372978Z,accepted,2026-07-07T16:40:59.319297Z,2026-07-07T16:47:02.107000Z,2026-07-08
FLW_dd7b2ca4,2WTC1,2026-07-06T20:21:09.930225Z,accepted,2026-07-07T02:39:04.477311Z,2026-07-07T02:44:32.646000Z,2026-07-07
FLW_1d37556a,2WTC1,2026-07-10T12:00:47.651582Z,accepted,2026-07-10T12:39:20.424358Z,2026-07-10T12:49:32.281000Z,2026-07-10
FLW_b6570ec4,2WTC1,2026-07-06T20:21:10.115565Z,accepted,2026-07-06T20:27:40.521575Z,2026-07-06T21:15:13.583000Z,2026-07-06
FLW_dc78de20,2WTC1,2026-07-06T20:21:10.454917Z,accepted,2026-07-08T10:02:27.081155Z,2026-07-08T12:54:11.922000Z,2026-07-08
FLW_a7062d23,2WTC1,2026-07-06T11:32:14.865506Z,accepted,2026-07-06T19:00:47.258300Z,2026-07-06T19:09:13.474000Z,2026-07-06
FLW_7306bec5,2WTC1,2026-07-06T20:21:10.054592Z,accepted,2026-07-06T20:28:45.659448Z,2026-07-06T20:46:37.387000Z,2026-07-06
FLW_5fe7afea,2WTC1,2026-07-13T10:34:41.818914Z,accepted,2026-07-13T10:35:18.456584Z,2026-07-13T12:19:15.345000Z,2026-07-13
FLW_91e6accc,2WTC1,2026-07-13T10:34:42.119755Z,accepted,2026-07-13T10:38:01.970346Z,2026-07-13T10:43:53.371000Z,2026-07-13
FLW_d6f644ff,2WTC1,2026-07-06T11:27:43.491776Z,accepted,2026-07-06T13:20:28.047534Z,2026-07-06T13:26:59.265000Z,2026-07-14
FLW_355c006f,2WTC1,2026-07-06T11:32:14.723440Z,accepted,2026-07-06T12:37:02.723983Z,2026-07-06T12:47:32.957000Z,2026-07-06
FLW_2fead802,2WTC1,2026-07-06T11:32:14.893858Z,accepted,2026-07-06T11:39:04.316851Z,2026-07-06T11:46:41.725000Z,2026-07-06
FLW_e077e899,2WTC1,2026-07-10T15:59:23.245460Z,accepted,2026-07-10T18:36:50.136026Z,2026-07-11T16:05:18.801000Z,2026-07-11
FLW_f40a39c5,2WTC1,2026-07-06T11:32:14.751419Z,accepted,2026-07-06T11:43:52.789807Z,2026-07-06T11:49:32.276000Z,2026-07-06
FLW_5e0576ef,2WTC1,2026-07-10T15:59:23.363362Z,accepted,2026-07-10T16:29:24.962712Z,2026-07-10T16:53:57.771000Z,2026-07-10
FLW_662d3bae,2WTC1,2026-07-10T12:00:47.591620Z,sms_delivered,,,
FLW_b51f0157,2WTC1,2026-07-10T12:00:47.396485Z,accepted,2026-07-15T11:28:10.410270Z,2026-07-15T16:00:04.637000Z,2026-07-15
FLW_944a43a4,2WTC1,2026-07-10T12:00:47.800505Z,accepted,2026-07-10T12:13:35.221889Z,2026-07-14T09:49:41.905000Z,2026-07-14
FLW_0ba222d4,2WTC1,2026-07-06T20:04:03.859106Z,accepted,2026-07-07T06:07:43.783786Z,2026-07-07T06:18:28.378000Z,2026-07-07
FLW_1e9c0fa9,2WTC1,2026-07-10T11:52:59.099628Z,accepted,2026-07-10T11:55:50.722787Z,2026-07-14T12:45:27.236000Z,2026-07-14
FLW_3207bafd,2WTC1,2026-07-10T12:00:47.858842Z,accepted,2026-07-10T13:42:20.575270Z,2026-07-12T08:29:50.997000Z,2026-07-12
FLW_f3752088,2WTC1,2026-07-10T12:00:48.000578Z,accepted,2026-07-10T17:58:11.270401Z,2026-07-10T18:51:57.232000Z,2026-07-10
FLW_4eccc9b0,2WTC1,2026-07-06T20:04:03.794288Z,accepted,2026-07-07T08:33:36.147179Z,2026-07-07T08:42:21.605000Z,2026-07-07
FLW_1e3c36a2,2WTC1,2026-07-10T18:34:01.543480Z,accepted,2026-07-10T18:44:21.092172Z,2026-07-10T18:55:36.926000Z,2026-07-10
FLW_058eb701,2WTC1,2026-07-10T12:07:48.740882Z,accepted,2026-07-10T13:10:32.763743Z,2026-07-10T20:00:48.299000Z,2026-07-10
FLW_e8f3b80f,2WTC1,2026-07-10T12:07:49.186646Z,accepted,2026-07-15T11:15:04.108401Z,2026-07-15T11:21:53.621000Z,2026-07-15
FLW_0d0c858a,2WTC1,2026-07-10T12:07:48.822755Z,accepted,2026-07-29T10:27:52.924997Z,2026-07-29T10:33:28.609000Z,2026-07-29
FLW_f48e6756,2WTC1,2026-07-10T12:07:49.496772Z,accepted,2026-07-10T13:36:00.906929Z,2026-07-10T13:53:36.871000Z,2026-07-10
FLW_a7f4c2ba,2WTC1,2026-07-10T12:07:49.350696Z,accepted,2026-07-10T12:11:53.319360Z,2026-07-10T12:34:01.941000Z,2026-07-10
FLW_3efe4e79,2WTC1,2026-07-10T12:07:48.931038Z,sms_delivered,,,
FLW_5ffbb04a,2WTC1,2026-07-10T12:07:48.850112Z,accepted,2026-07-10T13:42:59.161969Z,2026-07-10T13:50:09.430000Z,2026-07-10
FLW_e6626790,2WTC1,2026-07-10T12:07:49.214381Z,sms_delivered,,,
FLW_eca94e98,2WTC1,2026-07-10T12:07:48.795403Z,accepted,2026-07-10T16:39:54.850230Z,2026-07-10T16:48:45.427000Z,2026-07-10
FLW_a42d1e2f,2WTC1,2026-07-10T12:00:48.064583Z,accepted,2026-07-10T20:57:04.618365Z,2026-07-10T21:12:33.051000Z,2026-07-10
FLW_ceb7db37,2WTC1,2026-07-10T12:07:48.876221Z,invited,,,
FLW_8a49184b,2WTC1,2026-07-10T12:07:49.404537Z,accepted,2026-07-13T19:17:35.652094Z,,
FLW_aa036777,2WTC1,2026-07-10T12:07:49.323129Z,sms_delivered,,,
FLW_b2f21f8d,2WTC1,2026-07-10T12:07:48.988126Z,accepted,2026-07-13T13:16:08.867292Z,2026-07-13T13:53:18.864000Z,2026-07-13
FLW_068d52c5,2WTC1,2026-07-10T12:07:48.695297Z,accepted,2026-07-10T14:01:36.403266Z,2026-07-10T15:40:23.865000Z,2026-07-12
FLW_4c3b4f2c,2WTC1,2026-07-10T12:07:49.599467Z,accepted,2026-07-10T12:31:06.015251Z,2026-07-10T19:08:47.298000Z,2026-07-10
FLW_0ac05035,2WTC1,2026-07-10T12:07:49.100857Z,accepted,2026-07-14T21:07:38.575799Z,2026-07-21T15:05:17.958000Z,
FLW_1fbf057d,2WTC1,2026-07-10T12:07:49.130020Z,accepted,2026-07-11T09:24:23.051505Z,2026-07-11T09:50:43.893000Z,2026-07-11
FLW_421de6dd,2WTC1,2026-07-10T12:07:49.242130Z,accepted,2026-07-14T14:19:55.560939Z,2026-07-16T09:30:26.704000Z,2026-07-16
FLW_4cb94a47,2WTC1,2026-07-10T12:07:48.903878Z,accepted,2026-07-10T12:14:46.346333Z,2026-07-18T11:15:55.259000Z,2026-07-18
FLW_fc163382,2WTC1,2026-07-10T12:07:49.625812Z,accepted,2026-07-10T13:15:11.999304Z,2026-07-10T14:23:15.092000Z,2026-07-10
FLW_7b2c7fa5,2WTC1,2026-07-10T12:07:49.157985Z,accepted,2026-07-11T20:04:47.633152Z,2026-07-11T20:19:58.726000Z,2026-07-11
FLW_00b3deda,2WTC1,2026-07-10T12:07:49.045136Z,accepted,2026-07-11T09:04:18.029057Z,2026-07-20T16:32:34.048000Z,2026-07-20
FLW_1397771a,2WTC1,2026-07-10T12:07:49.378468Z,accepted,2026-07-10T14:19:51.909576Z,2026-07-10T14:36:26.487000Z,2026-07-10
FLW_ca9b430f,2WTC1,2026-07-10T12:07:48.960012Z,accepted,2026-07-11T07:41:54.004267Z,2026-07-11T07:51:06.737000Z,2026-07-11
FLW_5ff85949,2WTC1,2026-07-10T12:07:48.768734Z,sms_delivered,,,
FLW_2757af00,2WTC1,2026-07-10T12:07:49.430873Z,sms_delivered,,,
FLW_7d9367bc,2WTC1,2026-07-10T12:00:47.531772Z,accepted,2026-07-18T09:37:40.269436Z,2026-07-18T09:52:52.561000Z,2026-07-18
FLW_605377a5,2WTC1,2026-07-10T12:07:49.456502Z,accepted,2026-07-10T12:20:45.379054Z,2026-07-11T20:18:19.932000Z,2026-07-13
FLW_6121785d,2WTC1,2026-07-10T12:00:47.256140Z,accepted,2026-07-10T21:02:48.919865Z,2026-07-10T21:22:03.932000Z,2026-07-10
FLW_45cad89e,2WTC1,2026-07-13T10:34:41.417700Z,accepted,2026-07-13T10:41:30.623705Z,2026-07-13T20:49:20.873000Z,2026-07-13
FLW_3ef5a2ea,2WTC1,2026-07-13T09:15:24.244630Z,accepted,2026-07-13T09:25:57.686105Z,2026-07-13T09:53:54.631000Z,2026-07-13
FLW_d458d3b5,2WTC1,2026-07-10T12:07:49.017568Z,sms_delivered,,,
FLW_95bf583c,2WTC1,2026-07-10T09:58:37.701548Z,accepted,2026-07-10T12:06:11.724365Z,2026-07-10T12:12:10.252000Z,2026-07-10
FLW_84c22ffe,2WTC1,2026-07-13T10:34:41.450218Z,accepted,2026-07-13T10:37:09.852158Z,2026-07-13T15:19:52.340000Z,2026-07-13
FLW_5d044354,2WTC1,2026-07-06T20:09:44.102331Z,sms_delivered,,,
FLW_af442734,2WTC1,2026-07-06T20:09:44.226354Z,accepted,2026-07-06T20:21:55.780099Z,2026-07-06T20:36:09.945000Z,2026-07-06
FLW_1da29649,2WTC1,2026-07-06T20:13:50.423908Z,accepted,2026-07-06T20:44:05.612032Z,2026-07-06T20:48:46.567000Z,2026-07-06
FLW_5a343771,2WTC1,2026-07-06T20:13:50.030160Z,accepted,2026-07-06T20:48:43.738194Z,2026-07-22T19:50:40.859000Z,
FLW_7ffe230d,2WTC1,2026-07-06T20:13:49.867131Z,sms_delivered,,,
FLW_7b3db8a6,2WTC1,2026-07-06T20:13:49.930436Z,sms_delivered,,,
FLW_608b35cd,2WTC1,2026-07-06T20:13:49.804437Z,accepted,2026-07-06T20:17:15.983813Z,2026-07-06T20:23:37.816000Z,2026-07-06
FLW_3c2886de,2WTC1,2026-07-06T20:13:50.677802Z,accepted,2026-07-06T20:17:20.598426Z,2026-07-06T21:51:59.889000Z,2026-07-06
FLW_86ae5bc8,2WTC1,2026-07-06T20:13:50.332727Z,accepted,2026-07-06T20:18:08.610833Z,2026-07-06T20:51:13.537000Z,2026-07-06
FLW_6ffebd59,2WTC1,2026-07-06T20:13:50.128078Z,accepted,2026-07-06T20:30:38.902123Z,2026-07-06T20:36:52.173000Z,2026-07-06
FLW_ca1e2956,2WTC1,2026-07-06T20:13:49.961525Z,accepted,2026-07-07T11:17:13.445140Z,2026-07-07T11:25:16.464000Z,2026-07-07
FLW_09b3006a,2WTC1,2026-07-06T20:13:50.362922Z,accepted,2026-07-06T21:34:52.781199Z,2026-07-06T21:43:52.481000Z,2026-07-06
FLW_18c0502a,2WTC1,2026-07-06T20:13:50.393158Z,accepted,2026-07-06T22:23:58.761902Z,2026-07-06T22:54:12.308000Z,2026-07-06
FLW_652cba89,2WTC1,2026-07-06T20:13:50.455490Z,accepted,2026-07-06T21:55:25.077549Z,2026-07-06T22:17:10.279000Z,2026-07-06
FLW_a7031a5e,2WTC1,2026-07-06T20:13:50.518866Z,accepted,2026-07-07T11:59:49.003644Z,2026-07-07T12:29:31.789000Z,2026-07-07
FLW_d67dafe8,2WTC1,2026-07-06T20:13:50.485720Z,accepted,2026-07-08T11:30:54.529060Z,2026-07-10T05:49:02.867000Z,2026-07-10
FLW_9bb6b86e,2WTC1,2026-07-06T20:13:50.737390Z,accepted,2026-07-24T12:05:58.145686Z,2026-07-24T15:14:59.484000Z,2026-07-24
FLW_988e1edf,2WTC1,2026-07-06T20:04:03.827193Z,accepted,2026-07-06T20:16:54.101158Z,2026-07-06T22:24:31.364000Z,2026-07-06
FLW_b3f2248f,2WTC1,2026-07-06T11:39:40.142896Z,accepted,2026-07-06T14:07:33.631866Z,2026-07-06T14:17:21.260000Z,2026-07-06
FLW_b58e22aa,2WTC1,2026-07-13T10:34:41.790124Z,sms_delivered,,,
FLW_00ec5ac0,2WTC1,2026-07-06T11:32:15.248890Z,accepted,2026-07-10T12:28:10.922302Z,2026-07-10T12:37:38.338000Z,2026-07-10
FLW_0b405793,2WTC1,2026-07-13T09:15:24.413390Z,accepted,2026-07-13T12:03:10.427876Z,2026-07-13T18:10:48.564000Z,2026-07-20
FLW_d926c23c,2WTC1,2026-07-13T09:15:24.329184Z,accepted,2026-07-13T16:05:59.523392Z,2026-07-13T16:13:03.823000Z,2026-07-13
FLW_06eca765,2WTC1,2026-07-13T09:15:24.895159Z,accepted,2026-07-13T09:21:24.668234Z,2026-07-13T10:00:13.371000Z,2026-07-13
FLW_43af5547,2WTC1,2026-07-06T20:21:10.206754Z,accepted,2026-07-06T20:30:45.675973Z,2026-07-06T20:53:57.311000Z,2026-07-06
FLW_d65097a0,2WTC1,2026-07-06T20:09:43.901921Z,accepted,2026-07-06T20:16:01.434531Z,2026-07-06T20:20:26.730000Z,2026-07-06
FLW_ab1b5a6d,2WTC1,2026-07-06T20:13:50.228913Z,accepted,2026-07-06T20:43:42.757279Z,2026-07-06T20:49:19.185000Z,2026-07-06
FLW_28c9885c,2WTC1,2026-07-13T10:34:41.664925Z,sms_not_delivered,,,
FLW_4122b15f,2WTC1,2026-07-10T15:59:23.448359Z,accepted,2026-07-11T16:33:55.104486Z,2026-07-11T16:49:10.787000Z,2026-07-12
FLW_2a26504b,2WTC1,2026-07-06T20:21:10.393447Z,sms_delivered,,,
FLW_00cc6cd0,2WTC1,2026-07-06T20:21:10.424502Z,sms_delivered,,,
FLW_70c8b0c8,2WTC1,2026-07-06T20:21:10.268917Z,accepted,2026-07-06T20:50:07.152611Z,2026-07-06T20:57:00.651000Z,2026-07-06
FLW_60ef6657,2WTC1,2026-07-06T20:09:44.354349Z,sms_delivered,,,
FLW_97c9ea84,2WTC1,2026-07-06T20:09:44.132623Z,sms_delivered,,,
FLW_7f2583ca,2WTC1,2026-07-06T20:09:44.715852Z,accepted,2026-07-11T16:47:38.008403Z,2026-07-11T16:52:07.698000Z,2026-07-11
FLW_0f7b3a9f,2WTC1,2026-07-06T20:09:44.471781Z,sms_delivered,,,
FLW_a3897733,2WTC1,2026-07-06T20:09:44.654855Z,sms_delivered,,,
FLW_7dc0ac6f,2WTC1,2026-07-06T20:09:44.385624Z,sms_delivered,,,
FLW_94c67e30,2WTC1,2026-07-06T20:09:44.624970Z,accepted,2026-07-06T20:41:22.729542Z,2026-07-06T21:20:46.732000Z,2026-07-06
FLW_a10163e6,2WTC1,2026-07-13T09:15:24.750831Z,accepted,2026-07-13T09:26:09.137524Z,2026-07-13T10:34:15.361000Z,2026-07-13
FLW_2b533135,2WTC1,2026-07-10T09:58:37.941900Z,accepted,2026-07-10T10:21:58.433679Z,2026-07-10T11:09:53.973000Z,2026-07-10
FLW_80cddf28,2WTC1,2026-07-10T09:58:37.969892Z,accepted,2026-07-10T10:45:16.174194Z,2026-07-10T10:53:32.463000Z,2026-07-10
FLW_f4f28ff9,2WTC1,2026-07-06T20:09:44.799042Z,sms_delivered,,,
FLW_d27879d1,2WTC1,2026-07-10T09:58:38.194844Z,sms_not_delivered,,,
FLW_81ebaada,2WTC1,2026-07-10T15:59:24.049825Z,sms_delivered,,,
FLW_56b2889c,2WTC1,2026-07-06T20:04:03.408621Z,accepted,2026-07-06T20:27:34.281975Z,2026-07-06T20:39:23.928000Z,2026-07-06
FLW_0aa30044,2WTC1,2026-07-06T20:04:03.202376Z,accepted,2026-07-06T21:38:07.296590Z,2026-07-06T22:02:40.988000Z,2026-07-06
FLW_b084405e,2WTC1,2026-07-10T15:59:23.531211Z,accepted,2026-07-10T16:00:31.236904Z,2026-07-10T16:08:41.026000Z,2026-07-10
FLW_9f1ddd7f,2WTC1,2026-07-06T11:32:15.103586Z,accepted,2026-07-08T21:27:51.011246Z,2026-07-08T21:58:25.525000Z,2026-07-09
FLW_63803745,2WTC1,2026-07-06T11:32:14.364752Z,accepted,2026-07-06T22:05:11.851359Z,2026-07-06T22:10:29.507000Z,2026-07-06
FLW_004310c6,2WTC1,2026-07-06T11:32:14.952868Z,accepted,2026-07-06T17:36:07.375089Z,2026-07-06T17:41:25.373000Z,2026-07-13
FLW_62c0b19d,2WTC1,2026-07-06T11:32:15.220744Z,accepted,2026-07-06T11:38:40.737150Z,2026-07-06T11:44:48.957000Z,2026-07-06
FLW_5b17e134,2WTC1,2026-07-06T11:32:14.780303Z,accepted,2026-07-06T19:36:28.278440Z,2026-07-06T19:44:42.938000Z,2026-07-06
FLW_3c575494,2WTC1,2026-07-06T11:32:15.074685Z,accepted,2026-07-06T11:37:55.912260Z,2026-07-06T11:46:04.634000Z,2026-07-06
FLW_fa0fa8ca,2WTC1,2026-07-10T12:00:47.971921Z,accepted,2026-07-10T13:23:56.929083Z,2026-07-21T08:38:51.353000Z,2026-07-22
FLW_999f9d8a,2WTC1,2026-07-06T11:39:40.202221Z,accepted,2026-07-06T12:15:34.856969Z,2026-07-06T12:21:18.632000Z,2026-07-06
FLW_1992b043,2WTC1,2026-07-10T15:59:23.559454Z,accepted,2026-07-11T04:41:31.043116Z,2026-07-11T04:53:34.259000Z,2026-07-11
FLW_5a723aab,2WTC1,2026-07-13T10:34:41.577359Z,accepted,2026-07-16T10:10:00.524574Z,2026-07-28T13:49:04.373000Z,
FLW_b4adda96,2WTC1,2026-07-06T11:22:25.870868Z,accepted,2026-07-06T11:23:27.140277Z,2026-07-06T15:16:46.524000Z,2026-07-06
FLW_4fda5c53,2WTC1,2026-07-06T11:22:25.193625Z,accepted,2026-07-06T11:29:27.567179Z,2026-07-06T12:29:12.586000Z,2026-07-06
FLW_a4b8849a,2WTC1,2026-07-06T11:22:25.423302Z,accepted,2026-07-06T11:35:23.162145Z,2026-07-06T11:39:20.856000Z,2026-07-06
FLW_f75a8ccc,2WTC1,2026-07-06T11:22:26.052540Z,accepted,2026-07-06T11:35:57.246767Z,2026-07-06T11:49:45.293000Z,2026-07-06
FLW_c6123f7b,2WTC1,2026-07-06T11:22:25.959382Z,accepted,2026-07-06T11:39:44.238258Z,2026-07-06T12:42:10.519000Z,2026-07-06
FLW_084bb39e,2WTC1,2026-07-06T11:22:25.228338Z,accepted,2026-07-06T11:51:14.966387Z,2026-07-06T16:27:10.871000Z,2026-07-06
FLW_c903a884,2WTC1,2026-07-06T11:22:25.632846Z,accepted,2026-07-06T11:56:31.255118Z,2026-07-06T12:44:52.154000Z,2026-07-06
FLW_d0e93923,2WTC1,2026-07-06T11:22:25.572739Z,accepted,2026-07-06T12:26:28.523432Z,2026-07-06T13:05:05.384000Z,2026-07-06
FLW_4a2aea26,2WTC1,2026-07-06T11:22:25.603564Z,accepted,2026-07-06T12:01:44.803617Z,2026-07-06T13:33:09.390000Z,2026-07-06
FLW_9c2b73bc,2WTC1,2026-07-06T11:22:25.781831Z,accepted,2026-07-07T21:01:24.376995Z,2026-07-09T11:01:23.794000Z,2026-07-09
FLW_bff8d706,2WTC1,2026-07-06T11:22:25.356598Z,accepted,2026-07-06T12:09:37.173381Z,2026-07-06T12:19:30.800000Z,2026-07-06
FLW_b244c86d,2WTC1,2026-07-06T11:22:25.514110Z,sms_delivered,,,
FLW_3f346f5f,2WTC1,2026-07-06T11:22:25.543366Z,sms_delivered,,,
FLW_ee60dc76,2WTC1,2026-07-06T11:22:25.811464Z,sms_delivered,,,
FLW_de11d5f8,2WTC1,2026-07-06T11:22:25.899953Z,sms_delivered,,,
FLW_d2c21abe,2WTC1,2026-07-06T20:21:10.329710Z,accepted,2026-07-06T21:34:48.320193Z,2026-07-07T04:47:07.743000Z,2026-07-07
FLW_c673c8a1,2WTC1,2026-07-06T11:22:25.989470Z,sms_delivered,,,
FLW_e4bb3cf3,2WTC1,2026-07-06T11:22:25.484579Z,accepted,2026-07-06T13:50:55.289111Z,2026-07-06T13:57:43.732000Z,2026-07-06
FLW_e886e463,2WTC1,2026-07-06T11:22:25.389637Z,accepted,2026-07-08T09:17:24.889502Z,2026-07-15T19:01:46.786000Z,2026-07-15
FLW_fbaaf05a,2WTC1,2026-07-06T11:22:25.291710Z,accepted,2026-07-06T14:13:39.189295Z,2026-07-06T16:45:41.966000Z,2026-07-06
FLW_21b3ab5a,2WTC1,2026-07-06T20:21:10.299787Z,accepted,2026-07-06T21:21:40.943152Z,2026-07-06T21:27:16.108000Z,2026-07-06
FLW_3441d420,2WTC1,2026-07-06T11:22:25.323546Z,accepted,2026-07-06T14:15:43.946874Z,2026-07-06T18:09:45.112000Z,2026-07-06
FLW_6de54ed5,2WTC1,2026-07-06T11:22:25.928956Z,accepted,2026-07-07T01:54:02.741345Z,2026-07-10T01:06:26.478000Z,2026-07-10
FLW_afbfed3d,2WTC1,2026-07-13T10:34:41.905033Z,accepted,2026-07-13T10:46:59.581551Z,2026-07-14T06:01:37.765000Z,2026-07-14
FLW_803f373f,2WTC1,2026-07-13T10:34:41.990970Z,accepted,2026-07-13T10:43:30.186186Z,,
FLW_fc347ef7,2WTC1,2026-07-06T11:22:25.258165Z,accepted,2026-07-06T13:50:31.326857Z,2026-07-06T14:03:34.929000Z,2026-07-06
FLW_2d0de65b,2WTC1,2026-07-06T11:22:25.722064Z,accepted,2026-07-10T12:51:34.781425Z,2026-07-10T13:00:59.427000Z,2026-07-10
FLW_843132aa,2WTC1,2026-07-13T10:34:42.040607Z,accepted,2026-07-13T10:57:13.288294Z,2026-07-13T11:56:51.055000Z,2026-07-13
FLW_8f7c7c6d,2WTC1,2026-07-10T15:59:23.671567Z,accepted,2026-07-10T16:03:47.016803Z,2026-07-10T16:07:57.871000Z,2026-07-10
FLW_d94b889a,2WTC1,2026-07-06T11:22:26.021482Z,accepted,2026-07-28T10:15:50.355911Z,,
FLW_59216d62,2WTC1,2026-07-13T10:34:41.963202Z,accepted,2026-07-13T12:53:52.505754Z,2026-07-13T13:53:20.390000Z,2026-07-14
FLW_f0efeb52,2WTC1,2026-07-13T10:34:42.080276Z,accepted,2026-07-13T13:26:51.788688Z,2026-07-13T13:36:26.315000Z,2026-07-13
FLW_6c7fd496,2WTC1,2026-07-06T11:22:25.662879Z,accepted,2026-07-07T19:42:07.808613Z,2026-07-07T19:54:13.201000Z,2026-07-07
FLW_d723c321,2WTC1,2026-07-06T11:27:43.551500Z,sms_delivered,,,
FLW_08629afa,2WTC1,2026-07-06T11:27:43.728282Z,sms_delivered,,,
FLW_5c3a45c3,2WTC1,2026-07-06T11:27:43.086878Z,accepted,2026-07-06T11:32:21.708276Z,2026-07-06T12:42:26.554000Z,2026-07-06
FLW_e27183f4,2WTC1,2026-07-06T11:27:43.317558Z,accepted,2026-07-06T12:57:30.869408Z,2026-07-06T13:40:12.070000Z,2026-07-06
FLW_80dcef70,2WTC1,2026-07-06T11:27:43.434209Z,sms_delivered,,,
FLW_7f914833,2WTC1,2026-07-06T11:27:43.288700Z,accepted,2026-07-07T20:44:03.951886Z,2026-07-07T20:47:25.408000Z,2026-07-07
FLW_14cb2166,2WTC1,2026-07-06T11:22:25.692744Z,accepted,2026-07-06T13:22:03.041403Z,2026-07-06T13:47:09.131000Z,2026-07-06
FLW_f885c2da,2WTC1,2026-07-06T11:22:25.454062Z,accepted,2026-07-06T12:03:54.717494Z,2026-07-06T12:09:14.903000Z,2026-07-06
FLW_33b854b1,2WTC1,2026-07-13T10:34:41.303582Z,accepted,2026-07-13T10:45:53.772693Z,2026-07-13T11:47:50.847000Z,2026-07-13
FLW_f39d2ace,2WTC1,2026-07-06T11:32:15.133574Z,sms_delivered,,,
FLW_3e2375c2,2WTC1,2026-07-06T11:32:15.045154Z,accepted,2026-07-06T11:33:08.385776Z,2026-07-06T11:38:23.507000Z,2026-07-06
FLW_4908a005,2WTC1,2026-07-06T11:32:15.014430Z,accepted,2026-07-06T11:33:21.363128Z,2026-07-06T11:42:50.533000Z,2026-07-06
FLW_548a4896,2WTC1,2026-07-06T11:32:15.304058Z,accepted,2026-07-06T11:33:40.755660Z,2026-07-06T11:42:12.140000Z,2026-07-06
FLW_7d7e1d82,2WTC1,2026-07-06T11:32:14.982018Z,accepted,2026-07-06T11:35:32.870022Z,2026-07-06T11:43:28.268000Z,2026-07-06
FLW_92b5507d,2WTC1,2026-07-06T11:32:15.163197Z,accepted,2026-07-09T08:54:32.014483Z,2026-07-09T09:10:25.620000Z,2026-07-09
FLW_a21b809a,2WTC1,2026-07-06T11:32:14.585231Z,accepted,2026-07-06T11:50:25.864004Z,2026-07-06T11:57:12.474000Z,2026-07-06
FLW_1a0b2a93,2WTC1,2026-07-06T11:32:14.556326Z,accepted,2026-07-06T13:35:03.837219Z,2026-07-06T13:46:05.331000Z,2026-07-06
FLW_c773011d,2WTC1,2026-07-06T11:32:14.411708Z,accepted,2026-07-06T11:51:51.138613Z,2026-07-06T12:02:54.268000Z,2026-07-06
FLW_85370bed,2WTC1,2026-07-06T11:32:14.468878Z,accepted,2026-07-06T18:48:08.738267Z,2026-07-06T19:00:33.177000Z,2026-07-06
FLW_c728f7b6,2WTC1,2026-07-06T11:32:14.527311Z,accepted,2026-07-06T13:16:43.392923Z,2026-07-06T13:23:36.343000Z,2026-07-06
FLW_9b9525fe,2WTC1,2026-07-06T11:22:25.751844Z,accepted,2026-07-06T11:27:10.561793Z,2026-07-06T20:25:36.256000Z,2026-07-06
FLW_af441674,2WTC1,2026-07-06T11:32:14.668914Z,accepted,2026-07-06T14:39:50.646653Z,2026-07-06T14:48:41.801000Z,2026-07-06
FLW_1331d12f,2WTC1,2026-07-06T11:27:43.145169Z,accepted,2026-07-06T13:46:41.896755Z,2026-07-06T13:55:21.993000Z,2026-07-06
FLW_4ad95544,2WTC1,2026-07-06T11:27:43.581389Z,sms_delivered,,,
FLW_7c765cbe,2WTC1,2026-07-06T11:27:43.641637Z,sms_delivered,,,
FLW_0554cd3d,2WTC1,2026-07-06T11:27:43.815748Z,sms_delivered,,,
FLW_ba55fd37,2WTC1,2026-07-06T11:27:43.231876Z,accepted,2026-07-06T11:35:37.572141Z,2026-07-06T12:08:36.899000Z,2026-07-07
FLW_676d7dc0,2WTC1,2026-07-06T11:27:42.966466Z,accepted,2026-07-06T13:25:11.967252Z,2026-07-06T16:48:52.435000Z,2026-07-06
FLW_e29b09c7,2WTC1,2026-07-06T11:27:43.260970Z,sms_delivered,,,
FLW_c6642c2c,2WTC1,2026-07-06T11:27:43.670857Z,sms_delivered,,,
FLW_567183ed,2WTC1,2026-07-06T11:27:43.521192Z,accepted,2026-07-07T17:36:02.855773Z,,
FLW_1506098f,2WTC1,2026-07-06T11:27:43.611263Z,sms_delivered,,,
FLW_0ad510b2,2WTC1,2026-07-06T11:27:43.700519Z,accepted,2026-07-06T11:41:25.361152Z,2026-07-06T11:45:44.823000Z,2026-07-06
FLW_9d37181c,2WTC1,2026-07-06T11:27:43.756985Z,accepted,2026-07-15T19:09:43.356203Z,2026-07-17T15:25:52.654000Z,2026-07-17
FLW_c41a16e6,2WTC1,2026-07-06T11:27:43.345713Z,accepted,2026-07-20T20:11:09.028280Z,2026-07-20T20:25:44.003000Z,2026-07-21
FLW_639cb5f4,2WTC1,2026-07-14T14:59:12.219388Z,accepted,2026-07-14T14:59:29.729133Z,2026-07-14T15:04:23.724000Z,2026-07-14
FLW_9ff7d772,2WTC1,2026-07-10T15:59:23.502805Z,accepted,2026-07-15T20:14:13.119425Z,2026-07-15T20:35:12.039000Z,2026-07-15
FLW_e820f6dc,2WTC1,2026-07-10T09:58:38.250545Z,accepted,2026-07-14T15:10:43.204844Z,2026-07-14T15:17:32.283000Z,2026-07-14
FLW_c49322dc,2WTC1,2026-07-10T15:59:23.841185Z,accepted,2026-07-10T17:56:48.168789Z,2026-07-10T18:09:01.367000Z,2026-07-14
FLW_8b806aeb,2WTC1,2026-07-10T11:52:59.670107Z,accepted,2026-07-11T21:11:40.575518Z,2026-07-23T08:44:55.640000Z,2026-07-23
FLW_c86561c3,2WTC1,2026-07-10T09:58:37.673536Z,accepted,2026-07-10T10:00:35.828248Z,2026-07-10T10:21:23.370000Z,2026-07-10
FLW_dd709529,2WTC1,2026-07-10T09:58:37.810171Z,accepted,2026-07-10T10:02:47.609257Z,2026-07-10T10:07:41.671000Z,2026-07-10
FLW_b05d9382,2WTC1,2026-07-10T09:58:38.066839Z,accepted,2026-07-10T22:43:51.105079Z,2026-07-10T22:57:00.443000Z,2026-07-18
FLW_e5e2d710,2WTC1,2026-07-13T10:34:41.387677Z,accepted,2026-07-13T12:05:00.364724Z,2026-07-13T12:29:46.143000Z,2026-07-13
FLW_8c9b4c6b,2WTC1,2026-07-13T09:15:24.557497Z,accepted,2026-07-13T10:10:09.165261Z,2026-07-13T13:20:12.118000Z,2026-07-13
FLW_94c2a477,2WTC1,2026-07-13T10:34:41.732902Z,accepted,2026-07-13T14:17:34.112188Z,2026-07-13T14:28:00.238000Z,2026-07-13
FLW_4e3064f0,2WTC1,2026-07-13T10:34:41.354775Z,sms_delivered,,,
FLW_970f78c0,2WTC1,2026-07-06T11:39:39.627684Z,accepted,2026-07-06T11:41:19.610685Z,2026-07-06T11:46:05.642000Z,2026-07-06
FLW_dffaa987,2WTC1,2026-07-06T11:39:39.740861Z,accepted,2026-07-06T14:35:13.710092Z,2026-07-06T14:44:30.208000Z,2026-07-06
FLW_0e994230,2WTC1,2026-07-06T11:39:40.488379Z,accepted,2026-07-09T13:49:50.121958Z,2026-07-09T14:27:27.134000Z,2026-07-09
FLW_0f7bd0fd,2WTC1,2026-07-06T11:39:39.859961Z,accepted,2026-07-06T16:44:59.726098Z,2026-07-06T16:55:57.060000Z,2026-07-06
FLW_3a0a3f47,2WTC1,2026-07-06T11:39:40.171811Z,accepted,2026-07-08T13:45:29.425627Z,2026-07-10T11:31:30.222000Z,2026-07-16
FLW_67938e1a,2WTC1,2026-07-06T11:39:40.014116Z,accepted,2026-07-06T18:11:16.936968Z,2026-07-06T18:17:37.968000Z,2026-07-06
FLW_d2d6f194,2WTC1,2026-07-13T09:15:24.639716Z,accepted,2026-07-28T15:07:28.997848Z,2026-07-28T15:20:33.115000Z,2026-07-28
FLW_d39fb4b6,2WTC1,2026-07-06T11:39:40.433533Z,accepted,2026-07-09T15:30:20.151086Z,2026-07-09T15:36:50.018000Z,2026-07-09
FLW_6b1cc827,2WTC1,2026-07-06T11:39:40.260075Z,accepted,2026-07-06T14:02:17.736716Z,2026-07-06T14:09:21.157000Z,2026-07-06
FLW_4a51f62f,2WTC1,2026-07-10T11:52:58.816986Z,accepted,2026-07-10T16:21:05.772665Z,2026-07-10T16:27:15.157000Z,2026-07-10
FLW_21a4ce3c,2WTC1,2026-07-06T11:39:40.289225Z,accepted,2026-07-06T11:41:52.147767Z,2026-07-06T12:00:55.426000Z,2026-07-06
FLW_a726cbc2,2WTC1,2026-07-10T11:52:58.877970Z,accepted,2026-07-10T20:05:26.122265Z,2026-07-10T20:12:50.990000Z,2026-07-10
FLW_13ba66a7,2WTC1,2026-07-10T11:52:58.909390Z,accepted,2026-07-13T23:23:44.486992Z,2026-07-13T23:28:26.919000Z,2026-07-17
FLW_3ef36e74,2WTC1,2026-07-10T11:52:59.340210Z,accepted,2026-07-10T13:10:33.507580Z,2026-07-10T13:16:28.242000Z,2026-07-10
FLW_2c90c973,2WTC1,2026-07-10T11:52:58.940891Z,accepted,2026-07-10T12:12:52.815150Z,2026-07-10T12:18:16.103000Z,2026-07-10
FLW_3d8cb006,2WTC1,2026-07-10T11:52:59.035845Z,accepted,2026-07-10T15:02:01.989318Z,2026-07-10T15:17:18.853000Z,2026-07-10
FLW_b247626c,2WTC1,2026-07-10T11:52:59.190580Z,accepted,2026-07-12T19:02:33.706463Z,2026-07-13T18:34:33.414000Z,2026-07-13
FLW_d531f494,2WTC1,2026-07-10T11:52:59.160805Z,sms_delivered,,,
FLW_f02666a1,2WTC1,2026-07-10T11:52:59.067702Z,sms_delivered,,,
FLW_18de0524,2WTC1,2026-07-10T11:52:59.311285Z,sms_delivered,,,
FLW_97b25d75,2WTC1,2026-07-10T11:52:59.369569Z,sms_delivered,,,
FLW_205282df,2WTC1,2026-07-10T11:52:59.428090Z,sms_delivered,,,
FLW_35825d23,2WTC1,2026-07-10T11:52:59.457888Z,sms_delivered,,,
FLW_c36d63d2,2WTC1,2026-07-13T10:34:41.516486Z,accepted,2026-07-14T07:27:10.132422Z,2026-07-14T18:28:25.326000Z,2026-07-14
FLW_8c2ec5c2,2WTC1,2026-07-06T20:09:44.414334Z,accepted,2026-07-06T20:18:05.254171Z,2026-07-06T20:23:13.445000Z,2026-07-06
FLW_5a6b4526,2WTC1,2026-07-06T20:09:44.532920Z,accepted,2026-07-08T16:35:20.002172Z,2026-07-08T16:46:43.957000Z,2026-07-08
FLW_8f2b5292,2WTC1,2026-07-06T20:09:43.936269Z,accepted,2026-07-07T19:21:09.398728Z,2026-07-07T19:28:35.070000Z,2026-07-07
FLW_a8f2ca5a,2WTC1,2026-07-06T20:09:44.068571Z,accepted,2026-07-07T18:39:26.750907Z,2026-07-07T22:01:12.779000Z,2026-07-08
FLW_3a3c0351,2WTC1,2026-07-06T20:09:44.684909Z,sms_delivered,,,
FLW_4a0c0140,2WTC1,2026-07-06T20:09:44.564637Z,accepted,2026-07-07T05:05:55.015178Z,2026-07-07T05:14:52.112000Z,2026-07-07
FLW_40372c0d,2WTC1,2026-07-06T20:09:43.969915Z,accepted,2026-07-07T12:02:20.375397Z,2026-07-07T12:10:03.999000Z,2026-07-07
FLW_66b518e4,2WTC1,2026-07-06T20:09:44.163717Z,accepted,2026-07-06T21:49:17.960884Z,2026-07-07T08:44:50.631000Z,2026-07-07
FLW_9809b414,2WTC1,2026-07-06T20:09:44.831120Z,accepted,2026-07-06T21:08:25.703328Z,2026-07-06T21:18:21.696000Z,2026-07-06
FLW_0a12cf2b,2WTC1,2026-07-06T20:09:44.595538Z,accepted,2026-07-10T14:31:31.851401Z,2026-07-10T14:45:11.573000Z,2026-07-10
FLW_10f42cc2,2WTC1,2026-07-06T20:09:44.500971Z,accepted,2026-07-07T12:41:35.311794Z,2026-07-07T12:46:35.479000Z,2026-07-07
FLW_1441274d,2WTC1,2026-07-06T20:09:43.870417Z,sms_delivered,,,
FLW_dead8aeb,2WTC1,2026-07-06T20:09:44.745369Z,sms_delivered,,,
FLW_0ec75311,2WTC1,2026-07-06T20:09:44.257581Z,accepted,2026-07-08T16:17:25.530540Z,2026-07-08T16:29:41.524000Z,2026-07-08
FLW_2e2fe96f,2WTC1,2026-07-06T20:09:44.036482Z,accepted,2026-07-07T12:33:08.177490Z,2026-07-07T12:42:34.170000Z,2026-07-07
FLW_2c13a6dc,2WTC1,2026-07-06T20:09:44.288326Z,accepted,2026-07-26T19:26:10.702395Z,,
FLW_d59ffa27,2WTC1,2026-07-10T15:59:23.274801Z,accepted,2026-07-15T15:11:40.969897Z,,
FLW_7f7a21af,2WTC1,2026-07-10T15:59:23.873638Z,accepted,2026-07-11T11:34:51.229311Z,2026-07-11T11:40:10.827000Z,2026-07-11
FLW_c94c71d9,2WTC1,2026-07-10T15:59:23.617597Z,sms_delivered,,,
FLW_bb892e3b,2WTC1,2026-07-10T15:59:23.475254Z,accepted,2026-07-10T16:05:04.805201Z,2026-07-10T16:11:06.219000Z,2026-07-10
FLW_d31fdc5e,2WTC1,2026-07-10T15:59:23.304159Z,accepted,2026-07-11T22:58:02.702336Z,,2026-07-11
FLW_62a2e906,2WTC1,2026-07-10T15:59:23.214505Z,accepted,2026-07-10T21:41:05.630736Z,2026-07-10T21:54:15.952000Z,2026-07-10
FLW_19a690ec,2WTC1,2026-07-10T15:59:23.391791Z,accepted,2026-07-19T20:37:00.220454Z,,
FLW_1058ff63,2WTC1,2026-07-10T11:52:59.579768Z,accepted,2026-07-16T14:54:54.159643Z,2026-07-16T14:57:43.487000Z,2026-07-16
FLW_51aac58f,2WTC1,2026-07-10T15:59:23.588215Z,accepted,2026-07-10T18:01:09.399383Z,2026-07-10T18:03:36.979000Z,2026-07-10
FLW_2ec252a7,2WTC1,2026-07-10T15:59:23.902917Z,sms_delivered,,,
FLW_dde445fe,2WTC1,2026-07-10T15:59:23.644624Z,accepted,2026-07-10T16:36:58.635403Z,2026-07-10T16:43:47.003000Z,2026-07-10
FLW_988405bd,2WTC1,2026-07-10T15:59:23.988374Z,accepted,2026-07-11T18:41:22.370969Z,2026-07-11T18:46:19.094000Z,2026-07-11
FLW_89a64e78,2WTC1,2026-07-10T15:59:23.960299Z,accepted,2026-07-10T17:04:51.108330Z,2026-07-10T17:25:53.417000Z,2026-07-10
FLW_1bff41c4,2WTC1,2026-07-10T15:59:23.728368Z,accepted,2026-07-11T05:14:19.884130Z,2026-07-11T05:32:14.445000Z,2026-07-11
FLW_3828edd9,2WTC1,2026-07-10T11:52:58.847797Z,accepted,2026-07-10T12:55:36.119169Z,2026-07-10T13:06:52.240000Z,2026-07-10
FLW_fa48c09d,2WTC1,2026-07-06T11:27:43.057221Z,accepted,2026-07-08T13:53:42.645141Z,2026-07-08T13:59:50.354000Z,2026-07-08
FLW_939f09f1,2WTC1,2026-07-06T11:27:43.404734Z,accepted,2026-07-07T21:40:28.943595Z,2026-07-07T22:22:44.953000Z,2026-07-07
FLW_f7d55714,2WTC1,2026-07-06T11:27:42.996710Z,accepted,2026-07-06T11:29:19.032373Z,2026-07-06T15:28:22.989000Z,2026-07-06
FLW_fcdee7fa,2WTC1,2026-07-06T11:27:43.173789Z,accepted,2026-07-07T12:49:30.162502Z,2026-07-20T14:35:51.142000Z,2026-07-20
FLW_e7cc979a,2WTC1,2026-07-06T11:27:43.116714Z,sms_delivered,,,
FLW_6c0d2dd5,2WTC1,2026-07-06T11:32:15.192172Z,accepted,2026-07-06T12:22:31.360236Z,2026-07-06T12:38:34.771000Z,2026-07-06
FLW_bda060eb,2WTC1,2026-07-06T11:27:42.908494Z,sms_delivered,,,
FLW_2e2f9fa2,2WTC1,2026-07-06T11:32:14.497717Z,accepted,2026-07-07T09:50:11.184625Z,2026-07-07T09:54:26.646000Z,2026-07-07
FLW_74df4cee,2WTC1,2026-07-06T20:04:03.509616Z,accepted,2026-07-06T20:11:25.112834Z,2026-07-06T20:19:48.164000Z,2026-07-06
FLW_04638569,2WTC1,2026-07-10T11:52:59.398807Z,sms_delivered,,,
FLW_832d4055,2WTC1,2026-07-10T15:59:23.813743Z,sms_delivered,,,
FLW_6e292c23,2WTC1,2026-07-10T15:59:23.932797Z,accepted,2026-07-11T10:19:22.489102Z,2026-07-11T10:50:16.806000Z,2026-07-11
FLW_fd3b16d8,2WTC1,2026-07-10T15:59:23.333805Z,accepted,2026-07-12T15:16:45.623573Z,2026-07-12T15:27:51.447000Z,
FLW_09e2699c,2WTC1,2026-07-06T20:21:10.238167Z,accepted,2026-07-08T13:27:06.668676Z,2026-07-08T13:36:45.161000Z,2026-07-08
FLW_de39902e,2WTC1,2026-07-06T20:21:10.084189Z,accepted,2026-07-27T10:44:13.518323Z,,
FLW_f6e87987,2WTC1,2026-07-10T09:58:37.755445Z,accepted,2026-07-10T11:59:48.657641Z,2026-07-10T12:07:15.054000Z,2026-07-10
FLW_23e3fda9,2WTC1,2026-07-06T20:21:09.960200Z,accepted,2026-07-06T20:21:52.901268Z,2026-07-07T07:19:52.140000Z,2026-07-07
FLW_3e636228,2WTC1,2026-07-06T20:21:09.811125Z,accepted,2026-07-06T22:04:31.252188Z,2026-07-06T22:12:48.819000Z,2026-07-06
FLW_5c641beb,2WTC1,2026-07-06T20:21:09.751640Z,accepted,2026-07-08T12:41:29.463902Z,2026-07-08T13:22:54.802000Z,2026-07-08
FLW_fa24ca25,2WTC1,2026-07-06T20:21:09.494949Z,accepted,2026-07-08T17:12:23.191517Z,2026-07-08T17:20:55.061000Z,2026-07-08
FLW_8297ec1a,2WTC1,2026-07-06T11:32:14.836768Z,accepted,2026-07-07T21:38:43.512264Z,2026-07-08T04:14:00.731000Z,2026-07-08
FLW_af56bee8,2WTC1,2026-07-06T11:32:14.808390Z,accepted,2026-07-06T14:24:46.679342Z,2026-07-08T17:42:37.238000Z,2026-07-08
FLW_37e07c6a,2WTC1,2026-07-06T11:32:14.612973Z,accepted,2026-07-06T12:06:13.713890Z,2026-07-06T13:24:08.445000Z,2026-07-06
FLW_48f7c6e7,2WTC1,2026-07-06T20:21:10.359480Z,accepted,2026-07-14T22:48:40.547247Z,2026-07-22T11:05:30.396000Z,2026-07-22
FLW_b6497114,2WTC1,2026-07-13T10:34:41.847211Z,accepted,2026-07-14T03:22:35.886462Z,2026-07-15T06:57:25.891000Z,2026-07-15
FLW_2cde028f,2WTC1,2026-07-06T20:21:10.146667Z,accepted,2026-07-06T20:23:39.966055Z,2026-07-06T20:35:11.669000Z,2026-07-06
FLW_d02e20f1,2WTC1,2026-07-06T11:39:40.231698Z,accepted,2026-07-06T11:44:02.714046Z,2026-07-06T11:50:00.601000Z,2026-07-06
FLW_ccec8a04,2WTC1,2026-07-06T11:39:39.770239Z,accepted,2026-07-06T12:07:03.706688Z,2026-07-06T12:12:54.087000Z,2026-07-06
FLW_f4b5e02b,2WTC1,2026-07-06T11:39:39.800121Z,accepted,2026-07-06T14:17:04.129979Z,2026-07-06T14:33:34.110000Z,2026-07-06
FLW_3d52e03e,2WTC1,2026-07-06T11:39:40.516241Z,accepted,2026-07-06T12:21:37.949079Z,2026-07-06T12:26:52.366000Z,2026-07-06
FLW_f46048de,2WTC1,2026-07-06T11:39:40.112825Z,accepted,2026-07-06T11:43:44.245250Z,2026-07-06T11:51:53.508000Z,2026-07-06
FLW_ec384538,2WTC1,2026-07-10T09:58:38.223011Z,accepted,2026-07-10T10:38:47.665122Z,2026-07-10T11:12:02.041000Z,2026-07-10
FLW_9cd5cbab,2WTC1,2026-07-06T20:04:03.169958Z,accepted,2026-07-07T15:32:07.232632Z,2026-07-07T16:03:45.375000Z,2026-07-08
FLW_cc266b42,2WTC1,2026-07-10T09:58:37.645057Z,accepted,2026-07-10T21:56:45.617172Z,,
FLW_68314f55,2WTC1,2026-07-06T11:27:42.863410Z,accepted,2026-07-06T22:09:22.669273Z,2026-07-06T22:18:08.304000Z,2026-07-10
FLW_ed444ffd,2WTC1,2026-07-13T09:15:24.835822Z,sms_delivered,,,
FLW_2629a8c0,2WTC1,2026-07-06T11:32:15.276174Z,sms_delivered,,,
FLW_daecb508,2WTC1,2026-07-06T11:32:14.923812Z,sms_delivered,,,
FLW_999c3072,2WTC1,2026-07-06T20:04:03.046709Z,accepted,2026-07-08T04:38:01.818787Z,2026-07-08T04:44:56.326000Z,2026-07-10
FLW_67432746,2WTC1,2026-07-06T20:04:03.541105Z,accepted,2026-07-06T22:25:24.858260Z,2026-07-07T15:44:05.097000Z,2026-07-07
FLW_1bde8b66,2WTC1,2026-07-06T20:04:03.235879Z,accepted,2026-07-06T20:11:01.096993Z,2026-07-06T20:16:34.034000Z,2026-07-06
FLW_c49420a9,2WTC1,2026-07-10T12:00:47.711964Z,accepted,2026-07-17T08:43:44.730802Z,2026-07-22T15:50:42.250000Z,2026-07-22
FLW_60582c12,2WTC1,2026-07-10T11:52:59.698121Z,accepted,2026-07-19T15:54:19.921628Z,2026-07-19T15:59:45.256000Z,2026-07-19
FLW_2cf33cef,2WTC1,2026-07-10T12:00:47.620634Z,accepted,2026-07-10T12:51:33.510109Z,2026-07-10T13:13:52.201000Z,2026-07-10
FLW_a10bd461,2WTC1,2026-07-10T12:00:47.914799Z,accepted,2026-07-22T15:00:28.103374Z,2026-07-22T15:12:43.393000Z,2026-07-22
FLW_7567ef6c,2WTC1,2026-07-10T12:00:48.153776Z,accepted,2026-07-18T15:45:57.869472Z,2026-07-18T15:56:46.154000Z,2026-07-25
FLW_d1f8e52b,2WTC1,2026-07-10T12:00:48.094920Z,accepted,2026-07-10T14:18:53.106102Z,2026-07-10T14:26:42.677000Z,2026-07-10
FLW_8cf5b37c,2WTC1,2026-07-10T12:00:48.124254Z,sms_delivered,,,
FLW_2c416d8b,2WTC1,2026-07-10T12:07:49.563521Z,accepted,2026-07-10T13:47:47.448299Z,2026-07-10T13:55:12.259000Z,2026-07-10
FLW_808d214e,2WTC1,2026-07-10T12:07:49.072212Z,sms_delivered,,,
FLW_d4207262,2WTC1,2026-07-13T10:34:41.483703Z,sms_delivered,,,
FLW_1478c558,2WTC1,2026-07-10T15:59:24.023541Z,sms_delivered,,,
FLW_7a91b233,2WTC1,2026-07-13T09:15:24.613113Z,accepted,2026-07-13T10:33:20.616726Z,2026-07-13T12:30:53.470000Z,2026-07-13
FLW_611ae857,2WTC1,2026-07-06T11:32:14.696144Z,accepted,2026-07-06T12:02:53.117576Z,2026-07-06T12:11:01.203000Z,2026-07-06
FLW_b601b098,2WTC1,2026-07-06T11:39:40.572177Z,sms_delivered,,,
FLW_23bbb39b,2WTC1,2026-07-13T10:34:41.606791Z,accepted,2026-07-13T10:35:48.687694Z,2026-07-13T11:15:35.487000Z,2026-07-13
FLW_455b19ef,2WTC1,2026-07-06T11:39:40.048214Z,accepted,2026-07-06T13:45:31.142936Z,2026-07-06T14:03:12.484000Z,2026-07-06
FLW_6b7239c6,2WTC1,2026-07-06T11:39:40.461297Z,sms_delivered,,,
FLW_442c4a17,2WTC1,2026-07-06T11:39:40.601120Z,accepted,2026-07-07T06:21:59.930119Z,,
FLW_47717a41,2WTC1,2026-07-06T11:39:39.948824Z,accepted,2026-07-06T11:57:05.341128Z,2026-07-06T12:01:37.265000Z,2026-07-06
FLW_3622f116,2WTC1,2026-07-06T11:39:39.830339Z,accepted,2026-07-06T11:48:58.583178Z,2026-07-06T12:00:42.902000Z,2026-07-06
FLW_fa79936d,2WTC1,2026-07-06T11:39:39.711132Z,accepted,2026-07-06T13:58:17.798915Z,2026-07-06T14:04:24.396000Z,2026-07-06
FLW_81bd273e,2WTC1,2026-07-06T11:39:40.081291Z,accepted,2026-07-07T11:28:25.430304Z,2026-07-07T11:58:27.117000Z,2026-07-07
FLW_a639cca9,2WTC1,2026-07-06T11:39:40.317042Z,accepted,2026-07-06T12:04:37.240289Z,2026-07-06T12:37:21.109000Z,2026-07-06
FLW_d5da5e8a,2WTC1,2026-07-06T11:39:40.543724Z,sms_delivered,,,
FLW_cd1a3d37,2WTC1,2026-07-06T11:39:40.375543Z,accepted,2026-07-06T17:22:23.893479Z,2026-07-06T17:34:41.383000Z,2026-07-06
FLW_2d6980e6,1ECE1,2026-07-23T14:35:56.394446Z,sms_delivered,,,
FLW_36fc8d3c,1ECE1,2026-07-23T14:35:56.466059Z,accepted,2026-08-02T05:17:31.364246Z,,
FLW_90733d21,1ECE1,2026-07-23T14:35:56.808041Z,sms_delivered,,,
FLW_c7fb4422,1ECE1,2026-07-23T14:35:56.879429Z,accepted,2026-07-23T16:02:38.410869Z,2026-07-28T19:35:30.768000Z,2026-07-28
FLW_d05306e4,1ECE1,2026-07-23T14:38:41.454118Z,sms_delivered,,,
FLW_9f05851e,1ECE1,2026-07-23T14:38:41.611400Z,accepted,2026-07-23T16:10:51.549044Z,2026-07-23T18:32:50.970000Z,2026-07-23
FLW_da81d62c,1ECE1,2026-07-23T14:38:41.682277Z,accepted,2026-07-23T16:15:11.358863Z,2026-07-23T19:23:23.734000Z,2026-07-23
FLW_65d5ada2,1ECE1,2026-07-23T14:38:41.830516Z,accepted,2026-07-23T14:53:12.876838Z,2026-07-23T15:12:29.908000Z,2026-07-23
FLW_a7b524a6,1ECE1,2026-07-23T14:35:56.493299Z,accepted,2026-07-23T15:08:42.380265Z,2026-07-24T06:31:11.301000Z,2026-07-28
FLW_466f5c6c,1ECE1,2026-07-23T14:35:56.904095Z,accepted,2026-07-23T21:57:57.300933Z,2026-07-25T11:24:16.152000Z,2026-07-25
FLW_55dab34e,1ECE1,2026-07-23T14:35:56.686499Z,accepted,2026-07-23T14:53:06.903852Z,2026-07-23T15:44:33.228000Z,2026-07-23
FLW_1bcb1c1a,1ECE1,2026-07-23T14:38:41.495318Z,accepted,2026-07-23T14:48:38.013082Z,2026-07-23T14:57:53.402000Z,2026-07-23
FLW_b6d91789,1ECE1,2026-07-23T15:28:04.789908Z,accepted,2026-07-23T17:12:01.795223Z,2026-07-23T17:24:11.676000Z,2026-07-23
FLW_3229d059,1ECE1,2026-07-22T08:49:27.721514Z,sms_delivered,,,
FLW_0427115e,1ECE1,2026-07-23T14:35:56.711207Z,accepted,2026-07-23T17:23:49.344313Z,2026-07-23T17:29:50.328000Z,2026-07-23
FLW_ae7ed22f,1ECE1,2026-07-23T14:38:41.543439Z,accepted,2026-07-23T15:57:42.876114Z,2026-07-23T17:16:02.246000Z,2026-07-23
FLW_a24be9bf,1ECE1,2026-07-23T14:38:41.565194Z,accepted,2026-07-23T16:06:04.481407Z,2026-07-23T16:26:21.925000Z,2026-07-23
FLW_7c85002d,1ECE1,2026-07-23T14:35:56.641066Z,accepted,2026-07-23T20:10:10.617023Z,2026-07-23T21:42:16.503000Z,2026-07-23
FLW_62d90761,1ECE1,2026-07-24T10:53:43.083344Z,accepted,2026-07-24T11:02:04.599025Z,2026-07-24T11:21:14.288000Z,2026-07-24
FLW_73f14d11,1ECE1,2026-07-23T14:35:56.617138Z,accepted,2026-07-23T17:10:19.104995Z,2026-07-23T17:18:08.221000Z,2026-07-23
FLW_a0929f59,1ECE1,2026-07-23T14:38:41.852090Z,sms_not_delivered,,,
FLW_8a6383e7,1ECE1,2026-07-23T14:35:56.542989Z,accepted,2026-07-23T17:13:45.306572Z,2026-07-23T17:20:25.561000Z,2026-07-23
FLW_7b7a4129,1ECE1,2026-07-23T14:35:57.174575Z,accepted,2026-07-23T16:03:20.353752Z,2026-07-23T16:36:57.881000Z,2026-07-23
FLW_0fd83440,1ECE1,2026-07-23T14:35:56.663448Z,sms_delivered,,,
FLW_0b4b891b,1ECE1,2026-07-23T14:38:41.637621Z,accepted,2026-07-23T20:11:05.841546Z,2026-07-23T20:19:13.454000Z,2026-07-23
FLW_1064593f,1ECE1,2026-07-23T14:38:41.768067Z,accepted,2026-07-23T18:04:58.504640Z,2026-07-23T18:14:34.414000Z,2026-07-23
FLW_4c26fa26,1ECE1,2026-07-23T14:38:41.808039Z,accepted,2026-07-23T17:14:52.681388Z,2026-07-24T05:24:26.536000Z,2026-07-24
FLW_8670bf00,1ECE1,2026-07-22T08:49:27.412825Z,sms_delivered,,,
FLW_0c0d0a38,1ECE1,2026-07-22T08:49:27.784652Z,accepted,2026-07-22T10:55:27.135872Z,2026-07-25T14:04:57.860000Z,2026-07-25
FLW_26ed93c4,1ECE1,2026-07-22T08:49:27.102416Z,accepted,2026-07-22T22:21:05.670997Z,,
FLW_5f559d5f,1ECE1,2026-07-22T08:49:27.456910Z,sms_not_delivered,,,
FLW_a8870cc9,1ECE1,2026-07-22T08:49:27.478093Z,invited,,,
FLW_a3dc57b6,1ECE1,2026-07-22T08:49:27.955345Z,sms_delivered,,,
FLW_1b87a2e6,1ECE1,2026-07-23T14:35:57.047358Z,accepted,2026-07-23T14:51:23.257897Z,2026-07-23T15:24:50.487000Z,2026-07-23
FLW_263df73a,1ECE1,2026-07-23T14:35:57.021405Z,accepted,2026-07-23T16:37:47.836720Z,2026-07-23T17:01:52.485000Z,2026-07-23
FLW_34ede9b0,1ECE1,2026-07-24T15:25:59.523971Z,accepted,2026-07-24T15:26:33.506994Z,2026-07-25T04:32:51.183000Z,2026-07-24
FLW_bd52a131,1ECE1,2026-07-23T14:38:41.662051Z,accepted,2026-07-23T16:08:07.044777Z,2026-07-23T16:22:41.088000Z,2026-07-23
FLW_86c9d88b,1ECE1,2026-07-23T14:35:56.997872Z,accepted,2026-07-23T18:38:57.133357Z,2026-07-23T18:54:45.168000Z,2026-07-23
FLW_b921f81b,1ECE1,2026-07-22T08:49:28.177986Z,accepted,2026-07-23T19:48:44.262731Z,2026-07-23T19:56:24.556000Z,2026-07-23
FLW_52ceeb7c,1ECE1,2026-07-22T08:49:27.195710Z,accepted,2026-07-22T10:08:32.634928Z,2026-07-28T13:26:35.462000Z,2026-07-28
FLW_6cddef5b,1ECE1,2026-07-23T14:35:56.949247Z,accepted,2026-07-23T15:34:13.324863Z,2026-07-23T15:39:12.622000Z,2026-07-24
FLW_39b1d8e9,1ECE1,2026-07-23T14:38:41.519041Z,accepted,2026-07-24T12:28:43.762339Z,2026-07-26T11:27:43.576000Z,2026-07-26
FLW_b1d15488,1ECE1,2026-07-23T14:38:41.725331Z,accepted,2026-07-23T14:42:40.148204Z,2026-07-23T14:50:25.486000Z,2026-07-23
FLW_5d770c9d,1ECE1,2026-07-22T08:49:27.613046Z,sms_delivered,,,
FLW_c013d721,1ECE1,2026-07-22T08:49:27.525262Z,sms_delivered,,,
FLW_51ad97be,1ECE1,2026-07-22T08:49:28.083239Z,accepted,2026-07-23T11:55:21.939456Z,,
FLW_2b5f3513,1ECE1,2026-07-22T08:49:27.635180Z,sms_delivered,,,
FLW_f6d123a9,1ECE1,2026-07-24T12:27:07.022591Z,accepted,2026-07-24T12:48:20.970067Z,2026-07-25T21:51:57.698000Z,2026-07-25
FLW_7d9f40ad,1ECE1,2026-07-22T08:49:28.533604Z,sms_delivered,,,
FLW_2ae251a1,1ECE1,2026-07-22T08:49:28.380141Z,sms_delivered,,,
FLW_8c8f35a2,1ECE1,2026-07-22T08:49:28.555129Z,sms_delivered,,,
FLW_52359c96,1ECE1,2026-07-22T08:49:28.577290Z,sms_delivered,,,
FLW_b4632f89,1ECE1,2026-07-22T08:49:28.269551Z,accepted,2026-07-22T08:56:28.711966Z,,
FLW_42a5a6b0,1ECE1,2026-07-22T08:49:28.358330Z,accepted,2026-07-25T07:59:20.414604Z,2026-07-25T08:03:53.381000Z,2026-07-25
FLW_8c8d5b4f,1ECE1,2026-07-22T08:49:28.291810Z,accepted,2026-07-22T10:54:33.247738Z,2026-07-24T08:17:48.554000Z,
FLW_37e7642a,1ECE1,2026-07-22T08:49:28.337337Z,accepted,2026-07-22T15:23:51.134086Z,2026-07-24T09:45:37.488000Z,2026-07-24
FLW_e6fbcbf8,1ECE1,2026-07-22T08:49:28.510031Z,accepted,2026-07-22T08:51:46.132644Z,2026-07-25T08:01:58.560000Z,2026-07-25
FLW_544e94e6,1ECE1,2026-07-22T08:49:28.467676Z,accepted,2026-07-22T08:51:11.712606Z,2026-07-23T14:04:17.559000Z,2026-07-23
FLW_e45e3450,1ECE1,2026-07-22T08:49:28.248324Z,accepted,2026-07-23T17:39:50.837713Z,2026-07-23T17:43:35.884000Z,2026-07-24
FLW_740f1f30,1ECE1,2026-07-22T08:49:28.225528Z,sms_delivered,,,
FLW_dbaa0aed,1ECE1,2026-07-22T08:49:28.401395Z,accepted,2026-07-22T09:25:53.898173Z,2026-07-23T15:26:38.411000Z,2026-07-23
FLW_9d60f670,1ECE1,2026-07-22T08:49:28.424676Z,accepted,2026-07-22T10:15:03.239689Z,2026-08-01T13:51:13.481000Z,2026-08-01
FLW_fadbd424,1ECE1,2026-07-22T08:49:27.871178Z,accepted,2026-07-22T09:22:30.351952Z,2026-07-23T14:30:56.860000Z,2026-07-24
FLW_aa4fd10f,1ECE1,2026-07-22T08:49:27.571774Z,sms_delivered,,,
FLW_a4cc42b5,1ECE1,2026-07-22T08:49:27.265225Z,accepted,2026-07-22T09:36:25.889866Z,2026-07-27T10:24:36.840000Z,2026-07-27
FLW_468d18a5,1ECE1,2026-07-22T08:49:27.997770Z,sms_delivered,,,
FLW_8762cfda,1ECE1,2026-07-22T08:49:28.018680Z,sms_delivered,,,
FLW_78e51910,1ECE1,2026-07-22T08:49:28.152903Z,sms_delivered,,,
FLW_12298ddf,1ECE1,2026-07-22T08:49:28.202247Z,sms_delivered,,,
FLW_93ba6220,1ECE1,2026-07-22T08:49:27.341526Z,sms_delivered,,,
FLW_77dbdd93,1ECE1,2026-07-22T08:49:27.677797Z,sms_not_delivered,,,
FLW_e5a00e9c,1ECE1,2026-07-22T08:49:27.699563Z,sms_delivered,,,
FLW_370d6c2d,1ECE1,2026-07-22T08:49:27.742120Z,sms_delivered,,,
FLW_6cbeb157,1ECE1,2026-07-22T08:49:27.827091Z,accepted,2026-07-22T08:54:24.141801Z,2026-07-23T19:01:36.054000Z,2026-07-23
FLW_ef186547,1ECE1,2026-07-22T08:49:28.128378Z,accepted,2026-07-22T09:01:41.193219Z,2026-07-28T14:12:56.125000Z,2026-07-28
FLW_7b5c1d45,1ECE1,2026-07-22T08:49:27.849317Z,sms_delivered,,,
FLW_c4bcac1c,1ECE1,2026-07-22T08:49:27.892132Z,sms_delivered,,,
FLW_7aa900ef,1ECE1,2026-07-22T08:49:27.060835Z,sms_delivered,,,
FLW_83ee4ed5,1ECE1,2026-07-22T08:49:27.150280Z,sms_delivered,,,
FLW_2a5b7fe3,1ECE1,2026-07-22T08:49:27.172547Z,sms_delivered,,,
FLW_0cf94e65,1ECE1,2026-07-22T08:49:27.217623Z,sms_delivered,,,
FLW_47c92d8e,1ECE1,2026-07-22T08:49:27.241400Z,sms_delivered,,,
FLW_6f1a3e54,1ECE1,2026-07-22T08:49:27.317144Z,sms_delivered,,,
FLW_a5e399cb,1ECE1,2026-07-22T08:49:27.657264Z,sms_not_delivered,,,
FLW_8216f72f,1ECE1,2026-07-22T08:49:28.040612Z,accepted,2026-07-22T10:07:34.574815Z,2026-07-23T15:59:10.724000Z,2026-07-23
FLW_ef9513d8,1ECE1,2026-07-22T08:49:28.062290Z,accepted,2026-07-22T14:12:34.607263Z,2026-07-23T14:44:24.060000Z,2026-07-23
FLW_46bcf23b,1ECE1,2026-07-22T08:49:27.294020Z,accepted,2026-08-02T20:39:10.690059Z,2026-08-02T20:46:12.829000Z,2026-08-02
FLW_229384e0,1ECE1,2026-07-22T08:49:27.390637Z,sms_delivered,,,
FLW_69867a92,1ECE1,2026-07-22T08:49:27.126938Z,accepted,2026-07-22T14:26:39.918095Z,2026-07-23T19:12:51.393000Z,2026-07-23
FLW_28a8eec7,1ECE1,2026-07-22T08:49:28.313716Z,sms_delivered,,,
FLW_3d2f2ef1,1ECE1,2026-07-22T08:49:28.445537Z,sms_delivered,,,
FLW_bf69b9ab,1ECE1,2026-07-22T08:49:27.433976Z,sms_not_delivered,,,
FLW_3e68100e,1ECE1,2026-07-22T08:49:28.488264Z,accepted,2026-07-22T13:03:23.558367Z,2026-08-04T05:27:16.262000Z,
FLW_019b7560,1ECE1,2026-07-22T08:49:28.622486Z,accepted,2026-07-23T19:37:51.244272Z,,
FLW_884de98e,1ECE1,2026-07-22T08:49:27.550259Z,accepted,2026-07-22T09:16:27.375943Z,,
FLW_7263587d,1ECE1,2026-07-22T08:49:27.763776Z,accepted,2026-07-22T10:00:55.745959Z,2026-07-28T13:25:01.425000Z,2026-07-28
FLW_e10500a6,1ECE1,2026-07-22T08:49:28.598364Z,accepted,2026-07-22T19:15:05.770786Z,2026-07-23T19:15:38.182000Z,2026-07-23
FLW_050978ff,1ECE1,2026-07-22T08:49:27.806029Z,accepted,2026-07-22T08:50:48.365237Z,2026-07-23T17:13:13.499000Z,2026-07-23
FLW_1652be94,1ECE1,2026-07-22T08:49:27.914140Z,accepted,2026-07-22T11:20:07.519467Z,,
FLW_592d67c7,1ECE1,2026-07-22T08:49:27.592486Z,accepted,2026-07-22T13:35:08.415412Z,,
FLW_31f5c524,1ECE1,2026-07-22T08:49:27.976643Z,accepted,2026-07-22T10:28:49.547157Z,2026-07-23T10:16:38.755000Z,2026-08-04
FLW_1633a1e3,1ECE1,2026-07-22T08:49:27.500455Z,accepted,2026-07-22T15:55:39.585406Z,,
FLW_2228e2f7,1ECE1,2026-07-22T08:49:27.933595Z,accepted,2026-07-22T09:16:28.891454Z,2026-07-23T17:23:33.774000Z,2026-07-23
FLW_9ada51f8,1ECE1,2026-07-22T08:49:28.105054Z,accepted,2026-07-22T19:43:10.585707Z,,
FLW_825bf681,1ECE1,2026-07-23T14:38:41.703421Z,accepted,2026-07-23T14:46:48.824819Z,2026-07-23T14:58:02.875000Z,2026-07-23
FLW_4ee23cf4,1ECE1,2026-07-27T14:48:55.651008Z,accepted,2026-07-27T14:49:38.325064Z,2026-07-27T15:00:24.012000Z,2026-07-27
FLW_e33e4506,1ECE1,2026-07-23T14:35:56.926981Z,accepted,2026-07-23T19:02:16.991801Z,2026-07-23T19:26:10.265000Z,2026-07-23
FLW_8518810d,1ECE1,2026-07-23T14:35:56.436195Z,accepted,2026-07-23T15:30:08.925196Z,2026-07-23T15:39:00.262000Z,2026-07-23
FLW_1ee1abd8,1ECE1,2026-07-23T14:38:41.747259Z,accepted,2026-07-23T14:58:07.665883Z,2026-07-23T15:10:33.180000Z,2026-07-23
FLW_3a639f42,1ECE1,2026-07-23T14:35:56.518269Z,accepted,2026-07-24T07:23:59.849584Z,2026-07-24T07:58:53.783000Z,2026-07-24
FLW_55ecaf46,1ECE1,2026-07-23T14:35:56.567180Z,accepted,2026-07-23T20:06:32.084773Z,2026-07-24T11:48:29.893000Z,2026-07-24
FLW_6116dabc,1ECE1,2026-07-23T14:35:56.591580Z,accepted,2026-07-23T18:34:47.265965Z,2026-07-23T18:45:37.487000Z,2026-07-23
FLW_664192c8,1ECE1,2026-07-23T14:35:56.757701Z,accepted,2026-07-23T15:46:59.916666Z,2026-07-23T21:04:07.251000Z,2026-07-23
FLW_5d12ac24,1ECE1,2026-07-23T14:35:56.782946Z,accepted,2026-07-23T16:29:03.646855Z,2026-07-23T17:03:24.969000Z,2026-07-23
FLW_12e80c2a,1ECE1,2026-07-23T14:35:56.733404Z,accepted,2026-07-26T18:31:57.551358Z,2026-07-26T18:40:50.006000Z,2026-07-26
FLW_ccc5516d,1ECE1,2026-07-23T14:35:57.145714Z,accepted,2026-07-23T15:56:00.746420Z,2026-07-23T16:01:55.279000Z,2026-07-23
FLW_649f7d1c,1ECE1,2026-07-23T14:35:56.831136Z,sms_delivered,,,
FLW_c26397af,1ECE1,2026-07-23T14:35:57.070992Z,accepted,2026-07-23T16:29:35.242028Z,2026-07-23T19:16:56.255000Z,2026-07-23
FLW_c2c5d477,1ECE1,2026-07-23T14:35:56.972220Z,sms_delivered,,,
FLW_9ea82687,1ECE1,2026-07-23T14:35:56.854703Z,accepted,2026-07-23T15:01:41.106790Z,,
FLW_e9b8aaf9,1ECE1,2026-07-23T14:35:57.094641Z,accepted,2026-07-23T17:41:23.869989Z,2026-07-23T17:45:23.300000Z,2026-07-23
FLW_f3590773,1ECE1,2026-07-23T14:35:57.121075Z,accepted,2026-07-23T17:49:38.092824Z,2026-07-23T18:39:57.210000Z,2026-07-23
FLW_02039403,1ECE1,2026-07-23T14:38:41.586979Z,sms_delivered,,,
FLW_574a4cb1,1ECE1,2026-07-23T14:38:41.873009Z,accepted,2026-07-26T10:53:21.169450Z,2026-07-26T11:19:19.260000Z,2026-07-26
FLW_fceaa611,1ECE1,2026-07-23T14:38:41.915144Z,accepted,2026-07-23T18:16:25.913707Z,2026-07-23T18:25:51.533000Z,2026-07-23
FLW_3cf44414,1ECE1,2026-07-23T14:38:41.787792Z,accepted,2026-07-23T14:41:04.217973Z,2026-07-23T15:11:35.338000Z,2026-07-24
FLW_793abda4,1ECE1,2026-07-22T08:49:27.364591Z,sms_delivered,,,
FLW_608b35cd,1ECC1,2026-07-23T15:44:34.480202Z,accepted,2026-07-23T16:13:25.792596Z,2026-07-23T16:19:53.984000Z,2026-07-23
FLW_ea230fd5,1ECC1,2026-07-23T15:44:34.699181Z,accepted,2026-07-24T11:31:51.627776Z,2026-07-24T11:43:16.222000Z,2026-07-24
FLW_6ffebd59,1ECC1,2026-07-23T15:44:34.721091Z,sms_delivered,,,
FLW_77eb4dea,1ECC1,2026-07-23T15:44:34.765396Z,accepted,2026-07-28T09:09:41.099168Z,,
FLW_9b6a8dca,1ECC1,2026-07-23T15:48:03.917745Z,accepted,2026-07-24T14:28:59.689114Z,2026-07-24T16:07:06.588000Z,2026-07-24
FLW_72ba96ae,1ECC1,2026-07-23T15:48:03.780631Z,accepted,2026-07-23T20:45:33.438525Z,2026-07-23T20:49:58.241000Z,2026-07-23
FLW_ec19b833,1ECC1,2026-07-23T15:48:03.817539Z,accepted,2026-07-28T09:58:39.466586Z,2026-07-28T12:14:50.843000Z,2026-07-28
FLW_cc7c4e61,1ECC1,2026-07-23T15:48:03.998054Z,sms_delivered,,,
FLW_5c641beb,1ECC1,2026-07-23T15:48:04.068052Z,accepted,2026-07-24T10:08:36.329459Z,2026-07-24T10:12:23.065000Z,2026-07-24
FLW_013fc6f1,1ECC1,2026-07-23T15:48:03.615830Z,accepted,2026-07-24T13:26:10.763937Z,2026-07-24T13:35:51.250000Z,2026-07-24
FLW_9bb6b86e,1ECC1,2026-07-23T15:44:35.171332Z,accepted,2026-07-24T16:05:30.272925Z,2026-07-24T16:12:11.305000Z,2026-07-24
FLW_8f6a54b8,1ECC1,2026-07-23T15:44:35.143393Z,accepted,2026-07-25T10:36:06.880350Z,2026-07-25T10:45:15.255000Z,2026-07-25
FLW_3e636228,1ECC1,2026-07-23T15:48:04.125937Z,accepted,2026-07-24T05:04:19.747046Z,2026-07-27T16:12:54.697000Z,2026-07-27
FLW_7306bec5,1ECC1,2026-07-23T15:48:04.368265Z,accepted,2026-07-23T16:51:19.145510Z,2026-07-23T18:37:07.115000Z,2026-07-23
FLW_a21b809a,1ECC1,2026-07-23T22:27:45.193585Z,accepted,2026-07-24T09:56:11.394448Z,2026-07-24T10:02:07.605000Z,2026-07-24
FLW_73b3796e,1ECC1,2026-07-23T15:48:04.337532Z,accepted,2026-07-23T21:56:34.695845Z,2026-07-23T22:07:52.588000Z,2026-07-23
FLW_d2c21abe,1ECC1,2026-07-23T15:48:04.695509Z,accepted,2026-07-23T16:52:00.821935Z,2026-07-23T17:05:37.136000Z,2026-07-23
FLW_48f7c6e7,1ECC1,2026-07-23T15:48:04.718607Z,accepted,2026-07-24T00:18:44.902967Z,2026-07-24T21:27:54.753000Z,2026-07-24
FLW_69221606,1ECC1,2026-07-23T22:37:41.253379Z,sms_not_delivered,,,
FLW_c21513b4,1ECC1,2026-07-23T22:37:41.210435Z,accepted,2026-07-24T14:19:57.117493Z,2026-07-24T20:29:20.521000Z,2026-07-24
FLW_4bcfd1c0,1ECC1,2026-07-23T15:44:34.633459Z,sms_delivered,,,
FLW_3c2886de,1ECC1,2026-07-23T15:44:35.100183Z,accepted,2026-07-23T17:46:21.864892Z,2026-07-23T17:50:57.451000Z,2026-07-23
FLW_7b3db8a6,1ECC1,2026-07-23T15:44:34.585962Z,sms_delivered,,,
FLW_23e3fda9,1ECC1,2026-07-23T15:48:04.265072Z,accepted,2026-07-23T15:50:14.892809Z,2026-07-23T16:00:57.695000Z,2026-07-23
FLW_63803745,1ECC1,2026-07-23T22:27:44.939814Z,accepted,2026-07-24T00:27:41.063713Z,2026-07-24T00:33:21.137000Z,2026-07-24
FLW_75422923,1ECC1,2026-07-23T15:44:34.809416Z,accepted,2026-07-23T16:18:33.362431Z,2026-07-23T16:23:12.217000Z,2026-07-23
FLW_ec17a0c3,1ECC1,2026-07-23T15:44:34.831087Z,accepted,2026-07-24T17:04:31.034553Z,2026-07-25T15:36:57.314000Z,2026-07-25
FLW_652cba89,1ECC1,2026-07-23T15:44:34.938118Z,accepted,2026-07-23T15:48:05.390008Z,2026-07-23T16:07:07.397000Z,2026-07-23
FLW_d67dafe8,1ECC1,2026-07-23T15:44:34.960273Z,sms_delivered,,,
FLW_d2cd94a8,1ECC1,2026-07-23T15:44:35.121203Z,sms_delivered,,,
FLW_87c850f0,1ECC1,2026-07-23T15:48:04.099618Z,accepted,2026-07-23T16:05:24.544312Z,2026-07-23T16:11:18.033000Z,2026-07-23
FLW_dd7b2ca4,1ECC1,2026-07-23T15:48:04.236416Z,sms_delivered,,,
FLW_c773011d,1ECC1,2026-07-23T22:27:44.983898Z,accepted,2026-07-28T11:06:25.807420Z,2026-07-28T11:09:13.215000Z,2026-07-28
FLW_f1ba4469,1ECC1,2026-07-23T15:44:35.009486Z,accepted,2026-07-23T15:49:38.174356Z,2026-07-24T12:17:32.473000Z,2026-07-24
FLW_af441674,1ECC1,2026-07-23T22:27:45.277459Z,accepted,2026-07-24T08:06:54.519552Z,2026-07-24T10:06:55.777000Z,2026-07-24
FLW_611ae857,1ECC1,2026-07-23T22:27:45.304921Z,accepted,2026-07-24T15:49:51.945040Z,2026-07-24T16:04:38.171000Z,2026-07-24
FLW_2348240e,1ECC1,2026-07-23T15:44:34.507038Z,accepted,2026-07-23T15:50:32.729880Z,2026-07-23T15:58:54.261000Z,2026-07-23
FLW_9f1ddd7f,1ECC1,2026-07-23T22:27:45.675674Z,accepted,2026-07-25T19:47:52.864487Z,2026-07-25T19:56:06.064000Z,2026-07-27
FLW_548a4896,1ECC1,2026-07-23T22:27:45.825990Z,accepted,2026-07-24T05:25:13.470430Z,2026-07-24T05:32:59.024000Z,2026-07-24
FLW_00ec5ac0,1ECC1,2026-07-23T22:27:45.800877Z,accepted,2026-07-24T12:47:16.103413Z,2026-07-24T12:56:34.692000Z,2026-07-24
FLW_09e2699c,1ECC1,2026-07-23T15:48:04.614216Z,accepted,2026-07-23T19:17:20.014315Z,2026-07-23T19:26:22.109000Z,2026-07-23
FLW_c276c9c0,1ECC1,2026-07-23T22:27:45.248265Z,accepted,2026-07-23T22:28:28.385132Z,2026-07-23T22:33:23.643000Z,2026-07-23
FLW_c087a3ed,1ECC1,2026-07-23T22:37:41.472915Z,accepted,2026-07-24T13:48:19.614069Z,2026-07-24T13:52:32.322000Z,2026-07-24
FLW_d52ffe66,1ECC1,2026-07-23T22:37:41.625680Z,sms_delivered,,,
FLW_200b7e0c,1ECC1,2026-07-23T22:37:41.836137Z,accepted,2026-07-24T05:55:09.800519Z,2026-07-24T06:04:28.789000Z,2026-07-24
FLW_76d57199,1ECC1,2026-07-23T22:37:41.722599Z,sms_delivered,,,
FLW_ec384538,1ECC1,2026-07-23T22:37:41.768483Z,sms_delivered,,,
FLW_43ebf299,1ECC1,2026-07-23T22:37:41.497102Z,accepted,2026-07-23T22:40:43.212904Z,2026-07-24T12:10:32.990000Z,2026-07-24
FLW_c86561c3,1ECC1,2026-07-23T22:37:41.332941Z,accepted,2026-07-24T05:47:56.676456Z,2026-07-24T09:27:39.389000Z,2026-07-24
FLW_80cddf28,1ECC1,2026-07-23T22:37:41.600615Z,accepted,2026-07-24T15:39:42.436412Z,2026-07-24T15:48:51.380000Z,2026-07-24
FLW_e820f6dc,1ECC1,2026-07-23T22:37:41.789928Z,accepted,2026-07-25T10:25:48.251978Z,2026-07-25T11:15:32.226000Z,2026-07-25
FLW_2b533135,1ECC1,2026-07-23T22:37:41.573683Z,accepted,2026-07-24T01:38:33.895457Z,2026-07-24T01:48:16.399000Z,2026-07-24
FLW_f6e87987,1ECC1,2026-07-23T22:37:41.406129Z,accepted,2026-07-24T06:37:58.666111Z,2026-07-24T06:43:00.120000Z,2026-07-24
FLW_cd303d7b,1ECC1,2026-07-23T22:37:41.383544Z,accepted,2026-07-24T06:43:41.708588Z,2026-07-24T06:53:44.719000Z,2026-07-24
FLW_2adc93c8,1ECC1,2026-07-23T22:37:41.524403Z,accepted,2026-07-24T07:40:48.651483Z,2026-07-24T08:02:19.672000Z,2026-07-24
FLW_b263e2ab,1ECC1,2026-07-23T22:37:41.812328Z,accepted,2026-07-25T11:03:37.635968Z,2026-07-25T11:08:31.634000Z,2026-07-25
FLW_ab1b5a6d,1ECC1,2026-07-23T15:44:34.787091Z,accepted,2026-07-23T16:09:12.834499Z,2026-07-23T16:15:24.257000Z,2026-07-23
FLW_f40a39c5,1ECC1,2026-07-23T22:27:45.334465Z,accepted,2026-07-23T22:34:58.653135Z,2026-07-23T22:40:07.754000Z,2026-07-23
FLW_1dcc47c4,1ECC1,2026-07-23T15:44:34.407802Z,accepted,2026-07-23T16:24:40.516799Z,2026-07-23T16:32:37.203000Z,2026-07-23
FLW_00cc6cd0,1ECC1,2026-07-23T15:48:04.769443Z,sms_delivered,,,
FLW_5b17e134,1ECC1,2026-07-23T22:27:45.365133Z,accepted,,2026-07-23T23:06:19.062000Z,2026-07-24
FLW_c728f7b6,1ECC1,2026-07-23T22:27:45.118081Z,accepted,2026-07-24T09:10:02.922629Z,2026-07-24T09:17:08.762000Z,2026-07-24
FLW_20678b06,1ECC1,2026-07-23T22:27:45.013231Z,accepted,2026-07-24T06:55:06.062429Z,2026-07-24T07:07:30.803000Z,2026-07-24
FLW_1a0b2a93,1ECC1,2026-07-23T22:27:45.150890Z,accepted,2026-07-24T07:31:53.142346Z,2026-07-27T11:53:34.164000Z,2026-07-29
FLW_af56bee8,1ECC1,2026-07-23T22:27:45.393338Z,accepted,2026-07-24T14:48:16.165699Z,2026-07-24T16:11:17.496000Z,2026-07-24
FLW_85370bed,1ECC1,2026-07-23T22:27:45.046031Z,accepted,2026-07-24T16:01:24.242938Z,2026-07-24T16:04:16.734000Z,2026-07-24
FLW_e2bad3d1,1ECC1,2026-07-23T15:48:04.180707Z,accepted,2026-07-23T15:54:56.054655Z,2026-07-23T15:59:51.859000Z,2026-07-23
FLW_355c006f,1ECC1,2026-07-23T22:27:45.502317Z,accepted,2026-07-24T07:13:50.700550Z,2026-07-24T07:31:02.322000Z,2026-07-24
FLW_004310c6,1ECC1,2026-07-23T22:27:45.533228Z,accepted,2026-07-24T18:07:21.623945Z,2026-07-24T18:18:11.154000Z,2026-07-24
FLW_37e07c6a,1ECC1,2026-07-23T22:27:45.222511Z,accepted,2026-07-23T22:29:37.468755Z,2026-07-23T22:33:38.841000Z,2026-07-23
FLW_7d7e1d82,1ECC1,2026-07-23T22:27:45.561879Z,accepted,2026-07-23T22:35:48.191814Z,2026-07-23T22:41:18.355000Z,2026-07-23
FLW_2fead802,1ECC1,2026-07-23T22:27:45.473747Z,accepted,2026-07-24T09:10:45.950071Z,2026-07-24T09:15:06.128000Z,2026-07-24
FLW_2b90032b,1ECC1,2026-07-23T15:44:35.077665Z,accepted,2026-07-23T22:10:09.767394Z,2026-07-25T09:40:16.742000Z,2026-07-25
FLW_cc266b42,1ECC1,2026-07-23T22:37:41.307362Z,accepted,2026-07-26T20:00:23.593446Z,2026-07-28T10:40:30.233000Z,2026-07-28
FLW_09b3006a,1ECC1,2026-07-23T15:44:34.875080Z,accepted,2026-07-24T16:09:14.404457Z,2026-07-24T16:19:39.420000Z,2026-07-24
FLW_c52585ce,1ECC1,2026-07-23T15:48:03.965352Z,accepted,2026-07-23T15:50:37.393112Z,2026-07-23T15:57:13.026000Z,2026-07-23
FLW_62c0b19d,1ECC1,2026-07-23T22:27:45.774407Z,accepted,2026-07-24T09:04:09.421451Z,2026-07-24T09:08:29.161000Z,2026-07-24
FLW_c744b108,1ECC1,2026-07-23T15:48:04.035149Z,accepted,2026-07-23T20:07:09.479766Z,2026-07-23T20:15:20.652000Z,2026-07-23
FLW_8297ec1a,1ECC1,2026-07-23T22:27:45.421256Z,accepted,2026-07-24T03:40:35.046041Z,2026-07-24T03:50:40.351000Z,2026-07-24
FLW_63705f20,1ECC1,2026-07-23T22:37:41.428580Z,accepted,2026-07-24T00:00:48.236051Z,2026-07-24T01:15:14.846000Z,2026-07-24
FLW_70c8b0c8,1ECC1,2026-07-23T15:48:04.643187Z,accepted,2026-07-23T15:54:08.561582Z,2026-07-23T15:58:55.029000Z,2026-07-23
FLW_3e2375c2,1ECC1,2026-07-23T22:27:45.619735Z,accepted,2026-07-23T22:28:28.932637Z,2026-07-23T22:33:22.001000Z,2026-07-24
FLW_4908a005,1ECC1,2026-07-23T22:27:45.592268Z,accepted,2026-07-23T22:31:22.816718Z,2026-07-23T22:40:22.164000Z,2026-07-23
FLW_6c0d2dd5,1ECC1,2026-07-23T22:27:45.750509Z,accepted,2026-07-23T22:47:46.054113Z,2026-07-23T22:54:04.581000Z,2026-07-23
FLW_b2f267f1,1ECC1,2026-07-23T15:48:03.708885Z,accepted,2026-07-23T15:48:54.497532Z,2026-07-23T15:54:00.155000Z,2026-07-23
FLW_a7031a5e,1ECC1,2026-07-23T15:44:34.983060Z,sms_delivered,,,
FLW_9d4fe26d,1ECC1,2026-07-23T22:37:41.549934Z,accepted,2026-07-24T05:30:14.240943Z,2026-07-24T05:40:00.615000Z,2026-07-24
FLW_489a641f,1ECC1,2026-07-23T15:48:03.862516Z,accepted,2026-07-23T16:29:25.974579Z,2026-07-23T17:02:43.902000Z,2026-07-23
FLW_86ae5bc8,1ECC1,2026-07-23T15:44:34.853564Z,accepted,2026-07-23T16:20:59.471821Z,2026-07-23T16:42:10.862000Z,2026-07-23
FLW_dd709529,1ECC1,2026-07-23T22:37:41.451205Z,accepted,2026-07-24T08:26:22.974164Z,2026-07-24T08:31:21.350000Z,2026-07-24
FLW_de39902e,1ECC1,2026-07-23T15:48:04.397003Z,accepted,2026-07-27T10:43:29.701975Z,2026-07-27T10:55:21.809000Z,
FLW_873152f2,1ECC1,2026-07-23T15:44:35.055036Z,accepted,2026-07-24T14:38:58.019767Z,2026-07-24T14:48:42.850000Z,2026-07-24
FLW_d1cc70ad,1ECC1,2026-07-23T15:44:35.033632Z,accepted,2026-07-23T16:56:33.366351Z,2026-07-23T17:07:04.392000Z,2026-07-23
FLW_1da29649,1ECC1,2026-07-23T15:44:34.917715Z,accepted,2026-07-23T15:46:34.288548Z,2026-07-23T15:53:54.198000Z,2026-07-23
FLW_f39d2ace,1ECC1,2026-07-23T22:27:45.700993Z,sms_delivered,,,
FLW_92b5507d,1ECC1,2026-07-23T22:27:45.726534Z,accepted,2026-07-24T10:01:37.273586Z,,
FLW_95bf583c,1ECC1,2026-07-23T22:37:41.358889Z,accepted,2026-07-24T15:35:59.375833Z,2026-07-24T20:33:01.746000Z,2026-07-24
FLW_77122cb3,1ECC1,2026-07-23T22:37:41.652244Z,sms_delivered,,,
FLW_2cde028f,1ECC1,2026-07-23T15:48:04.466036Z,accepted,2026-07-23T19:12:43.090172Z,2026-07-23T19:49:29.565000Z,2026-07-24
FLW_2a26504b,1ECC1,2026-07-23T15:48:04.740865Z,sms_delivered,,,
FLW_dc78de20,1ECC1,2026-07-23T15:48:04.791901Z,accepted,2026-07-23T21:30:46.558674Z,2026-07-23T21:40:12.545000Z,2026-07-23
FLW_b05d9382,1ECC1,2026-07-23T22:37:41.675130Z,accepted,2026-07-24T02:04:58.057364Z,2026-07-24T02:13:50.490000Z,2026-07-24
FLW_18a574fd,1ECC1,2026-07-23T15:44:34.742234Z,accepted,2026-07-23T17:03:11.175133Z,2026-07-23T17:13:32.822000Z,2026-07-23
FLW_cce1b21f,1ECC1,2026-07-23T15:48:04.299290Z,accepted,2026-07-23T15:55:00.458937Z,2026-07-23T16:00:33.307000Z,2026-07-23
FLW_ef8f6d44,1ECC1,2026-07-23T22:37:41.279001Z,accepted,2026-07-24T14:54:08.662020Z,2026-07-24T16:55:25.571000Z,2026-07-24
FLW_3c575494,1ECC1,2026-07-23T22:27:45.648843Z,accepted,2026-07-23T22:30:37.531817Z,2026-07-23T22:36:58.661000Z,2026-07-23
FLW_41928151,1ECC1,2026-07-23T22:37:41.698943Z,accepted,2026-07-24T10:03:22.127410Z,2026-07-24T10:12:41.399000Z,2026-07-24
FLW_18c0502a,1ECC1,2026-07-23T15:44:34.896549Z,accepted,2026-07-23T16:24:29.268698Z,2026-07-23T16:35:16.865000Z,2026-07-23
FLW_efa86ab7,1ECC1,2026-07-23T15:44:34.451324Z,sms_delivered,,,
FLW_75f0384d,1ECC1,2026-07-23T15:44:34.560975Z,accepted,2026-07-24T13:45:37.058780Z,,
FLW_7ffe230d,1ECC1,2026-07-23T15:44:34.534800Z,sms_delivered,,,
FLW_6eca3d07,1ECC1,2026-07-23T15:44:34.677432Z,accepted,2026-07-23T17:30:46.042599Z,2026-07-23T17:55:12.599000Z,2026-07-23
FLW_a5149d82,1ECC1,2026-07-23T15:48:03.672763Z,accepted,2026-07-23T17:59:28.923037Z,2026-07-23T18:09:54.643000Z,2026-07-23
FLW_67e5b1be,1ECC1,2026-07-23T15:48:04.208503Z,accepted,2026-07-23T16:28:51.173163Z,2026-07-23T16:45:06.118000Z,2026-07-23
FLW_eb082221,1ECC1,2026-07-23T15:48:04.491493Z,accepted,2026-07-24T17:13:21.632890Z,2026-07-24T17:19:19.557000Z,2026-07-24
FLW_1f4a0a27,1ECC1,2026-07-23T15:48:04.153673Z,accepted,2026-07-23T16:00:00.403643Z,2026-07-23T16:39:57.604000Z,2026-07-23
FLW_43af5547,1ECC1,2026-07-23T15:48:04.536633Z,accepted,2026-07-26T14:32:06.287469Z,2026-07-26T18:30:04.714000Z,2026-07-26
FLW_b6570ec4,1ECC1,2026-07-23T15:48:04.433899Z,accepted,2026-07-23T20:16:23.338872Z,2026-07-23T20:23:48.088000Z,2026-07-23
FLW_21b3ab5a,1ECC1,2026-07-23T15:48:04.668007Z,sms_delivered,,,
FLW_fa24ca25,1ECC1,2026-07-23T15:48:03.734573Z,accepted,2026-07-23T16:38:45.759187Z,2026-07-23T16:46:54.462000Z,2026-07-23
FLW_d27879d1,1ECC1,2026-07-23T22:37:41.746385Z,sms_not_delivered,,,
FLW_5a343771,1ECC1,2026-07-23T15:44:34.656373Z,sms_delivered,,,
FLW_a7062d23,1ECC1,2026-07-23T22:27:45.446456Z,accepted,2026-07-24T15:12:45.668437Z,2026-07-27T15:13:38.777000Z,2026-07-28
FLW_2e2f9fa2,1ECC1,2026-07-23T22:27:45.086196Z,sms_delivered,,,
FLW_ca1e2956,1ECC1,2026-07-23T15:44:34.610364Z,accepted,2026-07-24T14:53:15.958599Z,2026-07-24T15:16:15.080000Z,2026-07-24
